{
  "format_version": "1.8.0",
  "minecraft:client_entity": {
    "description": {
      "identifier": "minecraft:cat",
      "materials": { "default": "cat" },
      "textures": {
        "white": "textures/entity/cat/white",
        "black": "textures/entity/cat/tuxedo",
        "red": "textures/entity/cat/redtabby",
        "siamese": "textures/entity/cat/siamesecat",
        "british": "textures/entity/cat/britishshorthair",
        "calico": "textures/entity/cat/calico",
        "persian": "textures/entity/cat/persian",
        "ragdoll": "textures/entity/cat/ragdoll",
        "tabby": "textures/entity/cat/tabby",
        "jellie": "textures/entity/cat/jellie", 
        "all_black": "textures/entity/cat/allblackcat",
        "white_tame": "textures/entity/cat/white_tame",
        "black_tame": "textures/entity/cat/tuxedo_tame",
        "red_tame": "textures/entity/cat/redtabby_tame",
        "siamese_tame": "textures/entity/cat/siamesecat_tame",
        "british_tame": "textures/entity/cat/britishshorthair_tame",
        "calico_tame": "textures/entity/cat/calico_tame",
        "persian_tame": "textures/entity/cat/persian_tame",
        "ragdoll_tame": "textures/entity/cat/ragdoll_tame",
        "tabby_tame": "textures/entity/cat/tabby_tame",
        "all_black_tame": "textures/entity/cat/allblackcat_tame",
        "jellie_tame":  "textures/entity/cat/jellie_tame"
      },
      "geometry": { "default": "geometry.cat" },
      "scripts": {
        "pre_animation": [
          "variable.tcos0 = (Math.cos(query.modified_distance_moved * 38.17) * query.modified_move_speed / variable.gliding_speed_value) * 57.3;",
          "variable.eye_target_x = query.target_y_rotation - this;",
          "variable.eye_target_y = query.target_x_rotation - this;"
        ]
      },
      "animations": {
        "base": "animation.cat.base",
        "base_face": "animation.cat.base_face",
        "death_face": "animation.cat.death_face",
        "tail_wagging": "animation.cat.tail_wagging",
        "ear_wagging": "animation.cat.ear_wagging",
        "walking": "animation.cat.walking",
        "tail_wagging_walk": "animation.cat.tail_wagging_walk",
        "sitting": "animation.cat.sitting",
        "tail_wagging_sit": "animation.cat.tail_wagging_sit",
        "looking": "animation.cat.looking",
        "sneaking": "animation.cat.sneaking",
        "tail_wagging_sneak": "animation.cat.tail_wagging_sneak",
        "laying_down": "animation.cat.laying_down",
        "sprinting": "animation.cat.sprinting",
        "swimming": "animation.cat.swimming",
        "swimming_legs": "animation.cat.swimming_legs",
        "tail_wagging_swim": "animation.cat.tail_wagging_swim",
        "baby": "animation.cat.baby",
        "hurt": "animation.cat.hurt"
      },
      "animation_controllers": [
        { "general": "controller.animation.cat.general" },
        { "facial": "controller.animation.cat.facial" },
        { "look_target": "controller.animation.cat.look_target" },
        { "baby_cat": "controller.animation.cat.baby_cat" },
        { "damage": "controller.animation.cat.damage" }
      ],
      "render_controllers": [ "controller.render.cat" ],
      "spawn_egg": {
        "texture": "spawn_egg",
        "texture_index": 53
      }
    }
  }
}