{
  "format_version": "1.10.0",
  "minecraft:client_entity": {
    "description": {
      "identifier": "minecraft:evocation_illager",
      "min_engine_version": "1.8.0",
      "materials": {
        "default": "evoker"
      },
      "textures": {
        "default": "textures/entity/illager/evoker"
      },
      "geometry": {
        "default": "geometry.evoker.v1.8"
      },
      "scripts": {
        "pre_animation": [
                  "variable.eye_target_x = query.target_y_rotation - this;",
                  "variable.eye_target_y = query.target_x_rotation - this;"
        ],
        "scale": "0.9375",
        "animate": [
          "common",
          "facial",
          "look_target",
          "damage"
        ]
      },
      "animations": {
        "base": "animation.evoker.base",
        "base_face": "animation.evoker.base_face",
        "walking": "animation.evoker.walking",
        "casting_face": "animation.evoker.casting_face",
        "casting_spell": "animation.evoker.casting_spell",
        "swimming": "animation.evoker.swimming",
        "swimming_casting": "animation.evoker.swimming_casting",
        "riding": "animation.evoker.riding",
        "riding_casting": "animation.evoker.riding_casting",
        "casting_hands": "animation.evoker.casting_hands",
        "celebrating": "animation.humanoid.celebrating",
        "hurt": "animation.evoker.hurt",
        "hurt2": "animation.evoker.hurt2",
        "death_face": "animation.evoker.death_face",
        "looking": "animation.evoker.looking",
        "common": "controller.animation.evoker.common",
        "facial": "controller.animation.evoker.facial",
        "look_target": "controller.animation.evoker.look_target",
        "damage": "controller.animation.evoker.damage"
      },
      "particle_effects": {
        "spell": "minecraft:evoker_spell"
      },
      "render_controllers": [ "controller.render.evoker" ],
      "spawn_egg": {
        "texture": "spawn_egg",
        "texture_index": 40
      }
    }
  }
}
