{
  "format_version": "1.8.0",
  "minecraft:client_entity": {
    "description": {
      "identifier": "minecraft:husk",
      "min_engine_version": "1.8.0",
      "materials": { "default": "husk" },
      "textures": { "default": "textures/entity/zombie/husk" },
      "geometry": { "default": "geometry.zombie.husk.v1.8" },
      "scripts": {
        "pre_animation": [
          "variable.tcos0 = (Math.cos(query.modified_distance_moved * 38.17) * query.modified_move_speed / variable.gliding_speed_value) * 57.3;",
          "variable.eye_target_x = query.target_y_rotation - this;",
          "variable.eye_target_y = query.target_x_rotation - this;"
        ]
      },
      "animations": {
        "base": "animation.zombie.husk.v1.8.base",
        "base_face": "animation.zombie.husk.v1.8.base_face",
        "death_face": "animation.zombie.husk.v1.8.death_face",
        "walking": "animation.zombie.husk.v1.8.walking",
        "attack_time": "animation.zombie.husk.v1.8.attack_time",
        "attack_walk": "animation.zombie.husk.v1.8.attack_walk",
        "riding_leg": "animation.zombie.husk.v1.8.riding_leg",
        "riding_arms": "animation.zombie.husk.v1.8.riding_arms",
        "riding_has_target": "animation.zombie.husk.v1.8.riding_has_target",
        "baby": "animation.zombie.husk.v1.8.baby",
        "hurt": "animation.zombie.husk.v1.8.hurt",
        "hurt2": "animation.zombie.husk.v1.8.hurt2",
        "looking": "animation.zombie.husk.v1.8.looking"
      },
      "animation_controllers": [
        { "general": "controller.animation.zombie.husk.v1.8.general" },
        { "facial": "controller.animation.zombie.husk.v1.8.facial" },
        { "baby_husk": "controller.animation.zombie.husk.v1.8.baby_husk" },
        { "damage": "controller.animation.zombie.husk.v1.8.damage" },
        { "look_target": "controller.animation.zombie.husk.v1.8.look_target" }
      ],
      "render_controllers": [ "controller.render.husk" ],
      "enable_attachables": true,
      "spawn_egg": {
        "texture": "spawn_egg",
        "texture_index": 28
      }
    }
  }
}