{
  "format_version": "1.8.0",
  "minecraft:client_entity": {
    "description": {
      "identifier": "minecraft:skeleton",
      "min_engine_version": "1.8.0",
      "materials": {
        "default": "skeleton"
      },
      "textures": {
        "default": "textures/entity/skeleton/skeleton"
      },
      "geometry": {
        "default": "geometry.skeleton.v1.8"
      },
      "spawn_egg": {
        "texture": "spawn_egg",
        "texture_index": 9
      },
      "scripts": {
        "pre_animation": [
          "variable.tcos0 = (Math.cos(query.modified_distance_moved * 38.17) * query.modified_move_speed / variable.gliding_speed_value) * 57.3;"
        ]
      },
      "animations": {
        "base": "animation.skeleton.v1.8.base",
        "walking": "animation.skeleton.v1.8.walking",
        "hold_bow": "animation.skeleton.v1.8.hold_bow",
        "hold_stand": "animation.skeleton.v1.8.hold_stand",
        "hold_walk": "animation.skeleton.v1.8.hold_walk",
        "riding": "animation.skeleton.v1.8.riding",
        "riding_attack": "animation.skeleton.v1.8.riding_attack",
        "hurt": "animation.skeleton.v1.8.hurt",
        "hurt2": "animation.skeleton.v1.8.hurt2",
        "looking": "animation.skeleton.v1.8.looking"
      },
      "animation_controllers": [
        { "general": "controller.animation.skeleton.v1.8.general" },
        { "damage": "controller.animation.skeleton.v1.8.damage" },
        { "attack": "controller.animation.skeleton.v1.8.attack" },
        { "look_target": "controller.animation.skeleton.v1.8.look_target" }
      ],
      "render_controllers": [ "controller.render.skeleton" ],
      "enable_attachables": true
    }
  }
}
