{
  "format_version": "1.8.0",
  "minecraft:client_entity": {
    "description": {
      "identifier": "minecraft:spider",
      "min_engine_version": "1.8.0",
      "materials": {
        "default": "spider",
        "invisible": "spider_invisible"
      },
      "textures": {
        "default": "textures/entity/spider/spider"
      },
      "geometry": {
        "default": "geometry.spider"
      },
      "animations": {
        "base": "animation.spider.v1.8.base",
        "walking": "animation.spider.v1.8.walking",
        "walking_legs": "animation.spider.v1.8.walking_legs",
        "fangs_walk": "animation.spider.v1.8.fangs_walk",
        "looking": "animation.spider.v1.8.looking",
        "attack_time": "animation.spider.v1.8.attack_time",
        "attack_walk": "animation.spider.v1.8.attack_walk",
        "swimming": "animation.spider.v1.8.swimming",
        "hurt": "animation.spider.v1.8.hurt"
      },
      "animation_controllers": [
        { "general": "controller.animation.spider.v1.8.general" },
        { "look_target": "controller.animation.spider.v1.8.look_target" },
        { "damage": "controller.animation.spider.v1.8.damage" }
      ],
      "render_controllers": [ "controller.render.spider" ],
      "spawn_egg": {
        "texture": "spawn_egg",
        "texture_index": 11
      }
    }
  }
}