{
  "format_version": "1.8.0",
  "minecraft:client_entity": {
    "description": {
      "identifier": "minecraft:villager_v2",
      "materials": {
        "default": "villager_v2",
        "masked": "villager_v2_masked"
      },
      "textures": {
        // Base Textures - Vanilla Minecraft only has one such texture, rename these for resource packs desiring variety
        "base": "textures/entity/villager2/villager",
        "base2": "textures/entity/villager2/villager",
        "base3": "textures/entity/villager2/villager",
        "base4": "textures/entity/villager2/villager",
        "base5": "textures/entity/villager2/villager",
        "base6": "textures/entity/villager2/villager",

        // Biome Layer
        "desert": "textures/entity/villager2/biomes/biome_desert",
        "jungle": "textures/entity/villager2/biomes/biome_jungle",
        "plains": "textures/entity/villager2/biomes/biome_plains",
        "savanna": "textures/entity/villager2/biomes/biome_savanna",
        "snow": "textures/entity/villager2/biomes/biome_snow",
        "swamp": "textures/entity/villager2/biomes/biome_swamp",
        "taiga": "textures/entity/villager2/biomes/biome_taiga",

        // Profession Layer
        "armorer": "textures/entity/villager2/professions/armorer",
        "butcher": "textures/entity/villager2/professions/butcher",
        "cartographer": "textures/entity/villager2/professions/cartographer",
        "cleric": "textures/entity/villager2/professions/cleric",
        "farmer": "textures/entity/villager2/professions/farmer",
        "fisherman": "textures/entity/villager2/professions/fisherman",
        "fletcher": "textures/entity/villager2/professions/fletcher",
        "leatherworker": "textures/entity/villager2/professions/leatherworker",
        "librarian": "textures/entity/villager2/professions/librarian",
        "shepherd": "textures/entity/villager2/professions/shepherd",
        "tool_smith": "textures/entity/villager2/professions/toolsmith",
        "weapon_smith": "textures/entity/villager2/professions/weaponsmith",
        "stonemason": "textures/entity/villager2/professions/stonemason",
        "nitwit": "textures/entity/villager2/professions/nitwit",
        "unskilled": "textures/entity/villager2/professions/unskilled",

        // Levels Layer
        "level_stone": "textures/entity/villager2/levels/level_stone",
        "level_iron": "textures/entity/villager2/levels/level_iron",
        "level_gold": "textures/entity/villager2/levels/level_gold",
        "level_emerald": "textures/entity/villager2/levels/level_emerald",
        "level_diamond": "textures/entity/villager2/levels/level_diamond"
      },
      "geometry": {
        "default": "geometry.villager_v2"
      },
      "scripts": {
        "scale": "0.9375",
        "pre_animation": [
          "variable.num_professions = 15;",
          "variable.num_tiers = 3;",
          "variable.profession_index = (query.variant < variable.num_professions ? query.variant : 0);",
          "variable.level_index = query.trade_tier;",
          "variable.eye_target_x = query.target_y_rotation - this;",
          "variable.eye_target_y = query.target_x_rotation - this;"
        ]
      },
      "animations": {
        "base": "animation.villager.base",
        "walking": "animation.villager.walking",
        "base_face": "animation.villager.base_face",
        "running": "animation.villager.running",
        "avoid_face": "animation.villager.avoid_face",
        "sleep_face": "animation.villager.sleep_face",
        "sleep_bed": "animation.villager.sleep_bed",
        "riding": "animation.villager.riding",
        "death_face": "animation.villager.death_face",
        "swimming": "animation.villager.swimming",
        "hurt": "animation.villager.hurt",
        "hurt2": "animation.villager.hurt2",
        "baby": "animation.villager.baby",
        "looking": "animation.villager.looking"
      },
      "animation_controllers": [
        { "common": "controller.animation.villager_v2.common" },
        { "facial": "controller.animation.villager_v2.facial" },
        { "look_target": "controller.animation.villager_v2.look_target" },
        { "damage": "controller.animation.villager_v2.damage" },
        { "baby_villager": "controller.animation.villager_v2.baby_villager" }
      ],
      "render_controllers": [
        "controller.render.villager_v2_base",
        "controller.render.villager_v2_masked",
        "controller.render.villager_v2_level"
      ],
      "spawn_egg": {
        "texture": "spawn_egg",
        "texture_index": 14
      }
    }
  }
}