{
	"format_version": "1.12.0",
	"minecraft:geometry": [
		{
			"description": {
				"identifier": "geometry.cow",
				"texture_width": 64,
				"texture_height": 32,
				"visible_bounds_width": 3,
				"visible_bounds_height": 3.125,
				"visible_bounds_offset": [0, 1.4375, 0]
			},
			"bones": [
				{
					"name": "Root",
					"pivot": [-4, 12, 1]
				},
				{
					"name": "upper_body",
					"parent": "Root",
					"pivot": [0, 12, 1]
				},
				{
					"name": "body",
					"parent": "upper_body",
					"pivot": [0, 12, 1],
					"rotation": [90, 0, 0],
					"cubes": [
						{
							"origin": [-6, 3, 1],
							"size": [12, 18, 10],
							"uv": {
								"north": {"uv": [28, 14], "uv_size": [12, 18]},
								"east": {"uv": [18, 14], "uv_size": [10, 18]},
								"south": {"uv": [50, 14], "uv_size": [12, 18]},
								"west": {"uv": [40, 14], "uv_size": [10, 18]},
								"up": {"uv": [28, 4], "uv_size": [12, 10]},
								"down": {"uv": [40, 14], "uv_size": [12, -10]}
							}
						},
						{
							"origin": [-2, 3, 0],
							"size": [4, 6, 1],
							"uv": {
								"north": {"uv": [53, 1], "uv_size": [4, 6]},
								"east": {"uv": [52, 1], "uv_size": [1, 6]},
								"south": {"uv": [58, 1], "uv_size": [4, 6]},
								"west": {"uv": [57, 1], "uv_size": [1, 6]},
								"up": {"uv": [53, 0], "uv_size": [4, 1]},
								"down": {"uv": [57, 1], "uv_size": [4, -1]}
							}
						}
					]
				},
				{
					"name": "head",
					"parent": "upper_body",
					"pivot": [0, 20, -8],
					"cubes": [
						{
							"origin": [-4, 16, -14],
							"size": [8, 8, 6],
							"uv": {
								"north": {"uv": [6, 6], "uv_size": [8, 8]},
								"east": {"uv": [0, 6], "uv_size": [6, 8]},
								"south": {"uv": [20, 6], "uv_size": [8, 8]},
								"west": {"uv": [14, 6], "uv_size": [6, 8]},
								"up": {"uv": [6, 0], "uv_size": [8, 6]},
								"down": {"uv": [14, 6], "uv_size": [8, -6]}
							}
						},
						{
							"origin": [-5, 22, -12],
							"size": [1, 3, 1],
							"uv": {
								"north": {"uv": [23, 1], "uv_size": [1, 3]},
								"east": {"uv": [22, 1], "uv_size": [1, 3]},
								"south": {"uv": [25, 1], "uv_size": [1, 3]},
								"west": {"uv": [24, 1], "uv_size": [1, 3]},
								"up": {"uv": [23, 0], "uv_size": [1, 1]},
								"down": {"uv": [24, 1], "uv_size": [1, -1]}
							}
						},
						{
							"origin": [4, 22, -12],
							"size": [1, 3, 1],
							"uv": {
								"north": {"uv": [23, 1], "uv_size": [1, 3]},
								"east": {"uv": [22, 1], "uv_size": [1, 3]},
								"south": {"uv": [25, 1], "uv_size": [1, 3]},
								"west": {"uv": [24, 1], "uv_size": [1, 3]},
								"up": {"uv": [23, 0], "uv_size": [1, 1]},
								"down": {"uv": [24, 1], "uv_size": [1, -1]}
							}
						}
					],
					"locators": {
						"lead": [0, 20, -8]
					}
				},
				{
					"name": "eye",
					"parent": "head",
					"pivot": [0.9, 8, 0]
				},
				{
					"name": "eye_right",
					"parent": "eye",
					"pivot": [-0.1, 8, -0.1]
				},
				{
					"name": "eye_r",
					"parent": "eye_right",
					"pivot": [-3, 20, -14.1],
					"cubes": [
						{
							"origin": [-4, 20, -14.0166],
							"size": [2, 1, 0.02],
							"uv": {
								"north": {"uv": [1, 0.5], "uv_size": [2, 1]},
								"east": {"uv": [2, 0.5], "uv_size": [0.4, 1]},
								"south": {"uv": [1, 0.5], "uv_size": [2, 1]},
								"west": {"uv": [2, 0.5], "uv_size": [0.4, 1]},
								"up": {"uv": [3, 0.9], "uv_size": [-2, -0.4]},
								"down": {"uv": [3, 0.9], "uv_size": [-2, -0.4]}
							}
						}
					]
				},
				{
					"name": "eye_left",
					"parent": "eye",
					"pivot": [0.1, 8, -0.1]
				},
				{
					"name": "eye_l",
					"parent": "eye_left",
					"pivot": [3, 20, -14.1],
					"cubes": [
						{
							"origin": [2, 20, -14.0166],
							"size": [2, 1, 0.02],
							"uv": {
								"north": {"uv": [3, 0.5], "uv_size": [-2, 1]},
								"east": {"uv": [2.4, 0.5], "uv_size": [-0.4, 1]},
								"south": {"uv": [3, 0.5], "uv_size": [-2, 1]},
								"west": {"uv": [2.4, 0.5], "uv_size": [-0.4, 1]},
								"up": {"uv": [1, 0.9], "uv_size": [2, -0.4]},
								"down": {"uv": [1, 0.9], "uv_size": [2, -0.4]}
							}
						}
					]
				},
				{
					"name": "eyelids",
					"parent": "head",
					"pivot": [1, 8, 0]
				},
				{
					"name": "eyelid_right",
					"parent": "eyelids",
					"pivot": [-2.9, 22, -14.4],
					"cubes": [
						{
							"origin": [-4.0011, 21, -14.0466],
							"size": [2.001, 1.01, 0.04],
							"uv": {
								"north": {"uv": [1, 4.5], "uv_size": [2, 1]},
								"east": {"uv": [1, 4.5], "uv_size": [0.4, 1]},
								"south": {"uv": [1, 4.5], "uv_size": [2, 1]},
								"west": {"uv": [2, 4.5], "uv_size": [0.4, 1]},
								"up": {"uv": [3, 5.4], "uv_size": [-2, -0.4]},
								"down": {"uv": [3, 5.4], "uv_size": [-2, -0.4]}
							}
						}
					]
				},
				{
					"name": "eyelid_left",
					"parent": "eyelids",
					"pivot": [2.9, 22, -14.4],
					"cubes": [
						{
							"origin": [2.0001, 21, -14.0466],
							"size": [2.001, 1.01, 0.04],
							"uv": {
								"north": {"uv": [3, 4.5], "uv_size": [-2, 1]},
								"east": {"uv": [2.4, 4.5], "uv_size": [-0.4, 1]},
								"south": {"uv": [3, 4.5], "uv_size": [-2, 1]},
								"west": {"uv": [1.4, 4.5], "uv_size": [-0.4, 1]},
								"up": {"uv": [1, 5.4], "uv_size": [2, -0.4]},
								"down": {"uv": [1, 5.4], "uv_size": [2, -0.4]}
							}
						}
					]
				},
				{
					"name": "eyeballs",
					"parent": "head",
					"pivot": [0.9, 8, 0]
				},
				{
					"name": "eyeball_right",
					"parent": "eyeballs",
					"pivot": [-3.5, 20.5, -14],
					"cubes": [
						{
							"origin": [-4, 20, -14.0336],
							"size": [1, 1, 0.02],
							"uv": {
								"north": {"uv": [1, 2], "uv_size": [1.1, 1]},
								"east": {"uv": [1, 2], "uv_size": [0.05, 1]},
								"south": {"uv": [1, 2], "uv_size": [1.1, 1]},
								"west": {"uv": [2, 2], "uv_size": [0.05, 1]},
								"up": {"uv": [2.1, 3.05], "uv_size": [-1.1, -0.05]},
								"down": {"uv": [2.1, 2.05], "uv_size": [-1.1, -0.05]}
							}
						}
					]
				},
				{
					"name": "eyeball_left",
					"parent": "eyeballs",
					"pivot": [3.5, 20.5, -14],
					"cubes": [
						{
							"origin": [3, 20, -14.0336],
							"size": [1, 1, 0.02],
							"uv": {
								"north": {"uv": [2.1, 2], "uv_size": [-1.1, 1]},
								"east": {"uv": [2.05, 2], "uv_size": [-0.05, 1]},
								"south": {"uv": [2.1, 2], "uv_size": [-1.1, 1]},
								"west": {"uv": [1.05, 2], "uv_size": [-0.05, 1]},
								"up": {"uv": [1, 3.05], "uv_size": [1.1, -0.05]},
								"down": {"uv": [1, 2.05], "uv_size": [1.1, -0.05]}
							}
						}
					]
				},
				{
					"name": "lower_body",
					"parent": "Root",
					"pivot": [0, 0, 0]
				},
				{
					"name": "leg0",
					"parent": "lower_body",
					"pivot": [-4, 12, 7],
					"cubes": [
						{
							"origin": [-6, 0, 5],
							"size": [4, 12, 4],
							"uv": {
								"north": {"uv": [4, 20], "uv_size": [4, 12]},
								"east": {"uv": [0, 20], "uv_size": [4, 12]},
								"south": {"uv": [12, 20], "uv_size": [4, 12]},
								"west": {"uv": [8, 20], "uv_size": [4, 12]},
								"up": {"uv": [4, 16], "uv_size": [4, 4]},
								"down": {"uv": [8, 20], "uv_size": [4, -4]}
							}
						}
					]
				},
				{
					"name": "leg1",
					"parent": "lower_body",
					"pivot": [4, 12, 7],
					"cubes": [
						{
							"origin": [2, 0, 5],
							"size": [4, 12, 4],
							"uv": {
								"north": {"uv": [8, 20], "uv_size": [-4, 12]},
								"east": {"uv": [12, 20], "uv_size": [-4, 12]},
								"south": {"uv": [16, 20], "uv_size": [-4, 12]},
								"west": {"uv": [4, 20], "uv_size": [-4, 12]},
								"up": {"uv": [8, 16], "uv_size": [-4, 4]},
								"down": {"uv": [12, 20], "uv_size": [-4, -4]}
							}
						}
					]
				},
				{
					"name": "leg2",
					"parent": "lower_body",
					"pivot": [-4, 12, -6],
					"cubes": [
						{
							"origin": [-6, 0, -7],
							"size": [4, 12, 4],
							"uv": {
								"north": {"uv": [4, 20], "uv_size": [4, 12]},
								"east": {"uv": [0, 20], "uv_size": [4, 12]},
								"south": {"uv": [12, 20], "uv_size": [4, 12]},
								"west": {"uv": [8, 20], "uv_size": [4, 12]},
								"up": {"uv": [4, 16], "uv_size": [4, 4]},
								"down": {"uv": [8, 20], "uv_size": [4, -4]}
							}
						}
					]
				},
				{
					"name": "leg3",
					"parent": "lower_body",
					"pivot": [4, 12, -6],
					"cubes": [
						{
							"origin": [2, 0, -7],
							"size": [4, 12, 4],
							"uv": {
								"north": {"uv": [8, 20], "uv_size": [-4, 12]},
								"east": {"uv": [12, 20], "uv_size": [-4, 12]},
								"south": {"uv": [16, 20], "uv_size": [-4, 12]},
								"west": {"uv": [4, 20], "uv_size": [-4, 12]},
								"up": {"uv": [8, 16], "uv_size": [-4, 4]},
								"down": {"uv": [12, 20], "uv_size": [-4, -4]}
							}
						}
					]
				}
			]
		}
	]
}