{
	"format_version": "1.12.0",
	"minecraft:geometry": [
		{
			"description": {
				"identifier": "geometry.creeper.v1.8",
				"texture_width": 64,
				"texture_height": 32,
				"visible_bounds_width": 2,
				"visible_bounds_height": 3.25,
				"visible_bounds_offset": [0, 1.375, 0]
			},
			"bones": [
				{
					"name": "Root",
					"pivot": [0, 0, 0]
				},
				{
					"name": "upper_body",
					"parent": "Root",
					"pivot": [0, 6, 0]
				},
				{
					"name": "body",
					"parent": "upper_body",
					"pivot": [0, 0, 0],
					"cubes": [
						{
							"origin": [-4, 6, -2],
							"size": [8, 12, 4],
							"uv": {
								"north": {"uv": [20, 20], "uv_size": [8, 12]},
								"east": {"uv": [16, 20], "uv_size": [4, 12]},
								"south": {"uv": [32, 20], "uv_size": [8, 12]},
								"west": {"uv": [28, 20], "uv_size": [4, 12]},
								"up": {"uv": [20, 16], "uv_size": [8, 4]},
								"down": {"uv": [28, 20], "uv_size": [8, -4]}
							}
						}
					]
				},
				{
					"name": "head",
					"parent": "upper_body",
					"pivot": [0, 18, 0],
					"cubes": [
						{
							"origin": [-4, 18, -4],
							"size": [8, 8, 8],
							"uv": {
								"north": {"uv": [8, 8], "uv_size": [8, 8]},
								"east": {"uv": [0, 8], "uv_size": [8, 8]},
								"south": {"uv": [24, 8], "uv_size": [8, 8]},
								"west": {"uv": [16, 8], "uv_size": [8, 8]},
								"up": {"uv": [8, 0], "uv_size": [8, 8]},
								"down": {"uv": [16, 8], "uv_size": [8, -8]}
							}
						}
					]
				},
				{
					"name": "eyelids",
					"parent": "head",
					"pivot": [0, 0, 0.1]
				},
				{
					"name": "eyelid_right",
					"parent": "eyelids",
					"pivot": [-2, 24, -4.02],
					"cubes": [
						{
							"origin": [-3, 22, -3.92],
							"size": [2, 2, 0.02],
							"uv": {
								"north": {"uv": [17, 24], "uv_size": [1, 1]},
								"east": {"uv": [17, 24], "uv_size": [1.02, 1]},
								"south": {"uv": [17, 24], "uv_size": [1, 1]},
								"west": {"uv": [17, 24], "uv_size": [1.02, 1]},
								"up": {"uv": [18, 25.02], "uv_size": [-1, -1.02]},
								"down": {"uv": [18, 25.02], "uv_size": [-1, -1.02]}
							}
						}
					]
				},
				{
					"name": "eyelid_left",
					"parent": "eyelids",
					"pivot": [2, 24, -3.9],
					"cubes": [
						{
							"origin": [1, 22, -3.92],
							"size": [2, 2, 0.02],
							"uv": {
								"north": {"uv": [18, 24], "uv_size": [-1, 1]},
								"east": {"uv": [18.02, 24], "uv_size": [-1.02, 1]},
								"south": {"uv": [18, 24], "uv_size": [-1, 1]},
								"west": {"uv": [18.02, 24], "uv_size": [-1.02, 1]},
								"up": {"uv": [17, 25.02], "uv_size": [1, -1.02]},
								"down": {"uv": [17, 25.02], "uv_size": [1, -1.02]}
							}
						}
					]
				},
				{
					"name": "lower_body",
					"parent": "Root",
					"pivot": [0, 0, 0]
				},
				{
					"name": "leg0",
					"parent": "lower_body",
					"pivot": [-2, 6, 4],
					"cubes": [
						{
							"origin": [-4, 0, 2],
							"size": [4, 6, 4],
							"uv": {
								"north": {"uv": [4, 20], "uv_size": [4, 6]},
								"east": {"uv": [0, 20], "uv_size": [4, 6]},
								"south": {"uv": [12, 20], "uv_size": [4, 6]},
								"west": {"uv": [8, 20], "uv_size": [4, 6]},
								"up": {"uv": [4, 16], "uv_size": [4, 4]},
								"down": {"uv": [8, 20], "uv_size": [4, -4]}
							}
						}
					]
				},
				{
					"name": "leg1",
					"parent": "lower_body",
					"pivot": [2, 6, 4],
					"cubes": [
						{
							"origin": [0, 0, 2],
							"size": [4, 6, 4],
							"uv": {
								"north": {"uv": [4, 20], "uv_size": [4, 6]},
								"east": {"uv": [0, 20], "uv_size": [4, 6]},
								"south": {"uv": [12, 20], "uv_size": [4, 6]},
								"west": {"uv": [8, 20], "uv_size": [4, 6]},
								"up": {"uv": [4, 16], "uv_size": [4, 4]},
								"down": {"uv": [8, 20], "uv_size": [4, -4]}
							}
						}
					]
				},
				{
					"name": "leg2",
					"parent": "lower_body",
					"pivot": [-2, 6, -4],
					"cubes": [
						{
							"origin": [-4, 0, -6],
							"size": [4, 6, 4],
							"uv": {
								"north": {"uv": [4, 20], "uv_size": [4, 6]},
								"east": {"uv": [0, 20], "uv_size": [4, 6]},
								"south": {"uv": [12, 20], "uv_size": [4, 6]},
								"west": {"uv": [8, 20], "uv_size": [4, 6]},
								"up": {"uv": [4, 16], "uv_size": [4, 4]},
								"down": {"uv": [8, 20], "uv_size": [4, -4]}
							}
						}
					]
				},
				{
					"name": "leg3",
					"parent": "lower_body",
					"pivot": [2, 6, -4],
					"cubes": [
						{
							"origin": [0, 0, -6],
							"size": [4, 6, 4],
							"uv": {
								"north": {"uv": [4, 20], "uv_size": [4, 6]},
								"east": {"uv": [0, 20], "uv_size": [4, 6]},
								"south": {"uv": [12, 20], "uv_size": [4, 6]},
								"west": {"uv": [8, 20], "uv_size": [4, 6]},
								"up": {"uv": [4, 16], "uv_size": [4, 4]},
								"down": {"uv": [8, 20], "uv_size": [4, -4]}
							}
						}
					]
				}
			]
		},
                {
			"description": {
				"identifier": "geometry.creeper.charged.v1.8",
				"texture_width": 64,
				"texture_height": 32,
				"visible_bounds_width": 2,
				"visible_bounds_height": 3.25,
				"visible_bounds_offset": [0, 1.375, 0]
			},
			"bones": [
				{
					"name": "Root",
					"pivot": [0, 0, 0]
				},
				{
					"name": "upper_body",
					"parent": "Root",
					"pivot": [0, 6, 0]
				},
				{
					"name": "body",
					"parent": "upper_body",
					"pivot": [0, 0, 0],
					"cubes": [
						{
							"origin": [-4, 6, -2],
							"size": [8, 12, 4],
							"uv": {
								"north": {"uv": [20, 20], "uv_size": [8, 12]},
								"east": {"uv": [16, 20], "uv_size": [4, 12]},
								"south": {"uv": [32, 20], "uv_size": [8, 12]},
								"west": {"uv": [28, 20], "uv_size": [4, 12]},
								"up": {"uv": [20, 16], "uv_size": [8, 4]},
								"down": {"uv": [28, 20], "uv_size": [8, -4]}
							}
						}
					],
                                        "inflate": 2.0
				},
				{
					"name": "head",
					"parent": "upper_body",
					"pivot": [0, 18, 0],
					"cubes": [
						{
							"origin": [-4, 18, -4],
							"size": [8, 8, 8],
							"uv": {
								"north": {"uv": [8, 8], "uv_size": [8, 8]},
								"east": {"uv": [0, 8], "uv_size": [8, 8]},
								"south": {"uv": [24, 8], "uv_size": [8, 8]},
								"west": {"uv": [16, 8], "uv_size": [8, 8]},
								"up": {"uv": [8, 0], "uv_size": [8, 8]},
								"down": {"uv": [16, 8], "uv_size": [8, -8]}
							}
						}
					],
                                        "inflate": 2.0
				},
				{
					"name": "eyelids",
					"parent": "head",
					"pivot": [0, 0, 0.1]
				},
				{
					"name": "eyelid_right",
					"parent": "eyelids",
					"pivot": [-2, 24, -4.02],
					"cubes": [
						{
							"origin": [-3, 22, -3.92],
							"size": [2, 2, 0.02],
							"uv": {
								"north": {"uv": [17, 24], "uv_size": [1, 1]},
								"east": {"uv": [17, 24], "uv_size": [1.02, 1]},
								"south": {"uv": [17, 24], "uv_size": [1, 1]},
								"west": {"uv": [17, 24], "uv_size": [1.02, 1]},
								"up": {"uv": [18, 25.02], "uv_size": [-1, -1.02]},
								"down": {"uv": [18, 25.02], "uv_size": [-1, -1.02]}
							}
						}
					],
                                        "inflate": 2.0
				},
				{
					"name": "eyelid_left",
					"parent": "eyelids",
					"pivot": [2, 24, -3.9],
					"cubes": [
						{
							"origin": [1, 22, -3.92],
							"size": [2, 2, 0.02],
							"uv": {
								"north": {"uv": [18, 24], "uv_size": [-1, 1]},
								"east": {"uv": [18.02, 24], "uv_size": [-1.02, 1]},
								"south": {"uv": [18, 24], "uv_size": [-1, 1]},
								"west": {"uv": [18.02, 24], "uv_size": [-1.02, 1]},
								"up": {"uv": [17, 25.02], "uv_size": [1, -1.02]},
								"down": {"uv": [17, 25.02], "uv_size": [1, -1.02]}
							}
						}
					],
                                        "inflate": 2.0
				},
				{
					"name": "lower_body",
					"parent": "Root",
					"pivot": [0, 0, 0]
				},
				{
					"name": "leg0",
					"parent": "lower_body",
					"pivot": [-2, 6, 4],
					"cubes": [
						{
							"origin": [-4, 0, 2],
							"size": [4, 6, 4],
							"uv": {
								"north": {"uv": [4, 20], "uv_size": [4, 6]},
								"east": {"uv": [0, 20], "uv_size": [4, 6]},
								"south": {"uv": [12, 20], "uv_size": [4, 6]},
								"west": {"uv": [8, 20], "uv_size": [4, 6]},
								"up": {"uv": [4, 16], "uv_size": [4, 4]},
								"down": {"uv": [8, 20], "uv_size": [4, -4]}
							}
						}
					],
                                        "inflate": 2.0
				},
				{
					"name": "leg1",
					"parent": "lower_body",
					"pivot": [2, 6, 4],
					"cubes": [
						{
							"origin": [0, 0, 2],
							"size": [4, 6, 4],
							"uv": {
								"north": {"uv": [4, 20], "uv_size": [4, 6]},
								"east": {"uv": [0, 20], "uv_size": [4, 6]},
								"south": {"uv": [12, 20], "uv_size": [4, 6]},
								"west": {"uv": [8, 20], "uv_size": [4, 6]},
								"up": {"uv": [4, 16], "uv_size": [4, 4]},
								"down": {"uv": [8, 20], "uv_size": [4, -4]}
							}
						}
					],
                                        "inflate": 2.0
				},
				{
					"name": "leg2",
					"parent": "lower_body",
					"pivot": [-2, 6, -4],
					"cubes": [
						{
							"origin": [-4, 0, -6],
							"size": [4, 6, 4],
							"uv": {
								"north": {"uv": [4, 20], "uv_size": [4, 6]},
								"east": {"uv": [0, 20], "uv_size": [4, 6]},
								"south": {"uv": [12, 20], "uv_size": [4, 6]},
								"west": {"uv": [8, 20], "uv_size": [4, 6]},
								"up": {"uv": [4, 16], "uv_size": [4, 4]},
								"down": {"uv": [8, 20], "uv_size": [4, -4]}
							}
						}
					],
                                        "inflate": 2.0
				},
				{
					"name": "leg3",
					"parent": "lower_body",
					"pivot": [2, 6, -4],
					"cubes": [
						{
							"origin": [0, 0, -6],
							"size": [4, 6, 4],
							"uv": {
								"north": {"uv": [4, 20], "uv_size": [4, 6]},
								"east": {"uv": [0, 20], "uv_size": [4, 6]},
								"south": {"uv": [12, 20], "uv_size": [4, 6]},
								"west": {"uv": [8, 20], "uv_size": [4, 6]},
								"up": {"uv": [4, 16], "uv_size": [4, 4]},
								"down": {"uv": [8, 20], "uv_size": [4, -4]}
							}
						}
					],
                                        "inflate": 2.0
				}
			]
		}
	]
}