{
	"format_version": "1.12.0",
	"minecraft:geometry": [
		{
			"description": {
				"identifier": "geometry.iron_golem",
				"texture_width": 128,
				"texture_height": 128,
				"visible_bounds_width": 12,
				"visible_bounds_height": 8,
				"visible_bounds_offset": [0, 2, 0]
			},
			"bones": [
				{
					"name": "root",
					"pivot": [0, 0, 0]
				},
				{
					"name": "upper_body",
					"parent": "root",
					"pivot": [0, 15.4, 0]
				},
				{
					"name": "body2",
					"parent": "upper_body",
					"pivot": [0, 0, 0],
					"cubes": [
						{
							"origin": [-4.5, 16, -3],
							"size": [9, 5, 6],
							"inflate": 0.5,
							"uv": {
								"north": {"uv": [6, 76], "uv_size": [9, 5]},
								"east": {"uv": [0, 76], "uv_size": [6, 5]},
								"south": {"uv": [21, 76], "uv_size": [9, 5]},
								"west": {"uv": [15, 76], "uv_size": [6, 5]},
								"up": {"uv": [6, 70], "uv_size": [9, 6]},
								"down": {"uv": [15, 76], "uv_size": [9, -6]}
							}
						}
					]
				},
				{
					"name": "body",
					"parent": "upper_body",
					"pivot": [0, 21, 0]
				},
				{
					"name": "rightArm",
					"parent": "body",
					"pivot": [-9, 31, 0],
					"cubes": [
						{
							"origin": [-13, 3.5, -3],
							"size": [4, 30, 6],
							"uv": {
								"north": {"uv": [66, 27], "uv_size": [4, 30]},
								"east": {"uv": [60, 27], "uv_size": [6, 30]},
								"south": {"uv": [76, 27], "uv_size": [4, 30]},
								"west": {"uv": [70, 27], "uv_size": [6, 30]},
								"up": {"uv": [66, 21], "uv_size": [4, 6]},
								"down": {"uv": [70, 27], "uv_size": [4, -6]}
							}
						}
					]
				},
				{
					"name": "leftArm",
					"parent": "body",
					"pivot": [9, 31, 0],
					"cubes": [
						{
							"origin": [9, 3.5, -3],
							"size": [4, 30, 6],
							"uv": {
								"north": {"uv": [66, 64], "uv_size": [4, 30]},
								"east": {"uv": [60, 64], "uv_size": [6, 30]},
								"south": {"uv": [76, 64], "uv_size": [4, 30]},
								"west": {"uv": [70, 64], "uv_size": [6, 30]},
								"up": {"uv": [66, 58], "uv_size": [4, 6]},
								"down": {"uv": [70, 64], "uv_size": [4, -6]}
							}
						}
					]
				},
				{
					"name": "body1",
					"parent": "body",
					"pivot": [0, 20.4, 0],
					"cubes": [
						{
							"origin": [-9, 21.01243, -5.28805],
							"size": [18, 12, 11],
							"uv": {
								"north": {"uv": [11, 51], "uv_size": [18, 12]},
								"east": {"uv": [0, 51], "uv_size": [11, 12]},
								"south": {"uv": [40, 51], "uv_size": [18, 12]},
								"west": {"uv": [29, 51], "uv_size": [11, 12]},
								"up": {"uv": [11, 40], "uv_size": [18, 11]},
								"down": {"uv": [29, 51], "uv_size": [18, -11]}
							}
						}
					]
				},
				{
					"name": "head",
					"parent": "upper_body",
					"pivot": [0, 31, -2],
					"cubes": [
						{
							"origin": [-4, 33, -7.5],
							"size": [8, 10, 8],
							"uv": {
								"north": {"uv": [8, 8], "uv_size": [8, 10]},
								"east": {"uv": [0, 8], "uv_size": [8, 10]},
								"south": {"uv": [24, 8], "uv_size": [8, 10]},
								"west": {"uv": [16, 8], "uv_size": [8, 10]},
								"up": {"uv": [8, 0], "uv_size": [8, 8]},
								"down": {"uv": [16, 8], "uv_size": [8, -8]}
							}
						}
					],
					"locators": {
						"lead": [0, 31, -2]
					}
				},
				{
					"name": "eye",
					"parent": "head",
					"pivot": [0, 0, 0]
				},
				{
					"name": "eye_right",
					"parent": "eye",
					"pivot": [0, 0, 0],
					"cubes": [
						{
							"origin": [-3, 36, -7.41],
							"size": [2, 2, 0.4],
							"uv": {
								"north": {"uv": [2, 24], "uv_size": [2, 2]},
								"east": {"uv": [3, 24], "uv_size": [0.4, 2]},
								"south": {"uv": [2, 24], "uv_size": [2, 2]},
								"west": {"uv": [3, 24], "uv_size": [0.4, 2]},
								"up": {"uv": [4, 25.4], "uv_size": [-2, -0.4]},
								"down": {"uv": [4, 25.4], "uv_size": [-2, -0.4]}
							}
						},
						{
							"origin": [-3.2, 38, -7.498],
							"size": [2.4, 0.3, 0.6],
							"uv": {
								"north": {"uv": [6, 24], "uv_size": [2.4, 0.3]},
								"east": {"uv": [7, 24], "uv_size": [0.6, 0.3]},
								"south": {"uv": [6, 24], "uv_size": [2.4, 0.3]},
								"west": {"uv": [7, 24], "uv_size": [0.6, 0.3]},
								"up": {"uv": [8.4, 24.6], "uv_size": [-2.4, -0.6]},
								"down": {"uv": [8.4, 24.6], "uv_size": [-2.4, -0.6]}
							}
						},
						{
							"origin": [-3.2, 35.695, -7.498],
							"size": [2.4, 0.3, 0.6],
							"uv": {
								"north": {"uv": [6, 24], "uv_size": [2.4, 0.3]},
								"east": {"uv": [7, 24], "uv_size": [0.6, 0.3]},
								"south": {"uv": [6, 24], "uv_size": [2.4, 0.3]},
								"west": {"uv": [7, 24], "uv_size": [0.6, 0.3]},
								"up": {"uv": [8.4, 24.6], "uv_size": [-2.4, -0.6]},
								"down": {"uv": [8.4, 24.6], "uv_size": [-2.4, -0.6]}
							}
						},
						{
							"origin": [-3.1, 35.5, -7.498],
							"size": [2.4, 0.3, 0.6],
							"pivot": [-3.2, 35.7, -7.5],
							"rotation": [0, 0, -90],
							"uv": {
								"north": {"uv": [6, 24], "uv_size": [2.4, 0.3]},
								"east": {"uv": [7, 24], "uv_size": [0.6, 0.3]},
								"south": {"uv": [6, 24], "uv_size": [2.4, 0.3]},
								"west": {"uv": [7, 24], "uv_size": [0.6, 0.3]},
								"up": {"uv": [8.4, 24.6], "uv_size": [-2.4, -0.6]},
								"down": {"uv": [8.4, 24.6], "uv_size": [-2.4, -0.6]}
							}
						},
						{
							"origin": [-3.1, 33.2, -7.498],
							"size": [2.4, 0.3, 0.6],
							"pivot": [-3.2, 35.7, -7.5],
							"rotation": [0, 0, -90],
							"uv": {
								"north": {"uv": [6, 24], "uv_size": [2.4, 0.3]},
								"east": {"uv": [7, 24], "uv_size": [0.6, 0.3]},
								"south": {"uv": [6, 24], "uv_size": [2.4, 0.3]},
								"west": {"uv": [7, 24], "uv_size": [0.6, 0.3]},
								"up": {"uv": [8.4, 24.6], "uv_size": [-2.4, -0.6]},
								"down": {"uv": [8.4, 24.6], "uv_size": [-2.4, -0.6]}
							}
						}
					]
				},
				{
					"name": "eye_left",
					"parent": "eye",
					"pivot": [0, 0, 0],
					"cubes": [
						{
							"origin": [1, 36, -7.41],
							"size": [2, 2, 0.4],
							"uv": {
								"north": {"uv": [4, 24], "uv_size": [-2, 2]},
								"east": {"uv": [3.4, 24], "uv_size": [-0.4, 2]},
								"south": {"uv": [4, 24], "uv_size": [-2, 2]},
								"west": {"uv": [3.4, 24], "uv_size": [-0.4, 2]},
								"up": {"uv": [2, 25.4], "uv_size": [2, -0.4]},
								"down": {"uv": [2, 25.4], "uv_size": [2, -0.4]}
							}
						},
						{
							"origin": [0.8, 38, -7.498],
							"size": [2.4, 0.3, 0.6],
							"uv": {
								"north": {"uv": [8.4, 24], "uv_size": [-2.4, 0.3]},
								"east": {"uv": [7.6, 24], "uv_size": [-0.6, 0.3]},
								"south": {"uv": [8.4, 24], "uv_size": [-2.4, 0.3]},
								"west": {"uv": [7.6, 24], "uv_size": [-0.6, 0.3]},
								"up": {"uv": [6, 24.6], "uv_size": [2.4, -0.6]},
								"down": {"uv": [6, 24.6], "uv_size": [2.4, -0.6]}
							}
						},
						{
							"origin": [0.8, 35.695, -7.498],
							"size": [2.4, 0.3, 0.6],
							"uv": {
								"north": {"uv": [8.4, 24], "uv_size": [-2.4, 0.3]},
								"east": {"uv": [7.6, 24], "uv_size": [-0.6, 0.3]},
								"south": {"uv": [8.4, 24], "uv_size": [-2.4, 0.3]},
								"west": {"uv": [7.6, 24], "uv_size": [-0.6, 0.3]},
								"up": {"uv": [6, 24.6], "uv_size": [2.4, -0.6]},
								"down": {"uv": [6, 24.6], "uv_size": [2.4, -0.6]}
							}
						},
						{
							"origin": [0.7, 35.5, -7.498],
							"size": [2.4, 0.3, 0.6],
							"pivot": [3.2, 35.7, -7.5],
							"rotation": [0, 0, 90],
							"uv": {
								"north": {"uv": [8.4, 24], "uv_size": [-2.4, 0.3]},
								"east": {"uv": [7.6, 24], "uv_size": [-0.6, 0.3]},
								"south": {"uv": [8.4, 24], "uv_size": [-2.4, 0.3]},
								"west": {"uv": [7.6, 24], "uv_size": [-0.6, 0.3]},
								"up": {"uv": [6, 24.6], "uv_size": [2.4, -0.6]},
								"down": {"uv": [6, 24.6], "uv_size": [2.4, -0.6]}
							}
						},
						{
							"origin": [0.7, 33.2, -7.498],
							"size": [2.4, 0.3, 0.6],
							"pivot": [3.2, 35.7, -7.5],
							"rotation": [0, 0, 90],
							"uv": {
								"north": {"uv": [8.4, 24], "uv_size": [-2.4, 0.3]},
								"east": {"uv": [7.6, 24], "uv_size": [-0.6, 0.3]},
								"south": {"uv": [8.4, 24], "uv_size": [-2.4, 0.3]},
								"west": {"uv": [7.6, 24], "uv_size": [-0.6, 0.3]},
								"up": {"uv": [6, 24.6], "uv_size": [2.4, -0.6]},
								"down": {"uv": [6, 24.6], "uv_size": [2.4, -0.6]}
							}
						}
					]
				},
				{
					"name": "eyeballs",
					"parent": "head",
					"pivot": [0, 0, 0]
				},
				{
					"name": "eyeball_right",
					"parent": "eyeballs",
					"pivot": [-2.5, 36.5, -7.4],
					"cubes": [
						{
							"origin": [-3, 36, -7.46],
							"size": [1, 1, 0.1],
							"uv": {
								"north": {"uv": [3, 21], "uv_size": [1, 1]},
								"east": {"uv": [4, 21], "uv_size": [0.1, 1]},
								"south": {"uv": [3, 21], "uv_size": [1, 1]},
								"west": {"uv": [4, 21], "uv_size": [0.1, 1]},
								"up": {"uv": [4, 21.1], "uv_size": [-1, -0.1]},
								"down": {"uv": [4, 22.1], "uv_size": [-1, -0.1]}
							}
						}
					]
				},
				{
					"name": "eyeball_left",
					"parent": "eyeballs",
					"pivot": [2.5, 36.5, -7.4],
					"cubes": [
						{
							"origin": [2, 36, -7.46],
							"size": [1, 1, 0.1],
							"uv": {
								"north": {"uv": [4, 21], "uv_size": [-1, 1]},
								"east": {"uv": [4.1, 21], "uv_size": [-0.1, 1]},
								"south": {"uv": [4, 21], "uv_size": [-1, 1]},
								"west": {"uv": [4.1, 21], "uv_size": [-0.1, 1]},
								"up": {"uv": [3, 21.1], "uv_size": [1, -0.1]},
								"down": {"uv": [3, 22.1], "uv_size": [1, -0.1]}
							}
						}
					]
				},
				{
					"name": "eyebrown",
					"parent": "head",
					"pivot": [0, 38, -7],
					"cubes": [
						{
							"origin": [-4.1, 38, -7.6],
							"size": [8.2, 1, 1.1],
							"uv": {
								"north": {"uv": [7, 21], "uv_size": [8.2, 1]},
								"east": {"uv": [14, 21], "uv_size": [1.1, 1]},
								"south": {"uv": [7, 21], "uv_size": [8.2, 1]},
								"west": {"uv": [7, 21], "uv_size": [1.1, 1]},
								"up": {"uv": [15.2, 22.1], "uv_size": [-8.2, -1.1]},
								"down": {"uv": [15.2, 22.1], "uv_size": [-8.2, -1.1]}
							}
						}
					]
				},
				{
					"name": "nose",
					"parent": "head",
					"pivot": [0, 36, -7.5],
					"cubes": [
						{
							"origin": [-1, 32, -9.5],
							"size": [2, 4, 2],
							"uv": {
								"north": {"uv": [26, 2], "uv_size": [2, 4]},
								"east": {"uv": [24, 2], "uv_size": [2, 4]},
								"south": {"uv": [30, 2], "uv_size": [2, 4]},
								"west": {"uv": [28, 2], "uv_size": [2, 4]},
								"up": {"uv": [26, 0], "uv_size": [2, 2]},
								"down": {"uv": [28, 2], "uv_size": [2, -2]}
							}
						}
					]
				},
				{
					"name": "lower_body",
					"parent": "root",
					"pivot": [0, 0, 0]
				},
				{
					"name": "rightLeg",
					"parent": "lower_body",
					"pivot": [-5, 16, 0],
					"cubes": [
						{
							"origin": [-7.5, 0, -3],
							"size": [6, 16, 5],
							"uv": {
								"north": {"uv": [42, 5], "uv_size": [6, 16]},
								"east": {"uv": [37, 5], "uv_size": [5, 16]},
								"south": {"uv": [53, 5], "uv_size": [6, 16]},
								"west": {"uv": [48, 5], "uv_size": [5, 16]},
								"up": {"uv": [42, 0], "uv_size": [6, 5]},
								"down": {"uv": [48, 5], "uv_size": [6, -5]}
							}
						}
					]
				},
				{
					"name": "leftLeg",
					"parent": "lower_body",
					"pivot": [5, 16, 0],
					"cubes": [
						{
							"origin": [1.5, 0, -3],
							"size": [6, 16, 5],
							"uv": {
								"north": {"uv": [65, 5], "uv_size": [6, 16]},
								"east": {"uv": [60, 5], "uv_size": [5, 16]},
								"south": {"uv": [76, 5], "uv_size": [6, 16]},
								"west": {"uv": [71, 5], "uv_size": [5, 16]},
								"up": {"uv": [65, 0], "uv_size": [6, 5]},
								"down": {"uv": [71, 5], "uv_size": [6, -5]}
							}
						}
					]
				}
			]
		}
	]
}