{
	"format_version": "1.12.0",
	"minecraft:geometry": [
		{
			"description": {
				"identifier": "geometry.pig",
				"texture_width": 64,
				"texture_height": 32,
				"visible_bounds_width": 3,
				"visible_bounds_height": 2.25,
				"visible_bounds_offset": [0, 0.875, 0]
			},
			"bones": [
				{
					"name": "Root",
					"pivot": [0, 0, 0]
				},
				{
					"name": "upper_body",
					"parent": "Root",
					"pivot": [0, 6, 1]
				},
				{
					"name": "body",
					"parent": "upper_body",
					"pivot": [0, 5.7, 0.4],
					"rotation": [90, 0, 0],
					"cubes": [
						{
							"origin": [-5, -1.9, 0.7],
							"size": [10, 16, 8],
							"uv": {
								"north": {"uv": [36, 16], "uv_size": [10, 16]},
								"east": {"uv": [28, 16], "uv_size": [8, 16]},
								"south": {"uv": [54, 16], "uv_size": [10, 16]},
								"west": {"uv": [46, 16], "uv_size": [8, 16]},
								"up": {"uv": [36, 8], "uv_size": [10, 8]},
								"down": {"uv": [46, 16], "uv_size": [10, -8]}
							}
						}
					]
				},
				{
					"name": "head",
					"parent": "upper_body",
					"pivot": [0, 12, -6],
					"cubes": [
						{
							"origin": [-4, 8, -14],
							"size": [8, 8, 8],
							"uv": {
								"north": {"uv": [8, 8], "uv_size": [8, 8]},
								"east": {"uv": [0, 8], "uv_size": [8, 8]},
								"south": {"uv": [24, 8], "uv_size": [8, 8]},
								"west": {"uv": [16, 8], "uv_size": [8, 8]},
								"up": {"uv": [8, 0], "uv_size": [8, 8]},
								"down": {"uv": [16, 8], "uv_size": [8, -8]}
							}
						}
					],
					"locators": {
						"lead": [0, 14, -6]
					}
				},
				{
					"name": "eye",
					"parent": "head",
					"pivot": [-0.1, 0, 0]
				},
				{
					"name": "eye_right",
					"parent": "eye",
					"pivot": [-0.1, 0, -0.1]
				},
				{
					"name": "eye_r",
					"parent": "eye_right",
					"pivot": [-3, 12, -14.1],
					"cubes": [
						{
							"origin": [-4, 12, -14.0166],
							"size": [2, 1, 0.02],
							"uv": {
								"north": {"uv": [4, 4], "uv_size": [2, 1]},
								"east": {"uv": [5, 4], "uv_size": [0.4, 1]},
								"south": {"uv": [4, 4], "uv_size": [2, 1]},
								"west": {"uv": [5, 4], "uv_size": [0.4, 1]},
								"up": {"uv": [6, 4.4], "uv_size": [-2, -0.4]},
								"down": {"uv": [6, 4.4], "uv_size": [-2, -0.4]}
							}
						}
					]
				},
				{
					"name": "eye_left",
					"parent": "eye",
					"pivot": [0.1, 0, -0.1]
				},
				{
					"name": "eye_l",
					"parent": "eye_left",
					"pivot": [3, 12, -14.1],
					"cubes": [
						{
							"origin": [2, 12, -14.0166],
							"size": [2, 1, 0.02],
							"uv": {
								"north": {"uv": [6, 4], "uv_size": [-2, 1]},
								"east": {"uv": [5.4, 4], "uv_size": [-0.4, 1]},
								"south": {"uv": [6, 4], "uv_size": [-2, 1]},
								"west": {"uv": [5.4, 4], "uv_size": [-0.4, 1]},
								"up": {"uv": [4, 4.4], "uv_size": [2, -0.4]},
								"down": {"uv": [4, 4.4], "uv_size": [2, -0.4]}
							}
						}
					]
				},
				{
					"name": "eyelids",
					"parent": "head",
					"pivot": [0, 0, 0]
				},
				{
					"name": "eyelid_right",
					"parent": "eyelids",
					"pivot": [-2.9, 14, -14.4],
					"cubes": [
						{
							"origin": [-4.0011, 13, -14.0466],
							"size": [2.001, 1.01, 0.04],
							"uv": {
								"north": {"uv": [1, 1], "uv_size": [2, 1]},
								"east": {"uv": [2, 1], "uv_size": [0.4, 1]},
								"south": {"uv": [1, 1], "uv_size": [2, 1]},
								"west": {"uv": [1, 1], "uv_size": [0.4, 1]},
								"up": {"uv": [3, 2.4], "uv_size": [-2, -0.4]},
								"down": {"uv": [3, 2.4], "uv_size": [-2, -0.4]}
							}
						}
					]
				},
				{
					"name": "eyelid_left",
					"parent": "eyelids",
					"pivot": [2.9, 14, -14.4],
					"cubes": [
						{
							"origin": [2.0001, 13, -14.0466],
							"size": [2.001, 1.01, 0.04],
							"uv": {
								"north": {"uv": [3, 1], "uv_size": [-2, 1]},
								"east": {"uv": [1.4, 1], "uv_size": [-0.4, 1]},
								"south": {"uv": [3, 1], "uv_size": [-2, 1]},
								"west": {"uv": [2.4, 1], "uv_size": [-0.4, 1]},
								"up": {"uv": [1, 2.4], "uv_size": [2, -0.4]},
								"down": {"uv": [1, 2.4], "uv_size": [2, -0.4]}
							}
						}
					]
				},
				{
					"name": "eyeballs",
					"parent": "head",
					"pivot": [-0.1, 0, 0]
				},
				{
					"name": "eyeball_right",
					"parent": "eyeballs",
					"pivot": [-3.5, 12.5, -14],
					"cubes": [
						{
							"origin": [-4, 12, -14.0336],
							"size": [1, 1, 0.02],
							"uv": {
								"north": {"uv": [1, 4], "uv_size": [1.1, 1]},
								"east": {"uv": [1, 4], "uv_size": [0.05, 1]},
								"south": {"uv": [1, 4], "uv_size": [1.1, 1]},
								"west": {"uv": [2, 4], "uv_size": [0.05, 1]},
								"up": {"uv": [2.1, 4.05], "uv_size": [-1.1, -0.05]},
								"down": {"uv": [2.1, 4.05], "uv_size": [-1.1, -0.05]}
							}
						}
					]
				},
				{
					"name": "eyeball_left",
					"parent": "eyeballs",
					"pivot": [3.5, 12.5, -13.9],
					"cubes": [
						{
							"origin": [3, 12, -14.0336],
							"size": [1, 1, 0.02],
							"uv": {
								"north": {"uv": [2.1, 4], "uv_size": [-1.1, 1]},
								"east": {"uv": [2.05, 4], "uv_size": [-0.05, 1]},
								"south": {"uv": [2.1, 4], "uv_size": [-1.1, 1]},
								"west": {"uv": [1.05, 4], "uv_size": [-0.05, 1]},
								"up": {"uv": [1, 4.05], "uv_size": [1.1, -0.05]},
								"down": {"uv": [1, 4.05], "uv_size": [1.1, -0.05]}
							}
						}
					]
				},
				{
					"name": "nose",
					"parent": "head",
					"pivot": [0, 10.5, -15],
					"cubes": [
						{
							"origin": [-2, 9, -15],
							"size": [4, 3, 1],
							"uv": {
								"north": {"uv": [17, 17], "uv_size": [4, 3]},
								"east": {"uv": [16, 17], "uv_size": [1, 3]},
								"south": {"uv": [22, 17], "uv_size": [4, 3]},
								"west": {"uv": [21, 17], "uv_size": [1, 3]},
								"up": {"uv": [17, 16], "uv_size": [4, 1]},
								"down": {"uv": [21, 17], "uv_size": [4, -1]}
							}
						}
					]
				},
				{
					"name": "lower_body",
					"parent": "Root",
					"pivot": [0, 12, -6]
				},
				{
					"name": "leg0",
					"parent": "lower_body",
					"pivot": [-3, 6, 7],
					"cubes": [
						{
							"origin": [-5, 0, 5],
							"size": [4, 6, 4],
							"uv": {
								"north": {"uv": [4, 20], "uv_size": [4, 6]},
								"east": {"uv": [0, 20], "uv_size": [4, 6]},
								"south": {"uv": [12, 20], "uv_size": [4, 6]},
								"west": {"uv": [8, 20], "uv_size": [4, 6]},
								"up": {"uv": [4, 16], "uv_size": [4, 4]},
								"down": {"uv": [8, 20], "uv_size": [4, -4]}
							}
						}
					]
				},
				{
					"name": "leg1",
					"parent": "lower_body",
					"pivot": [3, 6, 7],
					"cubes": [
						{
							"origin": [1, 0, 5],
							"size": [4, 6, 4],
							"uv": {
								"north": {"uv": [8, 20], "uv_size": [-4, 6]},
								"east": {"uv": [12, 20], "uv_size": [-4, 6]},
								"south": {"uv": [16, 20], "uv_size": [-4, 6]},
								"west": {"uv": [4, 20], "uv_size": [-4, 6]},
								"up": {"uv": [8, 16], "uv_size": [-4, 4]},
								"down": {"uv": [12, 20], "uv_size": [-4, -4]}
							}
						}
					]
				},
				{
					"name": "leg2",
					"parent": "lower_body",
					"pivot": [-3, 6, -5],
					"cubes": [
						{
							"origin": [-5, 0, -7],
							"size": [4, 6, 4],
							"uv": {
								"north": {"uv": [4, 20], "uv_size": [4, 6]},
								"east": {"uv": [0, 20], "uv_size": [4, 6]},
								"south": {"uv": [12, 20], "uv_size": [4, 6]},
								"west": {"uv": [8, 20], "uv_size": [4, 6]},
								"up": {"uv": [4, 16], "uv_size": [4, 4]},
								"down": {"uv": [8, 20], "uv_size": [4, -4]}
							}
						}
					]
				},
				{
					"name": "leg3",
					"parent": "lower_body",
					"pivot": [3, 6, -5],
					"cubes": [
						{
							"origin": [1, 0, -7],
							"size": [4, 6, 4],
							"uv": {
								"north": {"uv": [8, 20], "uv_size": [-4, 6]},
								"east": {"uv": [12, 20], "uv_size": [-4, 6]},
								"south": {"uv": [16, 20], "uv_size": [-4, 6]},
								"west": {"uv": [4, 20], "uv_size": [-4, 6]},
								"up": {"uv": [8, 16], "uv_size": [-4, 4]},
								"down": {"uv": [12, 20], "uv_size": [-4, -4]}
							}
						}
					]
				}
			]
		}
	]
}