{
	"format_version": "1.12.0",
	"minecraft:geometry": [
		{
			"description": {
				"identifier": "geometry.pillager",
				"texture_width": 64,
				"texture_height": 64,
				"visible_bounds_width": 2,
				"visible_bounds_height": 3,
				"visible_bounds_offset": [0, 1.5, 0]
			},
			"bones": [
				{
					"name": "Root",
					"pivot": [0, 0, 0]
				},
				{
					"name": "upper_body",
					"parent": "Root",
					"pivot": [0, 12.1, 0]
				},
				{
					"name": "head",
					"parent": "upper_body",
					"pivot": [0, 24, 0],
					"cubes": [
						{
							"origin": [-4, 24, -4],
							"size": [8, 10, 8],
							"uv": {
								"north": {"uv": [8, 8], "uv_size": [8, 10]},
								"east": {"uv": [0, 8], "uv_size": [8, 10]},
								"south": {"uv": [24, 8], "uv_size": [8, 10]},
								"west": {"uv": [16, 8], "uv_size": [8, 10]},
								"up": {"uv": [8, 0], "uv_size": [8, 8]},
								"down": {"uv": [16, 8], "uv_size": [8, -8]}
							}
						}
					],
					"locators": {
						"lead": [0, 0, 0]
					}
				},
				{
					"name": "nose",
					"parent": "head",
					"pivot": [0, 27.1, -4],
					"cubes": [
						{
							"origin": [-0.92327, 23.00268, -6],
							"size": [2, 4, 2],
							"uv": {
								"north": {"uv": [26, 2], "uv_size": [2, 4]},
								"east": {"uv": [24, 2], "uv_size": [2, 4]},
								"south": {"uv": [30, 2], "uv_size": [2, 4]},
								"west": {"uv": [28, 2], "uv_size": [2, 4]},
								"up": {"uv": [26, 0], "uv_size": [2, 2]},
								"down": {"uv": [28, 2], "uv_size": [2, -2]}
							}
						}
					]
				},
				{
					"name": "eyebrown",
					"parent": "head",
					"pivot": [0, 0.01562, 0.00337]
				},
				{
					"name": "eyebrown_right",
					"parent": "eyebrown",
					"pivot": [-1.1, 28.11562, -4.19663],
					"cubes": [
						{
							"origin": [-4, 27.998, -4.09663],
							"size": [1, 1, 0.1],
							"uv": {
								"north": {"uv": [40, 11], "uv_size": [2, 1]},
								"east": {"uv": [42, 12], "uv_size": [0.1, 1]},
								"south": {"uv": [40, 12], "uv_size": [2, 1]},
								"west": {"uv": [40, 11], "uv_size": [0.1, 1]},
								"up": {"uv": [42, 13.1], "uv_size": [-2, -0.1]},
								"down": {"uv": [42, 13.1], "uv_size": [-2, -0.1]}
							}
						},
						{
							"origin": [-3, 27.998, -4.09663],
							"size": [2, 1, 0.1],
							"uv": {
								"north": {"uv": [35, 11], "uv_size": [2, 1]},
								"east": {"uv": [37, 12], "uv_size": [0.1, 1]},
								"south": {"uv": [35, 12], "uv_size": [2, 1]},
								"west": {"uv": [35, 11], "uv_size": [0.1, 1]},
								"up": {"uv": [37, 13.1], "uv_size": [-2, -0.1]},
								"down": {"uv": [37, 13.1], "uv_size": [-2, -0.1]}
							}
						},
						{
							"origin": [-4, 28.998, -4.09663],
							"size": [2, 1, 0.1],
							"uv": {
								"north": {"uv": [35, 11], "uv_size": [2, 1]},
								"east": {"uv": [37, 12], "uv_size": [0.1, 1]},
								"south": {"uv": [35, 12], "uv_size": [2, 1]},
								"west": {"uv": [35, 11], "uv_size": [0.1, 1]},
								"up": {"uv": [37, 13.1], "uv_size": [-2, -0.1]},
								"down": {"uv": [37, 13.1], "uv_size": [-2, -0.1]}
							}
						}
					]
				},
				{
					"name": "eyebrown_left",
					"parent": "eyebrown",
					"pivot": [1.2, 28.21562, -4.19663],
					"cubes": [
						{
							"origin": [3, 27.998, -4.09663],
							"size": [1, 1, 0.1],
							"uv": {
								"north": {"uv": [42, 11], "uv_size": [-2, 1]},
								"east": {"uv": [40.1, 11], "uv_size": [-0.1, 1]},
								"south": {"uv": [42, 12], "uv_size": [-2, 1]},
								"west": {"uv": [42.1, 12], "uv_size": [-0.1, 1]},
								"up": {"uv": [40, 13.1], "uv_size": [2, -0.1]},
								"down": {"uv": [40, 13.1], "uv_size": [2, -0.1]}
							}
						},
						{
							"origin": [1, 27.998, -4.09663],
							"size": [2, 1, 0.1],
							"uv": {
								"north": {"uv": [37, 11], "uv_size": [-2, 1]},
								"east": {"uv": [35.1, 11], "uv_size": [-0.1, 1]},
								"south": {"uv": [37, 12], "uv_size": [-2, 1]},
								"west": {"uv": [37.1, 12], "uv_size": [-0.1, 1]},
								"up": {"uv": [35, 13.1], "uv_size": [2, -0.1]},
								"down": {"uv": [35, 13.1], "uv_size": [2, -0.1]}
							}
						},
						{
							"origin": [2, 28.998, -4.09663],
							"size": [2, 1, 0.1],
							"uv": {
								"north": {"uv": [37, 11], "uv_size": [-2, 1]},
								"east": {"uv": [35.1, 11], "uv_size": [-0.1, 1]},
								"south": {"uv": [37, 12], "uv_size": [-2, 1]},
								"west": {"uv": [37.1, 12], "uv_size": [-0.1, 1]},
								"up": {"uv": [35, 13.1], "uv_size": [2, -0.1]},
								"down": {"uv": [35, 13.1], "uv_size": [2, -0.1]}
							}
						}
					]
				},
				{
					"name": "eye",
					"parent": "head",
					"pivot": [0, 0.01562, 0.00337]
				},
				{
					"name": "eye_r",
					"parent": "eye",
					"pivot": [0, 0.01562, 0.00337]
				},
				{
					"name": "right",
					"parent": "eye_r",
					"pivot": [-2, 27.01562, -3.89663],
					"cubes": [
						{
							"origin": [-3, 26.998, -3.91663],
							"size": [2, 1, 0.4],
							"uv": {
								"north": {"uv": [35, 4.5], "uv_size": [2, 1]},
								"east": {"uv": [37, 4], "uv_size": [0.4, 1]},
								"south": {"uv": [35, 2], "uv_size": [2, 1]},
								"west": {"uv": [37, 2], "uv_size": [0.4, 1]},
								"up": {"uv": [37, 4.4], "uv_size": [-2, -0.4]},
								"down": {"uv": [37, 3.4], "uv_size": [-2, -0.4]}
							}
						}
					]
				},
				{
					"name": "eye_layer_x",
					"parent": "eye_r",
					"pivot": [-2, 27.01562, -3.89663],
					"cubes": [
						{
							"origin": [-3.1, 26.998, -3.99563],
							"size": [0.1, 1, 0.5],
							"uv": {
								"north": {"uv": [35, 8], "uv_size": [0.1, 1]},
								"east": {"uv": [36, 7], "uv_size": [0.5, 1]},
								"south": {"uv": [37, 7], "uv_size": [0.1, 1]},
								"west": {"uv": [35, 7], "uv_size": [0.5, 1]},
								"up": {"uv": [37.6, 8.6], "uv_size": [-0.1, -0.5]},
								"down": {"uv": [38.1, 7.5], "uv_size": [-0.1, -0.5]}
							}
						},
						{
							"origin": [-1, 26.998, -3.99563],
							"size": [0.1, 1, 0.5],
							"uv": {
								"north": {"uv": [35, 8], "uv_size": [0.1, 1]},
								"east": {"uv": [36, 7], "uv_size": [0.5, 1]},
								"south": {"uv": [37, 7], "uv_size": [0.1, 1]},
								"west": {"uv": [35, 7], "uv_size": [0.5, 1]},
								"up": {"uv": [37.6, 8.6], "uv_size": [-0.1, -0.5]},
								"down": {"uv": [38.1, 7.5], "uv_size": [-0.1, -0.5]}
							}
						}
					]
				},
				{
					"name": "eye_layer_y",
					"parent": "eye_r",
					"pivot": [0, 0.01562, 0.00337]
				},
				{
					"name": "top",
					"parent": "eye_layer_y",
					"pivot": [-2, 28.01562, -4.29663],
					"cubes": [
						{
							"origin": [-0.718, 27.81562, -3.99563],
							"size": [0.1, 2.2, 0.5],
							"pivot": [-0.9, 27.81562, -3.79663],
							"rotation": [0, 0, -90],
							"uv": {
								"north": {"uv": [35, 8], "uv_size": [0.1, 1]},
								"east": {"uv": [36, 7], "uv_size": [0.5, 1]},
								"south": {"uv": [37, 7], "uv_size": [0.1, 1]},
								"west": {"uv": [35, 7], "uv_size": [0.5, 1]},
								"up": {"uv": [37.6, 8.6], "uv_size": [-0.1, -0.5]},
								"down": {"uv": [38.1, 7.5], "uv_size": [-0.1, -0.5]}
							}
						}
					]
				},
				{
					"name": "down",
					"parent": "eye_layer_y",
					"pivot": [0, 0.01562, 0.00337],
					"cubes": [
						{
							"origin": [-1.818, 27.81562, -3.99563],
							"size": [0.1, 2.2, 0.5],
							"pivot": [-0.9, 27.81562, -3.79663],
							"rotation": [0, 0, -90],
							"uv": {
								"north": {"uv": [35, 8], "uv_size": [0.1, 1]},
								"east": {"uv": [36, 7], "uv_size": [0.5, 1]},
								"south": {"uv": [37, 7], "uv_size": [0.1, 1]},
								"west": {"uv": [35, 7], "uv_size": [0.5, 1]},
								"up": {"uv": [37.6, 8.6], "uv_size": [-0.1, -0.5]},
								"down": {"uv": [38.1, 7.5], "uv_size": [-0.1, -0.5]}
							}
						}
					]
				},
				{
					"name": "eyelid_layer",
					"parent": "eye_r",
					"pivot": [-2, 28.01562, -3.99663],
					"cubes": [
						{
							"origin": [-3, 27.998, -3.99663],
							"size": [2, 1, 0],
							"uv": {
								"north": {"uv": [35, 9], "uv_size": [2, 1]},
								"east": {"uv": [37, 10], "uv_size": [0.3, 1]},
								"south": {"uv": [35, 10], "uv_size": [2, 1]},
								"west": {"uv": [37, 10], "uv_size": [0.3, 1]},
								"up": {"uv": [37, 11.3], "uv_size": [-2, -0.3]},
								"down": {"uv": [37, 11.3], "uv_size": [-2, -0.3]}
							}
						}
					]
				},
				{
					"name": "eye_l",
					"parent": "eye",
					"pivot": [0, 0.01562, 0.00337]
				},
				{
					"name": "left",
					"parent": "eye_l",
					"pivot": [2, 27.01562, -3.89663],
					"cubes": [
						{
							"origin": [1, 26.998, -3.91663],
							"size": [2, 1, 0.4],
							"uv": {
								"north": {"uv": [37, 4.5], "uv_size": [-2, 1]},
								"east": {"uv": [37.4, 2], "uv_size": [-0.4, 1]},
								"south": {"uv": [37, 2], "uv_size": [-2, 1]},
								"west": {"uv": [37.4, 4], "uv_size": [-0.4, 1]},
								"up": {"uv": [35, 4.4], "uv_size": [2, -0.4]},
								"down": {"uv": [35, 3.4], "uv_size": [2, -0.4]}
							}
						}
					]
				},
				{
					"name": "eye_layer_x2",
					"parent": "eye_l",
					"pivot": [2, 27.01562, -3.89663],
					"cubes": [
						{
							"origin": [3, 26.998, -3.99563],
							"size": [0.1, 1, 0.5],
							"uv": {
								"north": {"uv": [35.1, 8], "uv_size": [-0.1, 1]},
								"east": {"uv": [35.5, 7], "uv_size": [-0.5, 1]},
								"south": {"uv": [37.1, 7], "uv_size": [-0.1, 1]},
								"west": {"uv": [36.5, 7], "uv_size": [-0.5, 1]},
								"up": {"uv": [37.5, 8.6], "uv_size": [0.1, -0.5]},
								"down": {"uv": [38, 7.5], "uv_size": [0.1, -0.5]}
							}
						},
						{
							"origin": [0.9, 26.998, -3.99563],
							"size": [0.1, 1, 0.5],
							"uv": {
								"north": {"uv": [35.1, 8], "uv_size": [-0.1, 1]},
								"east": {"uv": [35.5, 7], "uv_size": [-0.5, 1]},
								"south": {"uv": [37.1, 7], "uv_size": [-0.1, 1]},
								"west": {"uv": [36.5, 7], "uv_size": [-0.5, 1]},
								"up": {"uv": [37.5, 8.6], "uv_size": [0.1, -0.5]},
								"down": {"uv": [38, 7.5], "uv_size": [0.1, -0.5]}
							}
						}
					]
				},
				{
					"name": "eye_layer_y2",
					"parent": "eye_l",
					"pivot": [0, 0.01562, 0.00337]
				},
				{
					"name": "top2",
					"parent": "eye_layer_y2",
					"pivot": [2, 28.01562, -4.29663],
					"cubes": [
						{
							"origin": [0.618, 27.81562, -3.99563],
							"size": [0.1, 2.2, 0.5],
							"pivot": [0.9, 27.81562, -3.79663],
							"rotation": [0, 0, 90],
							"uv": {
								"north": {"uv": [35.1, 8], "uv_size": [-0.1, 1]},
								"east": {"uv": [35.5, 7], "uv_size": [-0.5, 1]},
								"south": {"uv": [37.1, 7], "uv_size": [-0.1, 1]},
								"west": {"uv": [36.5, 7], "uv_size": [-0.5, 1]},
								"up": {"uv": [37.5, 8.6], "uv_size": [0.1, -0.5]},
								"down": {"uv": [38, 7.5], "uv_size": [0.1, -0.5]}
							}
						}
					]
				},
				{
					"name": "down2",
					"parent": "eye_layer_y2",
					"pivot": [0, 0.01562, 0.00337],
					"cubes": [
						{
							"origin": [1.718, 27.81562, -3.99563],
							"size": [0.1, 2.2, 0.5],
							"pivot": [0.9, 27.81562, -3.79663],
							"rotation": [0, 0, 90],
							"uv": {
								"north": {"uv": [35.1, 8], "uv_size": [-0.1, 1]},
								"east": {"uv": [35.5, 7], "uv_size": [-0.5, 1]},
								"south": {"uv": [37.1, 7], "uv_size": [-0.1, 1]},
								"west": {"uv": [36.5, 7], "uv_size": [-0.5, 1]},
								"up": {"uv": [37.5, 8.6], "uv_size": [0.1, -0.5]},
								"down": {"uv": [38, 7.5], "uv_size": [0.1, -0.5]}
							}
						}
					]
				},
				{
					"name": "eyelid_layer2",
					"parent": "eye_l",
					"pivot": [2, 28.01562, -3.99663],
					"cubes": [
						{
							"origin": [1, 27.998, -3.99663],
							"size": [2, 1, 0],
							"uv": {
								"north": {"uv": [37, 9], "uv_size": [-2, 1]},
								"east": {"uv": [37.3, 10], "uv_size": [-0.3, 1]},
								"south": {"uv": [37, 10], "uv_size": [-2, 1]},
								"west": {"uv": [37.3, 10], "uv_size": [-0.3, 1]},
								"up": {"uv": [35, 11.3], "uv_size": [2, -0.3]},
								"down": {"uv": [35, 11.3], "uv_size": [2, -0.3]}
							}
						}
					]
				},
				{
					"name": "eyelids",
					"parent": "head",
					"pivot": [0, 28.01562, -3.99663]
				},
				{
					"name": "eyelid_left",
					"parent": "eyelids",
					"pivot": [2, 28.01562, -3.99663],
					"cubes": [
						{
							"origin": [1, 27.998, -3.98663],
							"size": [2, 1, 0.01],
							"uv": {
								"north": {"uv": [40, 8], "uv_size": [2, 1]},
								"east": {"uv": [40, 8], "uv_size": [0.01, 1]},
								"south": {"uv": [40, 8], "uv_size": [2, 1]},
								"west": {"uv": [41, 8], "uv_size": [0.01, 1]},
								"up": {"uv": [42, 8.01], "uv_size": [-2, -0.01]},
								"down": {"uv": [42, 9.01], "uv_size": [-2, -0.01]}
							}
						}
					]
				},
				{
					"name": "eyelid_right",
					"parent": "eyelids",
					"pivot": [-2, 28.01562, -3.99663],
					"cubes": [
						{
							"origin": [-3, 27.998, -3.98663],
							"size": [2, 1, 0.01],
							"uv": {
								"north": {"uv": [42, 8], "uv_size": [-2, 1]},
								"east": {"uv": [41.01, 8], "uv_size": [-0.01, 1]},
								"south": {"uv": [42, 8], "uv_size": [-2, 1]},
								"west": {"uv": [40.01, 8], "uv_size": [-0.01, 1]},
								"up": {"uv": [40, 8.01], "uv_size": [2, -0.01]},
								"down": {"uv": [40, 9.01], "uv_size": [2, -0.01]}
							}
						}
					]
				},
				{
					"name": "eyeball",
					"parent": "head",
					"pivot": [0, 0.01562, 0.00337]
				},
				{
					"name": "eyeball_left",
					"parent": "eyeball",
					"pivot": [1.6, 27.61562, -3.79663],
					"cubes": [
						{
							"origin": [1, 26.998, -3.95363],
							"size": [1, 1, 0.05],
							"uv": {
								"north": {"uv": [40, 2], "uv_size": [-1, 1]},
								"east": {"uv": [42.05, 2], "uv_size": [-0.05, 1]},
								"south": {"uv": [42, 2], "uv_size": [-1, 1]},
								"west": {"uv": [41.05, 2], "uv_size": [-0.05, 1]},
								"up": {"uv": [41, 2.05], "uv_size": [1, -0.05]},
								"down": {"uv": [41, 3.05], "uv_size": [1, -0.05]}
							}
						}
					]
				},
				{
					"name": "eyeball_right",
					"parent": "eyeball",
					"pivot": [-1.6, 27.61562, -3.79663],
					"cubes": [
						{
							"origin": [-2, 26.998, -3.95363],
							"size": [1, 1, 0.05],
							"uv": {
								"north": {"uv": [39, 2], "uv_size": [1, 1]},
								"east": {"uv": [41, 2], "uv_size": [0.05, 1]},
								"south": {"uv": [41, 2], "uv_size": [1, 1]},
								"west": {"uv": [42, 2], "uv_size": [0.05, 1]},
								"up": {"uv": [42, 2.05], "uv_size": [-1, -0.05]},
								"down": {"uv": [42, 3.05], "uv_size": [-1, -0.05]}
							}
						}
					]
				},
				{
					"name": "body",
					"parent": "upper_body",
					"pivot": [0, 0, 0]
				},
				{
					"name": "rightarm",
					"parent": "body",
					"pivot": [-5, 22, 0],
					"cubes": [
						{
							"origin": [-8, 12, -2],
							"size": [4, 12, 4],
							"uv": {
								"north": {"uv": [44, 50], "uv_size": [4, 12]},
								"east": {"uv": [40, 50], "uv_size": [4, 12]},
								"south": {"uv": [52, 50], "uv_size": [4, 12]},
								"west": {"uv": [48, 50], "uv_size": [4, 12]},
								"up": {"uv": [44, 46], "uv_size": [4, 4]},
								"down": {"uv": [48, 50], "uv_size": [4, -4]}
							}
						}
					]
				},
				{
					"name": "rightItem",
					"parent": "rightarm",
					"pivot": [-6, 15, 1]
				},
				{
					"name": "leftarm",
					"parent": "body",
					"pivot": [5, 22, 0],
					"cubes": [
						{
							"origin": [4, 12, -2],
							"size": [4, 12, 4],
							"uv": {
								"north": {"uv": [48, 50], "uv_size": [-4, 12]},
								"east": {"uv": [52, 50], "uv_size": [-4, 12]},
								"south": {"uv": [56, 50], "uv_size": [-4, 12]},
								"west": {"uv": [44, 50], "uv_size": [-4, 12]},
								"up": {"uv": [48, 46], "uv_size": [-4, 4]},
								"down": {"uv": [52, 50], "uv_size": [-4, -4]}
							}
						}
					]
				},
				{
					"name": "leftItem",
					"parent": "leftarm",
					"pivot": [6, 15, 1]
				},
				{
					"name": "body1",
					"parent": "body",
					"pivot": [0, 16, 0],
					"cubes": [
						{
							"origin": [-4, 6, -3],
							"size": [8, 18, 6],
							"inflate": 0.5,
							"uv": {
								"north": {"uv": [6, 44], "uv_size": [8, 18]},
								"east": {"uv": [0, 44], "uv_size": [6, 18]},
								"south": {"uv": [20, 44], "uv_size": [8, 18]},
								"west": {"uv": [14, 44], "uv_size": [6, 18]},
								"up": {"uv": [6, 38], "uv_size": [8, 6]},
								"down": {"uv": [14, 44], "uv_size": [8, -6]}
							}
						},
						{
							"origin": [-4, 12, -3],
							"size": [8, 12, 6],
							"uv": {
								"north": {"uv": [22, 26], "uv_size": [8, 12]},
								"east": {"uv": [16, 26], "uv_size": [6, 12]},
								"south": {"uv": [36, 26], "uv_size": [8, 12]},
								"west": {"uv": [30, 26], "uv_size": [6, 12]},
								"up": {"uv": [22, 20], "uv_size": [8, 6]},
								"down": {"uv": [30, 26], "uv_size": [8, -6]}
							}
						}
					]
				},
				{
					"name": "lower_body",
					"parent": "Root",
					"pivot": [0, 0, 0]
				},
				{
					"name": "leftLeg",
					"parent": "lower_body",
					"pivot": [2, 12, 0],
					"cubes": [
						{
							"origin": [0, 0, -2],
							"size": [4, 12, 4],
							"uv": {
								"north": {"uv": [4, 26], "uv_size": [4, 12]},
								"east": {"uv": [0, 26], "uv_size": [4, 12]},
								"south": {"uv": [12, 26], "uv_size": [4, 12]},
								"west": {"uv": [8, 26], "uv_size": [4, 12]},
								"up": {"uv": [4, 22], "uv_size": [4, 4]},
								"down": {"uv": [8, 26], "uv_size": [4, -4]}
							}
						}
					]
				},
				{
					"name": "rightLeg",
					"parent": "lower_body",
					"pivot": [-2, 12, 0],
					"cubes": [
						{
							"origin": [-4, 0, -2],
							"size": [4, 12, 4],
							"uv": {
								"north": {"uv": [8, 26], "uv_size": [-4, 12]},
								"east": {"uv": [12, 26], "uv_size": [-4, 12]},
								"south": {"uv": [16, 26], "uv_size": [-4, 12]},
								"west": {"uv": [4, 26], "uv_size": [-4, 12]},
								"up": {"uv": [8, 22], "uv_size": [-4, 4]},
								"down": {"uv": [12, 26], "uv_size": [-4, -4]}
							}
						}
					]
				}
			]
		}
	]
}