{
	"format_version": "1.12.0",
	"minecraft:geometry": [
		{
			"description": {
				"identifier": "geometry.sheep",
				"texture_width": 64,
				"texture_height": 64,
				"visible_bounds_width": 5,
				"visible_bounds_height": 3.375,
				"visible_bounds_offset": [0, 1.3125, 0]
			},
			"bones": [
				{
					"name": "Root",
					"pivot": [0, 0, 0]
				},
				{
					"name": "upper_body",
					"parent": "Root",
					"pivot": [0, 10.2, 0]
				},
				{
					"name": "head",
					"parent": "upper_body",
					"pivot": [0, 18, -8],
					"cubes": [
						{
							"origin": [-3, 16, -12],
							"size": [6, 6, 6],
							"inflate": 0.6,
							"uv": {
								"north": {"uv": [6, 38], "uv_size": [6, 6]},
								"east": {"uv": [0, 38], "uv_size": [6, 6]},
								"south": {"uv": [18, 38], "uv_size": [6, 6]},
								"west": {"uv": [12, 38], "uv_size": [6, 6]},
								"up": {"uv": [6, 32], "uv_size": [6, 6]},
								"down": {"uv": [12, 38], "uv_size": [6, -6]}
							}
						},
						{
							"origin": [-3, 16, -14],
							"size": [6, 6, 8],
							"uv": {
								"north": {"uv": [8, 8], "uv_size": [6, 6]},
								"east": {"uv": [0, 8], "uv_size": [8, 6]},
								"south": {"uv": [22, 8], "uv_size": [6, 6]},
								"west": {"uv": [14, 8], "uv_size": [8, 6]},
								"up": {"uv": [8, 0], "uv_size": [6, 8]},
								"down": {"uv": [14, 8], "uv_size": [6, -8]}
							}
						}
					],
					"locators": {
						"lead": [0, 18, -8]
					}
				},
				{
					"name": "eyeballs",
					"parent": "head",
					"pivot": [0.9, 7, 0]
				},
				{
					"name": "eyeball_right",
					"parent": "eyeballs",
					"pivot": [-2.5, 19.5, -14],
					"cubes": [
						{
							"origin": [-3, 19, -14.0336],
							"size": [1, 1, 0.02],
							"uv": {
								"north": {"uv": [1, 4], "uv_size": [1.1, 2]},
								"east": {"uv": [1, 4], "uv_size": [0.05, 2]},
								"south": {"uv": [1, 4], "uv_size": [1.1, 2]},
								"west": {"uv": [2, 4], "uv_size": [0.05, 2]},
								"up": {"uv": [2.1, 6.1], "uv_size": [-1.1, -0.1]},
								"down": {"uv": [2.1, 4.1], "uv_size": [-1.1, -0.1]}
							}
						}
					]
				},
				{
					"name": "eyeball_left",
					"parent": "eyeballs",
					"pivot": [2.5, 19.5, -14],
					"cubes": [
						{
							"origin": [2, 19, -14.0336],
							"size": [1, 1, 0.02],
							"uv": {
								"north": {"uv": [2.1, 4], "uv_size": [-1.1, 2]},
								"east": {"uv": [2.05, 4], "uv_size": [-0.05, 2]},
								"south": {"uv": [2.1, 4], "uv_size": [-1.1, 2]},
								"west": {"uv": [1.05, 4], "uv_size": [-0.05, 2]},
								"up": {"uv": [1, 6.1], "uv_size": [1.1, -0.1]},
								"down": {"uv": [1, 4.1], "uv_size": [1.1, -0.1]}
							}
						}
					]
				},
				{
					"name": "eyelids",
					"parent": "head",
					"pivot": [1, 7, 0]
				},
				{
					"name": "eyelid_right",
					"parent": "eyelids",
					"pivot": [-1.9, 21, -14.4],
					"cubes": [
						{
							"origin": [-3.0011, 20, -14.0466],
							"size": [2.001, 1.01, 0.04],
							"uv": {
								"north": {"uv": [4, 1], "uv_size": [2, 2]},
								"east": {"uv": [4, 1], "uv_size": [0.4, 2]},
								"south": {"uv": [4, 1], "uv_size": [2, 2]},
								"west": {"uv": [6, 1], "uv_size": [0.4, 2]},
								"up": {"uv": [6, 2.8], "uv_size": [-2, -0.8]},
								"down": {"uv": [6, 2.8], "uv_size": [-2, -0.8]}
							}
						}
					]
				},
				{
					"name": "eyelid_left",
					"parent": "eyelids",
					"pivot": [1.9, 21, -14.4],
					"cubes": [
						{
							"origin": [1.0001, 20, -14.0466],
							"size": [2.001, 1.01, 0.04],
							"uv": {
								"north": {"uv": [6, 1], "uv_size": [-2, 2]},
								"east": {"uv": [6.4, 1], "uv_size": [-0.4, 2]},
								"south": {"uv": [6, 1], "uv_size": [-2, 2]},
								"west": {"uv": [4.4, 1], "uv_size": [-0.4, 2]},
								"up": {"uv": [4, 2.8], "uv_size": [2, -0.8]},
								"down": {"uv": [4, 2.8], "uv_size": [2, -0.8]}
							}
						}
					]
				},
				{
					"name": "eye",
					"parent": "head",
					"pivot": [0.9, 7, 0]
				},
				{
					"name": "eye_right",
					"parent": "eye",
					"pivot": [0.9, 7, -0.1]
				},
				{
					"name": "eye_r",
					"parent": "eye_right",
					"pivot": [-2, 19, -14.1],
					"cubes": [
						{
							"origin": [-3, 19, -14.0166],
							"size": [2, 1, 0.02],
							"uv": {
								"north": {"uv": [1, 1], "uv_size": [2, 2]},
								"east": {"uv": [2, 1], "uv_size": [0.4, 2]},
								"south": {"uv": [1, 1], "uv_size": [2, 2]},
								"west": {"uv": [2, 1], "uv_size": [0.4, 2]},
								"up": {"uv": [3, 1.8], "uv_size": [-2, -0.8]},
								"down": {"uv": [3, 1.8], "uv_size": [-2, -0.8]}
							}
						}
					]
				},
				{
					"name": "eye_left",
					"parent": "eye",
					"pivot": [-0.9, 7, -0.1]
				},
				{
					"name": "eye_l",
					"parent": "eye_left",
					"pivot": [2, 19, -14.1],
					"cubes": [
						{
							"origin": [1, 19, -14.0166],
							"size": [2, 1, 0.02],
							"uv": {
								"north": {"uv": [3, 1], "uv_size": [-2, 2]},
								"east": {"uv": [2.4, 1], "uv_size": [-0.4, 2]},
								"south": {"uv": [3, 1], "uv_size": [-2, 2]},
								"west": {"uv": [2.4, 1], "uv_size": [-0.4, 2]},
								"up": {"uv": [1, 1.8], "uv_size": [2, -0.8]},
								"down": {"uv": [1, 1.8], "uv_size": [2, -0.8]}
							}
						}
					]
				},
				{
					"name": "body_sheep",
					"parent": "upper_body",
					"pivot": [0, 19, 2],
					"rotation": [90, 0, 0],
					"cubes": [
						{
							"origin": [-4, 13, -5],
							"size": [8, 16, 6],
							"inflate": 1.75,
							"uv": {
								"north": {"uv": [34, 46], "uv_size": [8, 16]},
								"east": {"uv": [28, 46], "uv_size": [6, 16]},
								"south": {"uv": [48, 46], "uv_size": [8, 16]},
								"west": {"uv": [42, 46], "uv_size": [6, 16]},
								"up": {"uv": [34, 40], "uv_size": [8, 6]},
								"down": {"uv": [42, 46], "uv_size": [8, -6]}
							}
						},
						{
							"origin": [-4, 13, -5],
							"size": [8, 16, 6],
							"uv": {
								"north": {"uv": [34, 14], "uv_size": [8, 16]},
								"east": {"uv": [28, 14], "uv_size": [6, 16]},
								"south": {"uv": [48, 14], "uv_size": [8, 16]},
								"west": {"uv": [42, 14], "uv_size": [6, 16]},
								"up": {"uv": [34, 8], "uv_size": [8, 6]},
								"down": {"uv": [42, 14], "uv_size": [8, -6]}
							}
						}
					]
				},
				{
					"name": "lower_body",
					"parent": "Root",
					"pivot": [0, 0, 0]
				},
				{
					"name": "leg0",
					"parent": "lower_body",
					"pivot": [-3, 12, 7],
					"cubes": [
						{
							"origin": [-5, 6, 5],
							"size": [4, 6, 4],
							"inflate": 0.5,
							"uv": {
								"north": {"uv": [4, 52], "uv_size": [4, 6]},
								"east": {"uv": [0, 52], "uv_size": [4, 6]},
								"south": {"uv": [12, 52], "uv_size": [4, 6]},
								"west": {"uv": [8, 52], "uv_size": [4, 6]},
								"up": {"uv": [4, 48], "uv_size": [4, 4]},
								"down": {"uv": [8, 52], "uv_size": [4, -4]}
							}
						},
						{
							"origin": [-5, 0, 5],
							"size": [4, 12, 4],
							"uv": {
								"north": {"uv": [4, 20], "uv_size": [4, 12]},
								"east": {"uv": [0, 20], "uv_size": [4, 12]},
								"south": {"uv": [12, 20], "uv_size": [4, 12]},
								"west": {"uv": [8, 20], "uv_size": [4, 12]},
								"up": {"uv": [4, 16], "uv_size": [4, 4]},
								"down": {"uv": [8, 20], "uv_size": [4, -4]}
							}
						}
					]
				},
				{
					"name": "leg1",
					"parent": "lower_body",
					"pivot": [3, 12, 7],
					"cubes": [
						{
							"origin": [1, 6, 5],
							"size": [4, 6, 4],
							"inflate": 0.5,
							"uv": {
								"north": {"uv": [4, 52], "uv_size": [4, 6]},
								"east": {"uv": [0, 52], "uv_size": [4, 6]},
								"south": {"uv": [12, 52], "uv_size": [4, 6]},
								"west": {"uv": [8, 52], "uv_size": [4, 6]},
								"up": {"uv": [4, 48], "uv_size": [4, 4]},
								"down": {"uv": [8, 52], "uv_size": [4, -4]}
							}
						},
						{
							"origin": [1, 0, 5],
							"size": [4, 12, 4],
							"uv": {
								"north": {"uv": [4, 20], "uv_size": [4, 12]},
								"east": {"uv": [0, 20], "uv_size": [4, 12]},
								"south": {"uv": [12, 20], "uv_size": [4, 12]},
								"west": {"uv": [8, 20], "uv_size": [4, 12]},
								"up": {"uv": [4, 16], "uv_size": [4, 4]},
								"down": {"uv": [8, 20], "uv_size": [4, -4]}
							}
						}
					]
				},
				{
					"name": "leg2",
					"parent": "lower_body",
					"pivot": [-3, 12, -5],
					"cubes": [
						{
							"origin": [-5, 6, -7],
							"size": [4, 6, 4],
							"inflate": 0.5,
							"uv": {
								"north": {"uv": [4, 52], "uv_size": [4, 6]},
								"east": {"uv": [0, 52], "uv_size": [4, 6]},
								"south": {"uv": [12, 52], "uv_size": [4, 6]},
								"west": {"uv": [8, 52], "uv_size": [4, 6]},
								"up": {"uv": [4, 48], "uv_size": [4, 4]},
								"down": {"uv": [8, 52], "uv_size": [4, -4]}
							}
						},
						{
							"origin": [-5, 0, -7],
							"size": [4, 12, 4],
							"uv": {
								"north": {"uv": [4, 20], "uv_size": [4, 12]},
								"east": {"uv": [0, 20], "uv_size": [4, 12]},
								"south": {"uv": [12, 20], "uv_size": [4, 12]},
								"west": {"uv": [8, 20], "uv_size": [4, 12]},
								"up": {"uv": [4, 16], "uv_size": [4, 4]},
								"down": {"uv": [8, 20], "uv_size": [4, -4]}
							}
						}
					]
				},
				{
					"name": "leg3",
					"parent": "lower_body",
					"pivot": [3, 12, -5],
					"cubes": [
						{
							"origin": [1, 6, -7],
							"size": [4, 6, 4],
							"inflate": 0.5,
							"uv": {
								"north": {"uv": [4, 52], "uv_size": [4, 6]},
								"east": {"uv": [0, 52], "uv_size": [4, 6]},
								"south": {"uv": [12, 52], "uv_size": [4, 6]},
								"west": {"uv": [8, 52], "uv_size": [4, 6]},
								"up": {"uv": [4, 48], "uv_size": [4, 4]},
								"down": {"uv": [8, 52], "uv_size": [4, -4]}
							}
						},
						{
							"origin": [1, 0, -7],
							"size": [4, 12, 4],
							"uv": {
								"north": {"uv": [4, 20], "uv_size": [4, 12]},
								"east": {"uv": [0, 20], "uv_size": [4, 12]},
								"south": {"uv": [12, 20], "uv_size": [4, 12]},
								"west": {"uv": [8, 20], "uv_size": [4, 12]},
								"up": {"uv": [4, 16], "uv_size": [4, 4]},
								"down": {"uv": [8, 20], "uv_size": [4, -4]}
							}
						}
					]
				}
			]
		},
                {
			"description": {
				"identifier": "geometry.sheep.sheared",
				"texture_width": 64,
				"texture_height": 64,
				"visible_bounds_width": 5,
				"visible_bounds_height": 3.375,
				"visible_bounds_offset": [0, 1.3125, 0]
			},
			"bones": [
				{
					"name": "Root",
					"pivot": [0, 0, 0]
				},
				{
					"name": "upper_body",
					"parent": "Root",
					"pivot": [0, 10.2, 0]
				},
				{
					"name": "head",
					"parent": "upper_body",
					"pivot": [0, 18, -8],
					"cubes": [
						{
							"origin": [-3, 16, -14],
							"size": [6, 6, 8],
							"uv": {
								"north": {"uv": [8, 8], "uv_size": [6, 6]},
								"east": {"uv": [0, 8], "uv_size": [8, 6]},
								"south": {"uv": [22, 8], "uv_size": [6, 6]},
								"west": {"uv": [14, 8], "uv_size": [8, 6]},
								"up": {"uv": [8, 0], "uv_size": [6, 8]},
								"down": {"uv": [14, 8], "uv_size": [6, -8]}
							}
						}
					],
					"locators": {
						"lead": [0, 18, -8]
					}
				},
				{
					"name": "eyeballs",
					"parent": "head",
					"pivot": [0.9, 7, 0]
				},
				{
					"name": "eyeball_right",
					"parent": "eyeballs",
					"pivot": [-2.5, 19.5, -14],
					"cubes": [
						{
							"origin": [-3, 19, -14.0336],
							"size": [1, 1, 0.02],
							"uv": {
								"north": {"uv": [1, 4], "uv_size": [1.1, 2]},
								"east": {"uv": [1, 4], "uv_size": [0.05, 2]},
								"south": {"uv": [1, 4], "uv_size": [1.1, 2]},
								"west": {"uv": [2, 4], "uv_size": [0.05, 2]},
								"up": {"uv": [2.1, 6.1], "uv_size": [-1.1, -0.1]},
								"down": {"uv": [2.1, 4.1], "uv_size": [-1.1, -0.1]}
							}
						}
					]
				},
				{
					"name": "eyeball_left",
					"parent": "eyeballs",
					"pivot": [2.5, 19.5, -14],
					"cubes": [
						{
							"origin": [2, 19, -14.0336],
							"size": [1, 1, 0.02],
							"uv": {
								"north": {"uv": [2.1, 4], "uv_size": [-1.1, 2]},
								"east": {"uv": [2.05, 4], "uv_size": [-0.05, 2]},
								"south": {"uv": [2.1, 4], "uv_size": [-1.1, 2]},
								"west": {"uv": [1.05, 4], "uv_size": [-0.05, 2]},
								"up": {"uv": [1, 6.1], "uv_size": [1.1, -0.1]},
								"down": {"uv": [1, 4.1], "uv_size": [1.1, -0.1]}
							}
						}
					]
				},
				{
					"name": "eyelids",
					"parent": "head",
					"pivot": [1, 7, 0]
				},
				{
					"name": "eyelid_right",
					"parent": "eyelids",
					"pivot": [-1.9, 21, -14.4],
					"cubes": [
						{
							"origin": [-3.0011, 20, -14.0466],
							"size": [2.001, 1.01, 0.04],
							"uv": {
								"north": {"uv": [4, 1], "uv_size": [2, 2]},
								"east": {"uv": [4, 1], "uv_size": [0.4, 2]},
								"south": {"uv": [4, 1], "uv_size": [2, 2]},
								"west": {"uv": [6, 1], "uv_size": [0.4, 2]},
								"up": {"uv": [6, 2.8], "uv_size": [-2, -0.8]},
								"down": {"uv": [6, 2.8], "uv_size": [-2, -0.8]}
							}
						}
					]
				},
				{
					"name": "eyelid_left",
					"parent": "eyelids",
					"pivot": [1.9, 21, -14.4],
					"cubes": [
						{
							"origin": [1.0001, 20, -14.0466],
							"size": [2.001, 1.01, 0.04],
							"uv": {
								"north": {"uv": [6, 1], "uv_size": [-2, 2]},
								"east": {"uv": [6.4, 1], "uv_size": [-0.4, 2]},
								"south": {"uv": [6, 1], "uv_size": [-2, 2]},
								"west": {"uv": [4.4, 1], "uv_size": [-0.4, 2]},
								"up": {"uv": [4, 2.8], "uv_size": [2, -0.8]},
								"down": {"uv": [4, 2.8], "uv_size": [2, -0.8]}
							}
						}
					]
				},
				{
					"name": "eye",
					"parent": "head",
					"pivot": [0.9, 7, 0]
				},
				{
					"name": "eye_right",
					"parent": "eye",
					"pivot": [0.9, 7, -0.1]
				},
				{
					"name": "eye_r",
					"parent": "eye_right",
					"pivot": [-2, 19, -14.1],
					"cubes": [
						{
							"origin": [-3, 19, -14.0166],
							"size": [2, 1, 0.02],
							"uv": {
								"north": {"uv": [1, 1], "uv_size": [2, 2]},
								"east": {"uv": [2, 1], "uv_size": [0.4, 2]},
								"south": {"uv": [1, 1], "uv_size": [2, 2]},
								"west": {"uv": [2, 1], "uv_size": [0.4, 2]},
								"up": {"uv": [3, 1.8], "uv_size": [-2, -0.8]},
								"down": {"uv": [3, 1.8], "uv_size": [-2, -0.8]}
							}
						}
					]
				},
				{
					"name": "eye_left",
					"parent": "eye",
					"pivot": [-0.9, 7, -0.1]
				},
				{
					"name": "eye_l",
					"parent": "eye_left",
					"pivot": [2, 19, -14.1],
					"cubes": [
						{
							"origin": [1, 19, -14.0166],
							"size": [2, 1, 0.02],
							"uv": {
								"north": {"uv": [3, 1], "uv_size": [-2, 2]},
								"east": {"uv": [2.4, 1], "uv_size": [-0.4, 2]},
								"south": {"uv": [3, 1], "uv_size": [-2, 2]},
								"west": {"uv": [2.4, 1], "uv_size": [-0.4, 2]},
								"up": {"uv": [1, 1.8], "uv_size": [2, -0.8]},
								"down": {"uv": [1, 1.8], "uv_size": [2, -0.8]}
							}
						}
					]
				},
				{
					"name": "body_sheep",
					"parent": "upper_body",
					"pivot": [0, 19, 2],
					"rotation": [90, 0, 0],
					"cubes": [
						{
							"origin": [-4, 13, -5],
							"size": [8, 16, 6],
							"uv": {
								"north": {"uv": [34, 14], "uv_size": [8, 16]},
								"east": {"uv": [28, 14], "uv_size": [6, 16]},
								"south": {"uv": [48, 14], "uv_size": [8, 16]},
								"west": {"uv": [42, 14], "uv_size": [6, 16]},
								"up": {"uv": [34, 8], "uv_size": [8, 6]},
								"down": {"uv": [42, 14], "uv_size": [8, -6]}
							}
						}
					]
				},
				{
					"name": "lower_body",
					"parent": "Root",
					"pivot": [0, 0, 0]
				},
				{
					"name": "leg0",
					"parent": "lower_body",
					"pivot": [-3, 12, 7],
					"cubes": [
						{
							"origin": [-5, 0, 5],
							"size": [4, 12, 4],
							"uv": {
								"north": {"uv": [4, 20], "uv_size": [4, 12]},
								"east": {"uv": [0, 20], "uv_size": [4, 12]},
								"south": {"uv": [12, 20], "uv_size": [4, 12]},
								"west": {"uv": [8, 20], "uv_size": [4, 12]},
								"up": {"uv": [4, 16], "uv_size": [4, 4]},
								"down": {"uv": [8, 20], "uv_size": [4, -4]}
							}
						}
					]
				},
				{
					"name": "leg1",
					"parent": "lower_body",
					"pivot": [3, 12, 7],
					"cubes": [
						{
							"origin": [1, 0, 5],
							"size": [4, 12, 4],
							"uv": {
								"north": {"uv": [4, 20], "uv_size": [4, 12]},
								"east": {"uv": [0, 20], "uv_size": [4, 12]},
								"south": {"uv": [12, 20], "uv_size": [4, 12]},
								"west": {"uv": [8, 20], "uv_size": [4, 12]},
								"up": {"uv": [4, 16], "uv_size": [4, 4]},
								"down": {"uv": [8, 20], "uv_size": [4, -4]}
							}
						}
					]
				},
				{
					"name": "leg2",
					"parent": "lower_body",
					"pivot": [-3, 12, -5],
					"cubes": [
						{
							"origin": [-5, 0, -7],
							"size": [4, 12, 4],
							"uv": {
								"north": {"uv": [4, 20], "uv_size": [4, 12]},
								"east": {"uv": [0, 20], "uv_size": [4, 12]},
								"south": {"uv": [12, 20], "uv_size": [4, 12]},
								"west": {"uv": [8, 20], "uv_size": [4, 12]},
								"up": {"uv": [4, 16], "uv_size": [4, 4]},
								"down": {"uv": [8, 20], "uv_size": [4, -4]}
							}
						}
					]
				},
				{
					"name": "leg3",
					"parent": "lower_body",
					"pivot": [3, 12, -5],
					"cubes": [
						{
							"origin": [1, 0, -7],
							"size": [4, 12, 4],
							"uv": {
								"north": {"uv": [4, 20], "uv_size": [4, 12]},
								"east": {"uv": [0, 20], "uv_size": [4, 12]},
								"south": {"uv": [12, 20], "uv_size": [4, 12]},
								"west": {"uv": [8, 20], "uv_size": [4, 12]},
								"up": {"uv": [4, 16], "uv_size": [4, 4]},
								"down": {"uv": [8, 20], "uv_size": [4, -4]}
							}
						}
					]
				}
			]
		}
	]
}