{
	"format_version": "1.12.0",
	"minecraft:geometry": [
		{
			"description": {
				"identifier": "geometry.spider",
				"texture_width": 64,
				"texture_height": 32,
				"visible_bounds_width": 4,
				"visible_bounds_height": 2,
				"visible_bounds_offset": [0, 1, 0]
			},
			"bones": [
				{
					"name": "Root",
					"pivot": [0, 0, 0]
				},
				{
					"name": "body",
					"parent": "Root",
					"pivot": [0, 9, 0]
				},
				{
					"name": "head",
					"parent": "body",
					"pivot": [0, 9, -3],
					"cubes": [
						{
							"origin": [-4, 5, -11],
							"size": [8, 8, 8],
							"uv": {
								"north": {"uv": [40, 12], "uv_size": [8, 8]},
								"east": {"uv": [32, 12], "uv_size": [8, 8]},
								"south": {"uv": [56, 12], "uv_size": [8, 8]},
								"west": {"uv": [48, 12], "uv_size": [8, 8]},
								"up": {"uv": [40, 4], "uv_size": [8, 8]},
								"down": {"uv": [48, 12], "uv_size": [8, -8]}
							}
						}
					]
				},
				{
					"name": "fangs",
					"parent": "head",
					"pivot": [0, 0, 0]
				},
				{
					"name": "right",
					"parent": "fangs",
					"pivot": [-2, 7, -11],
					"cubes": [
						{
							"origin": [-3, 4.1, -11.2],
							"size": [2, 2.9, 0.6],
							"uv": {
								"north": {"uv": [52, 23], "uv_size": [2, 2.9]},
								"east": {"uv": [52, 23], "uv_size": [0.6, 1.9]},
								"south": {"uv": [52, 23], "uv_size": [2, 2.9]},
								"west": {"uv": [53, 23], "uv_size": [0.6, 1.9]},
								"up": {"uv": [58, 24.6], "uv_size": [-2, -0.6]},
								"down": {"uv": [58, 23.6], "uv_size": [-2, -0.6]}
							}
						}
					]
				},
				{
					"name": "left",
					"parent": "fangs",
					"pivot": [2, 7, -11],
					"cubes": [
						{
							"origin": [1, 4.1, -11.2],
							"size": [2, 2.9, 0.6],
							"uv": {
								"north": {"uv": [56, 23], "uv_size": [2, 2.9]},
								"east": {"uv": [56, 23], "uv_size": [0.6, 1.9]},
								"south": {"uv": [56, 23], "uv_size": [2, 2.9]},
								"west": {"uv": [57, 24], "uv_size": [0.6, 1.9]},
								"up": {"uv": [54, 23.6], "uv_size": [-2, -0.6]},
								"down": {"uv": [54, 23.6], "uv_size": [-2, -0.6]}
							}
						}
					]
				},
				{
					"name": "body0",
					"parent": "body",
					"pivot": [0, 9, 9],
					"cubes": [
						{
							"origin": [-3, 6, -3],
							"size": [6, 6, 6],
							"uv": {
								"north": {"uv": [6, 6], "uv_size": [6, 6]},
								"east": {"uv": [0, 6], "uv_size": [6, 6]},
								"south": {"uv": [18, 6], "uv_size": [6, 6]},
								"west": {"uv": [12, 6], "uv_size": [6, 6]},
								"up": {"uv": [6, 0], "uv_size": [6, 6]},
								"down": {"uv": [12, 6], "uv_size": [6, -6]}
							}
						}
					]
				},
				{
					"name": "body1",
					"parent": "body",
					"pivot": [0, 9, 9],
					"cubes": [
						{
							"origin": [-5, 5, 3],
							"size": [10, 8, 12],
							"uv": {
								"north": {"uv": [12, 24], "uv_size": [10, 8]},
								"east": {"uv": [0, 24], "uv_size": [12, 8]},
								"south": {"uv": [34, 24], "uv_size": [10, 8]},
								"west": {"uv": [22, 24], "uv_size": [12, 8]},
								"up": {"uv": [12, 12], "uv_size": [10, 12]},
								"down": {"uv": [22, 24], "uv_size": [10, -12]}
							}
						}
					]
				},
				{
					"name": "legs",
					"parent": "Root",
					"pivot": [0, 0, 0]
				},
				{
					"name": "leg1",
					"parent": "legs",
					"pivot": [-4, 10, -1.4],
					"rotation": [14.50551, -37.77438, -33.56824],
					"cubes": [
						{
							"origin": [-19.1, 9, -2.8],
							"size": [16, 2, 2],
							"uv": {
								"north": {"uv": [20, 2], "uv_size": [16, 2]},
								"east": {"uv": [18, 2], "uv_size": [2, 2]},
								"south": {"uv": [38, 2], "uv_size": [16, 2]},
								"west": {"uv": [36, 2], "uv_size": [2, 2]},
								"up": {"uv": [20, 0], "uv_size": [16, 2]},
								"down": {"uv": [36, 2], "uv_size": [16, -2]}
							}
						}
					]
				},
				{
					"name": "leg2",
					"parent": "legs",
					"pivot": [-4, 9.4, 0],
					"rotation": [2.27874, -16.65882, -28.51445],
					"cubes": [
						{
							"origin": [-18.9, 8.9, -1.3],
							"size": [16, 2, 2],
							"uv": {
								"north": {"uv": [20, 2], "uv_size": [16, 2]},
								"east": {"uv": [18, 2], "uv_size": [2, 2]},
								"south": {"uv": [38, 2], "uv_size": [16, 2]},
								"west": {"uv": [36, 2], "uv_size": [2, 2]},
								"up": {"uv": [20, 0], "uv_size": [16, 2]},
								"down": {"uv": [36, 2], "uv_size": [16, -2]}
							}
						}
					]
				},
				{
					"name": "leg3",
					"parent": "legs",
					"pivot": [-4, 9, 1],
					"rotation": [-1.23921, 11.89198, -27.18235],
					"cubes": [
						{
							"origin": [-18.8, 8.8, 0],
							"size": [16, 2, 2],
							"uv": {
								"north": {"uv": [20, 2], "uv_size": [16, 2]},
								"east": {"uv": [18, 2], "uv_size": [2, 2]},
								"south": {"uv": [38, 2], "uv_size": [16, 2]},
								"west": {"uv": [36, 2], "uv_size": [2, 2]},
								"up": {"uv": [20, 0], "uv_size": [16, 2]},
								"down": {"uv": [36, 2], "uv_size": [16, -2]}
							}
						}
					]
				},
				{
					"name": "leg4",
					"parent": "legs",
					"pivot": [-4, 9, 1.6],
					"rotation": [-6.47235, 36.40387, -32.60364],
					"cubes": [
						{
							"origin": [-19, 9, 0.6],
							"size": [16, 2, 2],
							"uv": {
								"north": {"uv": [20, 2], "uv_size": [16, 2]},
								"east": {"uv": [18, 2], "uv_size": [2, 2]},
								"south": {"uv": [38, 2], "uv_size": [16, 2]},
								"west": {"uv": [36, 2], "uv_size": [2, 2]},
								"up": {"uv": [20, 0], "uv_size": [16, 2]},
								"down": {"uv": [36, 2], "uv_size": [16, -2]}
							}
						}
					]
				},
				{
					"name": "leg5",
					"parent": "legs",
					"pivot": [4, 10, -1.4],
					"rotation": [14.50551, 37.77438, 33.56824],
					"cubes": [
						{
							"origin": [3.1, 9, -2.8],
							"size": [16, 2, 2],
							"uv": {
								"north": {"uv": [36, 2], "uv_size": [-16, 2]},
								"east": {"uv": [38, 2], "uv_size": [-2, 2]},
								"south": {"uv": [54, 2], "uv_size": [-16, 2]},
								"west": {"uv": [20, 2], "uv_size": [-2, 2]},
								"up": {"uv": [36, 0], "uv_size": [-16, 2]},
								"down": {"uv": [52, 2], "uv_size": [-16, -2]}
							}
						}
					]
				},
				{
					"name": "leg6",
					"parent": "legs",
					"pivot": [4, 9.4, 0],
					"rotation": [2.27874, 16.65882, 28.51445],
					"cubes": [
						{
							"origin": [2.9, 8.9, -1.3],
							"size": [16, 2, 2],
							"uv": {
								"north": {"uv": [36, 2], "uv_size": [-16, 2]},
								"east": {"uv": [38, 2], "uv_size": [-2, 2]},
								"south": {"uv": [54, 2], "uv_size": [-16, 2]},
								"west": {"uv": [20, 2], "uv_size": [-2, 2]},
								"up": {"uv": [36, 0], "uv_size": [-16, 2]},
								"down": {"uv": [52, 2], "uv_size": [-16, -2]}
							}
						}
					]
				},
				{
					"name": "leg7",
					"parent": "legs",
					"pivot": [4, 9, 1],
					"rotation": [-1.23921, -11.89198, 27.18235],
					"cubes": [
						{
							"origin": [2.8, 8.8, 0],
							"size": [16, 2, 2],
							"uv": {
								"north": {"uv": [36, 2], "uv_size": [-16, 2]},
								"east": {"uv": [38, 2], "uv_size": [-2, 2]},
								"south": {"uv": [54, 2], "uv_size": [-16, 2]},
								"west": {"uv": [20, 2], "uv_size": [-2, 2]},
								"up": {"uv": [36, 0], "uv_size": [-16, 2]},
								"down": {"uv": [52, 2], "uv_size": [-16, -2]}
							}
						}
					]
				},
				{
					"name": "leg8",
					"parent": "legs",
					"pivot": [4, 9, 1.6],
					"rotation": [-6.47235, -36.40387, 32.60364],
					"cubes": [
						{
							"origin": [3, 9, 0.6],
							"size": [16, 2, 2],
							"uv": {
								"north": {"uv": [36, 2], "uv_size": [-16, 2]},
								"east": {"uv": [38, 2], "uv_size": [-2, 2]},
								"south": {"uv": [54, 2], "uv_size": [-16, 2]},
								"west": {"uv": [20, 2], "uv_size": [-2, 2]},
								"up": {"uv": [36, 0], "uv_size": [-16, 2]},
								"down": {"uv": [52, 2], "uv_size": [-16, -2]}
							}
						}
					]
				}
			]
		}
	]
}