{
	"format_version": "1.12.0",
	"minecraft:geometry": [
		{
			"description": {
				"identifier": "geometry.witch",
				"texture_width": 64,
				"texture_height": 128,
				"visible_bounds_width": 2,
				"visible_bounds_height": 4,
				"visible_bounds_offset": [0, 2, 0]
			},
			"bones": [
				{
					"name": "Root",
					"pivot": [0, 0, 0]
				},
				{
					"name": "upper_body",
					"parent": "Root",
					"pivot": [0, 4.7, 0]
				},
				{
					"name": "body",
					"parent": "upper_body",
					"pivot": [0, 0, 0]
				},
				{
					"name": "body1",
					"parent": "body",
					"pivot": [0, 0, 0],
					"cubes": [
						{
							"origin": [-4, 12, -3],
							"size": [8, 12, 6],
							"uv": {
								"north": {"uv": [22, 26], "uv_size": [8, 12]},
								"east": {"uv": [16, 26], "uv_size": [6, 12]},
								"south": {"uv": [36, 26], "uv_size": [8, 12]},
								"west": {"uv": [30, 26], "uv_size": [6, 12]},
								"up": {"uv": [22, 20], "uv_size": [8, 6]},
								"down": {"uv": [30, 26], "uv_size": [8, -6]}
							}
						},
						{
							"origin": [-4, 6, -3],
							"size": [8, 18, 6],
							"inflate": 0.5,
							"uv": {
								"north": {"uv": [6, 44], "uv_size": [8, 18]},
								"east": {"uv": [0, 44], "uv_size": [6, 18]},
								"south": {"uv": [20, 44], "uv_size": [8, 18]},
								"west": {"uv": [14, 44], "uv_size": [6, 18]},
								"up": {"uv": [6, 38], "uv_size": [8, 6]},
								"down": {"uv": [14, 44], "uv_size": [8, -6]}
							}
						}
					]
				},
				{
					"name": "arms",
					"parent": "body",
					"pivot": [0, 22, 0],
					"cubes": [
						{
							"origin": [-4, 16, -2],
							"size": [8, 4, 4],
							"uv": {
								"north": {"uv": [44, 42], "uv_size": [8, 4]},
								"east": {"uv": [40, 42], "uv_size": [4, 4]},
								"south": {"uv": [56, 42], "uv_size": [8, 4]},
								"west": {"uv": [52, 42], "uv_size": [4, 4]},
								"up": {"uv": [44, 38], "uv_size": [8, 4]},
								"down": {"uv": [52, 42], "uv_size": [8, -4]}
							}
						},
						{
							"origin": [-8, 16, -2],
							"size": [4, 8, 4],
							"uv": {
								"north": {"uv": [48, 26], "uv_size": [4, 8]},
								"east": {"uv": [44, 26], "uv_size": [4, 8]},
								"south": {"uv": [56, 26], "uv_size": [4, 8]},
								"west": {"uv": [52, 26], "uv_size": [4, 8]},
								"up": {"uv": [48, 22], "uv_size": [4, 4]},
								"down": {"uv": [52, 26], "uv_size": [4, -4]}
							}
						},
						{
							"origin": [4, 16, -2],
							"size": [4, 8, 4],
							"uv": {
								"north": {"uv": [48, 26], "uv_size": [4, 8]},
								"east": {"uv": [44, 26], "uv_size": [4, 8]},
								"south": {"uv": [56, 26], "uv_size": [4, 8]},
								"west": {"uv": [52, 26], "uv_size": [4, 8]},
								"up": {"uv": [48, 22], "uv_size": [4, 4]},
								"down": {"uv": [52, 26], "uv_size": [4, -4]}
							}
						}
					]
				},
				{
					"name": "head",
					"parent": "upper_body",
					"pivot": [0, 24, 0],
					"cubes": [
						{
							"origin": [-4, 24, -4],
							"size": [8, 10, 8],
							"uv": {
								"north": {"uv": [8, 8], "uv_size": [8, 10]},
								"east": {"uv": [0, 8], "uv_size": [8, 10]},
								"south": {"uv": [24, 8], "uv_size": [8, 10]},
								"west": {"uv": [16, 8], "uv_size": [8, 10]},
								"up": {"uv": [8, 0], "uv_size": [8, 8]},
								"down": {"uv": [16, 8], "uv_size": [8, -8]}
							}
						}
					]
				},
				{
					"name": "nose",
					"parent": "head",
					"pivot": [0, 27, -4],
					"cubes": [
						{
							"origin": [-1, 23, -6],
							"size": [2, 4, 2],
							"uv": {
								"north": {"uv": [26, 2], "uv_size": [2, 4]},
								"east": {"uv": [24, 2], "uv_size": [2, 4]},
								"south": {"uv": [30, 2], "uv_size": [2, 4]},
								"west": {"uv": [28, 2], "uv_size": [2, 4]},
								"up": {"uv": [26, 0], "uv_size": [2, 2]},
								"down": {"uv": [28, 2], "uv_size": [2, -2]}
							}
						}
					]
				},
				{
					"name": "nose2",
					"parent": "nose",
					"pivot": [0, 0, 0],
					"cubes": [
						{
							"origin": [0, 25, -6.75],
							"size": [1, 1, 1],
							"inflate": -0.25,
							"uv": {
								"north": {"uv": [18, 23], "uv_size": [1, 1]},
								"east": {"uv": [17, 23], "uv_size": [1, 1]},
								"south": {"uv": [20, 23], "uv_size": [1, 1]},
								"west": {"uv": [19, 23], "uv_size": [1, 1]},
								"up": {"uv": [18, 22], "uv_size": [1, 1]},
								"down": {"uv": [19, 23], "uv_size": [1, -1]}
							}
						}
					]
				},
				{
					"name": "hat",
					"parent": "head",
					"pivot": [0.3, 34.13125, -0.4],
					"cubes": [
						{
							"origin": [-5, 32.05, -5],
							"size": [10, 2, 10],
							"uv": {
								"north": {"uv": [10, 74], "uv_size": [10, 2]},
								"east": {"uv": [0, 74], "uv_size": [10, 2]},
								"south": {"uv": [30, 74], "uv_size": [10, 2]},
								"west": {"uv": [20, 74], "uv_size": [10, 2]},
								"up": {"uv": [10, 64], "uv_size": [10, 10]},
								"down": {"uv": [20, 74], "uv_size": [10, -10]}
							}
						}
					]
				},
				{
					"name": "hat2",
					"parent": "hat",
					"pivot": [1.75, 32, 2],
					"rotation": [-3, 0, 1.5],
					"cubes": [
						{
							"origin": [-3.25, 33.5, -3],
							"size": [7, 4, 7],
							"uv": {
								"north": {"uv": [7, 83], "uv_size": [7, 4]},
								"east": {"uv": [0, 83], "uv_size": [7, 4]},
								"south": {"uv": [21, 83], "uv_size": [7, 4]},
								"west": {"uv": [14, 83], "uv_size": [7, 4]},
								"up": {"uv": [7, 76], "uv_size": [7, 7]},
								"down": {"uv": [14, 83], "uv_size": [7, -7]}
							}
						}
					]
				},
				{
					"name": "hat3",
					"parent": "hat2",
					"pivot": [1.75, 35, 2],
					"rotation": [-6, 0, 3],
					"cubes": [
						{
							"origin": [-1.5, 36.5, -1],
							"size": [4, 4, 4],
							"uv": {
								"north": {"uv": [4, 91], "uv_size": [4, 4]},
								"east": {"uv": [0, 91], "uv_size": [4, 4]},
								"south": {"uv": [12, 91], "uv_size": [4, 4]},
								"west": {"uv": [8, 91], "uv_size": [4, 4]},
								"up": {"uv": [4, 87], "uv_size": [4, 4]},
								"down": {"uv": [8, 91], "uv_size": [4, -4]}
							}
						}
					]
				},
				{
					"name": "hat4",
					"parent": "hat3",
					"pivot": [1.75, 38, 2],
					"rotation": [-12, 0, 6],
					"cubes": [
						{
							"origin": [0.25, 40, 1],
							"size": [1, 2, 1],
							"inflate": 0.25,
							"uv": {
								"north": {"uv": [1, 96], "uv_size": [1, 2]},
								"east": {"uv": [0, 96], "uv_size": [1, 2]},
								"south": {"uv": [3, 96], "uv_size": [1, 2]},
								"west": {"uv": [2, 96], "uv_size": [1, 2]},
								"up": {"uv": [1, 95], "uv_size": [1, 1]},
								"down": {"uv": [2, 96], "uv_size": [1, -1]}
							}
						}
					]
				},
				{
					"name": "eye",
					"parent": "head",
					"pivot": [0, 0.01562, 0.00337]
				},
				{
					"name": "eye_r",
					"parent": "eye",
					"pivot": [0, 0.01562, 0.00337]
				},
				{
					"name": "right",
					"parent": "eye_r",
					"pivot": [-2, 27.01562, -3.99663],
					"cubes": [
						{
							"origin": [-3, 27, -3.9166],
							"size": [2, 1, 0.4],
							"uv": {
								"north": {"uv": [1, 39], "uv_size": [2, 2]},
								"east": {"uv": [1, 39], "uv_size": [0.4, 2]},
								"south": {"uv": [1, 39], "uv_size": [2, 2]},
								"west": {"uv": [2, 39], "uv_size": [0.4, 2]},
								"up": {"uv": [3, 39.8], "uv_size": [-2, -0.8]},
								"down": {"uv": [3, 40.8], "uv_size": [-2, -0.8]}
							}
						}
					]
				},
				{
					"name": "eye_layer_x",
					"parent": "eye_r",
					"pivot": [-2, 27.01562, -3.89663],
					"cubes": [
						{
							"origin": [-3.1, 26.998, -3.99563],
							"size": [0.1, 1, 0.5],
							"uv": {
								"north": {"uv": [1, 4], "uv_size": [0.1, 2]},
								"east": {"uv": [1, 4], "uv_size": [0.5, 2]},
								"south": {"uv": [2, 3], "uv_size": [-0.9, 3]},
								"west": {"uv": [1, 4], "uv_size": [0.5, 1]},
								"up": {"uv": [1.6, 5.2], "uv_size": [-0.1, -1]},
								"down": {"uv": [2.1, 5], "uv_size": [-0.1, -1]}
							}
						},
						{
							"origin": [-1, 26.998, -3.99563],
							"size": [0.1, 1, 0.5],
							"uv": {
								"north": {"uv": [1, 4], "uv_size": [0.1, 2]},
								"east": {"uv": [1, 4], "uv_size": [1.5, 2]},
								"south": {"uv": [1, 4], "uv_size": [1.1, 2]},
								"west": {"uv": [1, 4], "uv_size": [1.5, 2]},
								"up": {"uv": [1.6, 5.2], "uv_size": [-0.1, -1]},
								"down": {"uv": [2.1, 6], "uv_size": [-0.1, -1]}
							}
						}
					]
				},
				{
					"name": "eye_layer_y",
					"parent": "eye_r",
					"pivot": [0, 0.01562, 0.00337]
				},
				{
					"name": "top",
					"parent": "eye_layer_y",
					"pivot": [-2, 28.01562, -4.29663],
					"cubes": [
						{
							"origin": [-0.718, 27.81562, -3.99563],
							"size": [0.1, 2.2, 0.5],
							"pivot": [-0.9, 27.81562, -3.79663],
							"rotation": [0, 0, -90],
							"uv": {
								"north": {"uv": [1, 4], "uv_size": [0.1, 2]},
								"east": {"uv": [1, 3], "uv_size": [0.5, 2]},
								"south": {"uv": [1, 4], "uv_size": [0.1, 2]},
								"west": {"uv": [1, 4], "uv_size": [1.5, 2]},
								"up": {"uv": [2.6, 5.2], "uv_size": [-0.1, -1]},
								"down": {"uv": [2.1, 5], "uv_size": [-0.1, -1]}
							}
						}
					]
				},
				{
					"name": "down",
					"parent": "eye_layer_y",
					"pivot": [0, 0.01562, 0.00337],
					"cubes": [
						{
							"origin": [-1.818, 27.81562, -3.99563],
							"size": [0.1, 2.2, 0.5],
							"pivot": [-0.9, 27.81562, -3.79663],
							"rotation": [0, 0, -90],
							"uv": {
								"north": {"uv": [1, 4], "uv_size": [0.1, 2]},
								"east": {"uv": [2, 4], "uv_size": [0.5, 2]},
								"south": {"uv": [1, 4], "uv_size": [1.1, 2]},
								"west": {"uv": [1, 4], "uv_size": [0.5, 2]},
								"up": {"uv": [1.6, 4.2], "uv_size": [-0.1, -1]},
								"down": {"uv": [2.1, 5], "uv_size": [-0.1, -1]}
							}
						}
					]
				},
				{
					"name": "eye_l",
					"parent": "eye",
					"pivot": [0, 0.01562, 0.00337]
				},
				{
					"name": "left",
					"parent": "eye_l",
					"pivot": [2, 27.01562, -3.99663],
					"cubes": [
						{
							"origin": [1, 27, -3.9166],
							"size": [2, 1, 0.4],
							"uv": {
								"north": {"uv": [3, 39], "uv_size": [-2, 2]},
								"east": {"uv": [2.4, 39], "uv_size": [-0.4, 2]},
								"south": {"uv": [3, 39], "uv_size": [-2, 2]},
								"west": {"uv": [1.4, 39], "uv_size": [-0.4, 2]},
								"up": {"uv": [1, 39.8], "uv_size": [2, -0.8]},
								"down": {"uv": [1, 40.8], "uv_size": [2, -0.8]}
							}
						}
					]
				},
				{
					"name": "eye_layer_x2",
					"parent": "eye_l",
					"pivot": [2, 27.01562, -3.89663],
					"cubes": [
						{
							"origin": [3, 26.998, -3.99563],
							"size": [0.1, 1, 0.5],
							"uv": {
								"north": {"uv": [1.1, 4], "uv_size": [-0.1, 2]},
								"east": {"uv": [1.5, 4], "uv_size": [-0.5, 1]},
								"south": {"uv": [1.1, 3], "uv_size": [0.9, 3]},
								"west": {"uv": [1.5, 4], "uv_size": [-0.5, 2]},
								"up": {"uv": [1.5, 5.2], "uv_size": [0.1, -1]},
								"down": {"uv": [2, 5], "uv_size": [0.1, -1]}
							}
						},
						{
							"origin": [0.9, 26.998, -3.99563],
							"size": [0.1, 1, 0.5],
							"uv": {
								"north": {"uv": [1.1, 4], "uv_size": [-0.1, 2]},
								"east": {"uv": [2.5, 4], "uv_size": [-1.5, 2]},
								"south": {"uv": [2.1, 4], "uv_size": [-1.1, 2]},
								"west": {"uv": [2.5, 4], "uv_size": [-1.5, 2]},
								"up": {"uv": [1.5, 5.2], "uv_size": [0.1, -1]},
								"down": {"uv": [2, 6], "uv_size": [0.1, -1]}
							}
						}
					]
				},
				{
					"name": "eye_layer_y2",
					"parent": "eye_l",
					"pivot": [0, 0.01562, 0.00337]
				},
				{
					"name": "top2",
					"parent": "eye_layer_y2",
					"pivot": [2, 28.01562, -4.29663],
					"cubes": [
						{
							"origin": [0.618, 27.81562, -3.99563],
							"size": [0.1, 2.2, 0.5],
							"pivot": [0.9, 27.81562, -3.79663],
							"rotation": [0, 0, 90],
							"uv": {
								"north": {"uv": [1.1, 4], "uv_size": [-0.1, 2]},
								"east": {"uv": [2.5, 4], "uv_size": [-1.5, 2]},
								"south": {"uv": [1.1, 4], "uv_size": [-0.1, 2]},
								"west": {"uv": [1.5, 3], "uv_size": [-0.5, 2]},
								"up": {"uv": [2.5, 5.2], "uv_size": [0.1, -1]},
								"down": {"uv": [2, 5], "uv_size": [0.1, -1]}
							}
						}
					]
				},
				{
					"name": "down2",
					"parent": "eye_layer_y2",
					"pivot": [0, 0.01562, 0.00337],
					"cubes": [
						{
							"origin": [1.718, 27.81562, -3.99563],
							"size": [0.1, 2.2, 0.5],
							"pivot": [0.9, 27.81562, -3.79663],
							"rotation": [0, 0, 90],
							"uv": {
								"north": {"uv": [1.1, 4], "uv_size": [-0.1, 2]},
								"east": {"uv": [1.5, 4], "uv_size": [-0.5, 2]},
								"south": {"uv": [2.1, 4], "uv_size": [-1.1, 2]},
								"west": {"uv": [2.5, 4], "uv_size": [-0.5, 2]},
								"up": {"uv": [1.5, 4.2], "uv_size": [0.1, -1]},
								"down": {"uv": [2, 5], "uv_size": [0.1, -1]}
							}
						}
					]
				},
				{
					"name": "eyelids",
					"parent": "head",
					"pivot": [0, 28.01562, -3.99663]
				},
				{
					"name": "eyelid_right",
					"parent": "eyelids",
					"pivot": [-2, 28.01562, -3.99663],
					"cubes": [
						{
							"origin": [-3, 27.998, -3.98663],
							"size": [2, 1, 0.01],
							"uv": {
								"north": {"uv": [2, 3], "uv_size": [-1, 2]},
								"east": {"uv": [1.01, 3], "uv_size": [-0.01, 2]},
								"south": {"uv": [2, 3], "uv_size": [-1, 2]},
								"west": {"uv": [1.01, 3], "uv_size": [-0.01, 2]},
								"up": {"uv": [1, 5.02], "uv_size": [1, -1.02]},
								"down": {"uv": [1, 5.02], "uv_size": [1, -1.02]}
							}
						}
					]
				},
				{
					"name": "eyelid_left",
					"parent": "eyelids",
					"pivot": [2, 28.01562, -3.99663],
					"cubes": [
						{
							"origin": [1, 27.998, -3.98663],
							"size": [2, 1, 0.01],
							"uv": {
								"north": {"uv": [1, 3], "uv_size": [1, 2]},
								"east": {"uv": [1, 3], "uv_size": [0.01, 2]},
								"south": {"uv": [1, 3], "uv_size": [1, 2]},
								"west": {"uv": [1, 3], "uv_size": [0.01, 2]},
								"up": {"uv": [2, 5.02], "uv_size": [-1, -1.02]},
								"down": {"uv": [2, 5.02], "uv_size": [-1, -1.02]}
							}
						}
					]
				},
				{
					"name": "eyeball",
					"parent": "head",
					"pivot": [0, 0, 0]
				},
				{
					"name": "eyeball_right",
					"parent": "eyeball",
					"pivot": [-1.4, 27.5, -4],
					"cubes": [
						{
							"origin": [-2, 27, -3.9536],
							"size": [1, 1, 0.05],
							"uv": {
								"north": {"uv": [0, 6], "uv_size": [2, 1]},
								"east": {"uv": [0, 6], "uv_size": [2.05, 1]},
								"south": {"uv": [0, 6], "uv_size": [3, 1]},
								"west": {"uv": [0, 6], "uv_size": [2.05, 1]},
								"up": {"uv": [1, 6.1], "uv_size": [-1, -0.1]},
								"down": {"uv": [1, 6.1], "uv_size": [-1, -0.1]}
							}
						}
					]
				},
				{
					"name": "eyeball_left",
					"parent": "eyeball",
					"pivot": [1.4, 27.5, -4],
					"cubes": [
						{
							"origin": [1, 27, -3.9536],
							"size": [1, 1, 0.05],
							"uv": {
								"north": {"uv": [2, 6], "uv_size": [-2, 1]},
								"east": {"uv": [2.05, 6], "uv_size": [-2.05, 1]},
								"south": {"uv": [3, 6], "uv_size": [-3, 1]},
								"west": {"uv": [2.05, 6], "uv_size": [-2.05, 1]},
								"up": {"uv": [0, 6.1], "uv_size": [1, -0.1]},
								"down": {"uv": [0, 6.1], "uv_size": [1, -0.1]}
							}
						}
					]
				},
				{
					"name": "eyebrown",
					"parent": "head",
					"pivot": [0, 28, -4.2],
					"cubes": [
						{
							"origin": [-3, 28, -4.1],
							"size": [6, 1, 0.1],
							"uv": {
								"north": {"uv": [0, 19], "uv_size": [6, 1]},
								"east": {"uv": [6, 19], "uv_size": [-0.9, 1]},
								"south": {"uv": [0, 19], "uv_size": [6, 1]},
								"west": {"uv": [0, 19], "uv_size": [0.1, 1]},
								"up": {"uv": [6, 19.2], "uv_size": [-6, -0.2]},
								"down": {"uv": [6, 19.2], "uv_size": [-6, -0.2]}
							}
						}
					]
				},
				{
					"name": "lower_body",
					"parent": "Root",
					"pivot": [0, 0, 0]
				},
				{
					"name": "leg1",
					"parent": "lower_body",
					"pivot": [2, 12, 0],
					"cubes": [
						{
							"origin": [0, 0, -2],
							"size": [4, 12, 4],
							"uv": {
								"north": {"uv": [4, 26], "uv_size": [4, 12]},
								"east": {"uv": [0, 26], "uv_size": [4, 12]},
								"south": {"uv": [12, 26], "uv_size": [4, 12]},
								"west": {"uv": [8, 26], "uv_size": [4, 12]},
								"up": {"uv": [4, 22], "uv_size": [4, 4]},
								"down": {"uv": [8, 26], "uv_size": [4, -4]}
							}
						}
					]
				},
				{
					"name": "leg0",
					"parent": "lower_body",
					"pivot": [-2, 12, 0],
					"cubes": [
						{
							"origin": [-4, 0, -2],
							"size": [4, 12, 4],
							"uv": {
								"north": {"uv": [4, 26], "uv_size": [4, 12]},
								"east": {"uv": [0, 26], "uv_size": [4, 12]},
								"south": {"uv": [12, 26], "uv_size": [4, 12]},
								"west": {"uv": [8, 26], "uv_size": [4, 12]},
								"up": {"uv": [4, 22], "uv_size": [4, 4]},
								"down": {"uv": [8, 26], "uv_size": [4, -4]}
							}
						}
					]
				}
			]
		}
	]
}