{
	"format_version": "1.12.0",
	"minecraft:geometry": [
		{
			"description": {
				"identifier": "geometry.zombie.v1.8",
				"texture_width": 64,
				"texture_height": 32,
				"visible_bounds_width": 2,
				"visible_bounds_height": 3,
				"visible_bounds_offset": [0, 1.5, 0]
			},
			"bones": [
				{
					"name": "waist",
					"pivot": [0, 12, 0]
				},
				{
					"name": "upper_body",
					"parent": "waist",
					"pivot": [0, 12.3, 0]
				},
				{
					"name": "head",
					"parent": "upper_body",
					"pivot": [0, 24, 0],
					"cubes": [
						{
							"origin": [-4, 24, -4],
							"size": [8, 8, 8],
							"uv": {
								"north": {"uv": [8, 8], "uv_size": [8, 8]},
								"east": {"uv": [0, 8], "uv_size": [8, 8]},
								"south": {"uv": [24, 8], "uv_size": [8, 8]},
								"west": {"uv": [16, 8], "uv_size": [8, 8]},
								"up": {"uv": [8, 0], "uv_size": [8, 8]},
								"down": {"uv": [16, 8], "uv_size": [8, -8]}
							}
						}
					]
				},
				{
					"name": "hat",
					"parent": "head",
					"pivot": [0, 24, 0],
					"cubes": [
						{
							"origin": [-4, 24, -4],
							"size": [8, 8, 8],
							"inflate": 0.5,
							"uv": {
								"north": {"uv": [40, 8], "uv_size": [8, 8]},
								"east": {"uv": [32, 8], "uv_size": [8, 8]},
								"south": {"uv": [56, 8], "uv_size": [8, 8]},
								"west": {"uv": [48, 8], "uv_size": [8, 8]},
								"up": {"uv": [40, 0], "uv_size": [8, 8]},
								"down": {"uv": [48, 8], "uv_size": [8, -8]}
							}
						}
					]
				},
				{
					"name": "eyelids",
					"parent": "head",
					"pivot": [0, 28.01562, -3.99663]
				},
				{
					"name": "eyelid_right",
					"parent": "eyelids",
					"pivot": [-2, 28.01562, -3.99663],
					"cubes": [
						{
							"origin": [-3, 27.998, -3.9566],
							"size": [2, 1, 0.01],
							"uv": {
								"north": {"uv": [3, 1], "uv_size": [-2, 0.5]},
								"east": {"uv": [3.01, 1.5], "uv_size": [-0.01, 0.5]},
								"south": {"uv": [3, 1.5], "uv_size": [-2, 0.5]},
								"west": {"uv": [3.01, 2], "uv_size": [-0.01, 0.5]},
								"up": {"uv": [3, 1.005], "uv_size": [2, -0.005]},
								"down": {"uv": [3, 1.005], "uv_size": [2, -0.005]}
							}
						}
					]
				},
				{
					"name": "eyelid_left",
					"parent": "eyelids",
					"pivot": [2, 28.01562, -3.99663],
					"cubes": [
						{
							"origin": [1, 27.998, -3.9566],
							"size": [2, 1, 0.01],
							"uv": {
								"north": {"uv": [1, 1], "uv_size": [2, 0.5]},
								"east": {"uv": [3, 2], "uv_size": [0.01, 0.5]},
								"south": {"uv": [1, 1.5], "uv_size": [2, 0.5]},
								"west": {"uv": [3, 1.5], "uv_size": [0.01, 0.5]},
								"up": {"uv": [5, 1.005], "uv_size": [-2, -0.005]},
								"down": {"uv": [5, 1.005], "uv_size": [-2, -0.005]}
							}
						}
					]
				},
				{
					"name": "eye",
					"parent": "head",
					"pivot": [0, 0.01562, -1.99663]
				},
				{
					"name": "eye_r",
					"parent": "eye",
					"pivot": [0, 0.01562, -1.99663]
				},
				{
					"name": "right",
					"parent": "eye_r",
					"pivot": [-2, 27.01562, -3.89663],
					"cubes": [
						{
							"origin": [-3, 27, -3.9166],
							"size": [2, 1, 0.4],
							"uv": {
								"north": {"uv": [1, 17], "uv_size": [2, 0.5]},
								"east": {"uv": [2, 17], "uv_size": [0.4, 0.5]},
								"south": {"uv": [1, 16.5], "uv_size": [2, 0.5]},
								"west": {"uv": [1, 17], "uv_size": [0.4, 0.5]},
								"up": {"uv": [3, 17.2], "uv_size": [-2, -0.2]},
								"down": {"uv": [3, 17.2], "uv_size": [-2, -0.2]}
							}
						}
					]
				},
				{
					"name": "eye_layer_x",
					"parent": "eye_r",
					"pivot": [-2, 27.01562, -3.99663],
					"cubes": [
						{
							"origin": [-3.1, 26.998, -3.99563],
							"size": [0.1, 1, 0.5],
							"uv": {
								"north": {"uv": [1, 4], "uv_size": [0.1, 0.5]},
								"east": {"uv": [1, 3.5], "uv_size": [0.5, 0.5]},
								"south": {"uv": [1, 3.5], "uv_size": [0.1, 0.5]},
								"west": {"uv": [1, 3.5], "uv_size": [0.5, 0.5]},
								"up": {"uv": [1.2, 4.2], "uv_size": [-0.1, -0.25]},
								"down": {"uv": [1.1, 4.25], "uv_size": [-0.1, -0.25]}
							}
						},
						{
							"origin": [-1, 26.998, -3.99563],
							"size": [0.1, 1, 0.5],
							"uv": {
								"north": {"uv": [1, 4], "uv_size": [0.1, 0.5]},
								"east": {"uv": [1, 3.5], "uv_size": [0.5, 0.5]},
								"south": {"uv": [1, 3.5], "uv_size": [0.1, 0.5]},
								"west": {"uv": [1, 4.5], "uv_size": [0.5, 0.5]},
								"up": {"uv": [1.6, 4.3], "uv_size": [-0.1, -0.25]},
								"down": {"uv": [1.1, 4.25], "uv_size": [-0.1, -0.25]}
							}
						}
					]
				},
				{
					"name": "eye_layer_y",
					"parent": "eye_r",
					"pivot": [0, 0.01562, -1.99663]
				},
				{
					"name": "top",
					"parent": "eye_layer_y",
					"pivot": [-2, 28.01562, -3.79663],
					"cubes": [
						{
							"origin": [-0.718, 27.81562, -3.99563],
							"size": [0.1, 2.2, 0.5],
							"pivot": [-0.9, 27.81562, -5.79663],
							"rotation": [0, 0, -90],
							"uv": {
								"north": {"uv": [3, 4], "uv_size": [0.1, 0.5]},
								"east": {"uv": [3, 3.5], "uv_size": [0.5, 0.5]},
								"south": {"uv": [3, 3.5], "uv_size": [0.1, 0.5]},
								"west": {"uv": [3, 3.5], "uv_size": [0.5, 0.5]},
								"up": {"uv": [3.6, 4.3], "uv_size": [-0.1, -0.25]},
								"down": {"uv": [3.1, 4.25], "uv_size": [-0.1, -0.25]}
							}
						}
					]
				},
				{
					"name": "down",
					"parent": "eye_layer_y",
					"pivot": [0, 0.01562, -1.99663],
					"cubes": [
						{
							"origin": [-1.818, 27.81562, -3.99563],
							"size": [0.1, 2.2, 0.5],
							"pivot": [-0.9, 27.81562, -5.79663],
							"rotation": [0, 0, -90],
							"uv": {
								"north": {"uv": [3, 4], "uv_size": [0.1, 0.5]},
								"east": {"uv": [3, 3.5], "uv_size": [0.5, 0.5]},
								"south": {"uv": [3, 3.5], "uv_size": [0.1, 0.5]},
								"west": {"uv": [3, 3.5], "uv_size": [0.5, 0.5]},
								"up": {"uv": [3.6, 4.3], "uv_size": [-0.1, -0.25]},
								"down": {"uv": [3.1, 4.25], "uv_size": [-0.1, -0.25]}
							}
						}
					]
				},
				{
					"name": "eyelid_layer",
					"parent": "eye_r",
					"pivot": [-2, 28.01562, -3.99663],
					"cubes": [
						{
							"origin": [-3, 27.998, -3.9999],
							"size": [2, 1, 0.005],
							"uv": {
								"north": {"uv": [5, 1.5], "uv_size": [2, 0.5]},
								"east": {"uv": [6, 1], "uv_size": [0.3, 0.5]},
								"south": {"uv": [5, 4], "uv_size": [2, 0.5]},
								"west": {"uv": [5, 1], "uv_size": [0.3, 0.5]},
								"up": {"uv": [7, 1.65], "uv_size": [-2, -0.15]},
								"down": {"uv": [7, 1.65], "uv_size": [-2, -0.15]}
							}
						}
					]
				},
				{
					"name": "eye_l",
					"parent": "eye",
					"pivot": [0, 0.01562, -1.99663]
				},
				{
					"name": "left",
					"parent": "eye_l",
					"pivot": [2, 27.01562, -3.89663],
					"cubes": [
						{
							"origin": [1, 27, -3.9166],
							"size": [2, 1, 0.4],
							"uv": {
								"north": {"uv": [3, 17], "uv_size": [-2, 0.5]},
								"east": {"uv": [1.4, 17], "uv_size": [-0.4, 0.5]},
								"south": {"uv": [3, 16.5], "uv_size": [-2, 0.5]},
								"west": {"uv": [2.4, 17], "uv_size": [-0.4, 0.5]},
								"up": {"uv": [1, 17.2], "uv_size": [2, -0.2]},
								"down": {"uv": [1, 17.2], "uv_size": [2, -0.2]}
							}
						}
					]
				},
				{
					"name": "eye_layer_x2",
					"parent": "eye_l",
					"pivot": [2, 27.01562, -3.99663],
					"cubes": [
						{
							"origin": [3, 26.998, -3.99563],
							"size": [0.1, 1, 0.5],
							"uv": {
								"north": {"uv": [1.1, 4], "uv_size": [-0.1, 0.5]},
								"east": {"uv": [1.5, 3.5], "uv_size": [-0.5, 0.5]},
								"south": {"uv": [1.1, 3.5], "uv_size": [-0.1, 0.5]},
								"west": {"uv": [1.5, 3.5], "uv_size": [-0.5, 0.5]},
								"up": {"uv": [1.1, 4.2], "uv_size": [0.1, -0.25]},
								"down": {"uv": [1, 4.25], "uv_size": [0.1, -0.25]}
							}
						},
						{
							"origin": [0.9, 26.998, -3.99563],
							"size": [0.1, 1, 0.5],
							"uv": {
								"north": {"uv": [1.1, 4], "uv_size": [-0.1, 0.5]},
								"east": {"uv": [1.5, 4.5], "uv_size": [-0.5, 0.5]},
								"south": {"uv": [1.1, 3.5], "uv_size": [-0.1, 0.5]},
								"west": {"uv": [1.5, 3.5], "uv_size": [-0.5, 0.5]},
								"up": {"uv": [1.5, 4.3], "uv_size": [0.1, -0.25]},
								"down": {"uv": [1, 4.25], "uv_size": [0.1, -0.25]}
							}
						}
					]
				},
				{
					"name": "eye_layer_y2",
					"parent": "eye_l",
					"pivot": [0, 0.01562, -1.99663]
				},
				{
					"name": "top2",
					"parent": "eye_layer_y2",
					"pivot": [2, 28.01562, -3.89663],
					"cubes": [
						{
							"origin": [0.618, 27.81562, -3.99563],
							"size": [0.1, 2.2, 0.5],
							"pivot": [0.9, 27.81562, -5.79663],
							"rotation": [0, 0, 90],
							"uv": {
								"north": {"uv": [3.1, 4], "uv_size": [-0.1, 0.5]},
								"east": {"uv": [3.5, 3.5], "uv_size": [-0.5, 0.5]},
								"south": {"uv": [3.1, 3.5], "uv_size": [-0.1, 0.5]},
								"west": {"uv": [3.5, 3.5], "uv_size": [-0.5, 0.5]},
								"up": {"uv": [3.5, 4.3], "uv_size": [0.1, -0.25]},
								"down": {"uv": [3, 4.25], "uv_size": [0.1, -0.25]}
							}
						}
					]
				},
				{
					"name": "down2",
					"parent": "eye_layer_y2",
					"pivot": [0, 0.01562, -1.99663],
					"cubes": [
						{
							"origin": [1.718, 27.81562, -3.99563],
							"size": [0.1, 2.2, 0.5],
							"pivot": [0.9, 27.81562, -5.79663],
							"rotation": [0, 0, 90],
							"uv": {
								"north": {"uv": [3.1, 4], "uv_size": [-0.1, 0.5]},
								"east": {"uv": [3.5, 3.5], "uv_size": [-0.5, 0.5]},
								"south": {"uv": [3.1, 3.5], "uv_size": [-0.1, 0.5]},
								"west": {"uv": [3.5, 3.5], "uv_size": [-0.5, 0.5]},
								"up": {"uv": [3.5, 4.3], "uv_size": [0.1, -0.25]},
								"down": {"uv": [3, 4.25], "uv_size": [0.1, -0.25]}
							}
						}
					]
				},
				{
					"name": "eyelid_layer2",
					"parent": "eye_l",
					"pivot": [2, 28.01562, -3.99663],
					"cubes": [
						{
							"origin": [1, 27.998, -3.9999],
							"size": [2, 1, 0.005],
							"uv": {
								"north": {"uv": [7, 5.5], "uv_size": [-2, 0.5]},
								"east": {"uv": [5.3, 5], "uv_size": [-0.3, 0.5]},
								"south": {"uv": [7, 7], "uv_size": [-2, -0.5]},
								"west": {"uv": [7.3, 5], "uv_size": [-0.3, 0.5]},
								"up": {"uv": [5, 5.65], "uv_size": [2, -0.15]},
								"down": {"uv": [5, 5.65], "uv_size": [2, -0.15]}
							}
						}
					]
				},
				{
					"name": "body",
					"parent": "upper_body",
					"pivot": [0, 24, 0]
				},
				{
					"name": "body1",
					"parent": "body",
					"pivot": [0, 0, 0],
					"cubes": [
						{
							"origin": [-4, 12, -2],
							"size": [8, 12, 4],
							"uv": {
								"north": {"uv": [20, 20], "uv_size": [8, 12]},
								"east": {"uv": [16, 20], "uv_size": [4, 12]},
								"south": {"uv": [32, 20], "uv_size": [8, 12]},
								"west": {"uv": [28, 20], "uv_size": [4, 12]},
								"up": {"uv": [20, 16], "uv_size": [8, 4]},
								"down": {"uv": [28, 20], "uv_size": [8, -4]}
							}
						}
					]
				},
				{
					"name": "rightArm",
					"parent": "body",
					"pivot": [-5, 22, 0],
					"cubes": [
						{
							"origin": [-8, 12, -2],
							"size": [4, 12, 4],
							"uv": {
								"north": {"uv": [44, 20], "uv_size": [4, 12]},
								"east": {"uv": [40, 20], "uv_size": [4, 12]},
								"south": {"uv": [52, 20], "uv_size": [4, 12]},
								"west": {"uv": [48, 20], "uv_size": [4, 12]},
								"up": {"uv": [44, 16], "uv_size": [4, 4]},
								"down": {"uv": [48, 20], "uv_size": [4, -4]}
							}
						}
					]
				},
				{
					"name": "rightItem",
					"parent": "rightArm",
					"pivot": [-6, 15, 1]
				},
				{
					"name": "leftArm",
					"parent": "body",
					"pivot": [5, 22, 0],
					"cubes": [
						{
							"origin": [4, 12, -2],
							"size": [4, 12, 4],
							"uv": {
								"north": {"uv": [48, 20], "uv_size": [-4, 12]},
								"east": {"uv": [52, 20], "uv_size": [-4, 12]},
								"south": {"uv": [56, 20], "uv_size": [-4, 12]},
								"west": {"uv": [44, 20], "uv_size": [-4, 12]},
								"up": {"uv": [48, 16], "uv_size": [-4, 4]},
								"down": {"uv": [52, 20], "uv_size": [-4, -4]}
							}
						}
					]
				},
				{
					"name": "leftItem",
					"parent": "leftArm",
					"pivot": [6, 15, 1]
				},
				{
					"name": "lower_body",
					"parent": "waist",
					"pivot": [0, 0, 0]
				},
				{
					"name": "rightLeg",
					"parent": "lower_body",
					"pivot": [-1.9, 12, 0],
					"cubes": [
						{
							"origin": [-3.9, 0, -2],
							"size": [4, 12, 4],
							"uv": {
								"north": {"uv": [4, 20], "uv_size": [4, 12]},
								"east": {"uv": [0, 20], "uv_size": [4, 12]},
								"south": {"uv": [12, 20], "uv_size": [4, 12]},
								"west": {"uv": [8, 20], "uv_size": [4, 12]},
								"up": {"uv": [4, 16], "uv_size": [4, 4]},
								"down": {"uv": [8, 20], "uv_size": [4, -4]}
							}
						}
					]
				},
				{
					"name": "leftLeg",
					"parent": "lower_body",
					"pivot": [1.9, 12, 0],
					"cubes": [
						{
							"origin": [-0.1, 0, -2],
							"size": [4, 12, 4],
							"uv": {
								"north": {"uv": [8, 20], "uv_size": [-4, 12]},
								"east": {"uv": [12, 20], "uv_size": [-4, 12]},
								"south": {"uv": [16, 20], "uv_size": [-4, 12]},
								"west": {"uv": [4, 20], "uv_size": [-4, 12]},
								"up": {"uv": [8, 16], "uv_size": [-4, 4]},
								"down": {"uv": [12, 20], "uv_size": [-4, -4]}
							}
						}
					]
				}
			]
		}
	]
}