{
	"format_version": "1.8.0",
	"animations": {
		"animation.evoker.base": {
			"loop": true,
			"animation_length": 3,
			"bones": {
				"upper_body": {
					"rotation": {
						"0.0": [-1.2, 0, 0],
						"1.5": [-0.8, 0, 0],
						"3.0": [-1.2, 0, 0]
					},
					"position": {
						"0.0": [0, 0, -0.3],
						"1.5": [0, 0.3, -0.3],
						"3.0": [0, 0, -0.3]
					}
				},
				"head": {
					"rotation": {
						"0.0": [3.2, 0, 0],
						"0.25": [3.6, 0, 0],
						"1.5": [1.4, 0, 0],
						"1.75": [1, 0, 0],
						"3.0": [3.2, 0, 0]
					},
					"position": {
						"0.0": [0, 0, -0.2],
						"0.25": [0, 0, -0.2],
						"1.5": [0, -0.14, 0],
						"1.75": [0, -0.14, 0],
						"3.0": [0, 0, -0.2]
					}
				},
				"nose": {
					"position": {
						"0.0": [0, 0, 0],
						"1.5": [0, 0.1, 0],
						"3.0": [0, 0, 0]
					}
				},
				"arms": {
					"rotation": {
						"0.0": [-56.00436, 0.70709, 0],
						"0.5": [-52.6919, 0.70709, 0],
						"1.5": [-56.00436, 0.70709, 0],
						"2.0": [-58.6919, 0.70709, 0],
						"3.0": [-56.00436, 0.70709, 0]
					},
					"position": {
						"0.0": [0, -1.9, -0.5],
						"0.5": [0, -2.1, -0.5],
						"1.5": [0, -1.8, -0.5],
						"2.0": [0, -1.73, -0.5],
						"3.0": [0, -1.9, -0.5]
					}
				},
				"rightArm": {
					"scale": 0
				},
				"leftArm": {
					"scale": 0
				},
				"leftLeg": {
					"rotation": [0, 0.1, -0.4],
					"position": [0.09, 0, 0.1]
				},
				"rightLeg": {
					"rotation": [0.19963, 2.5, 0.39302],
					"position": [-0.12, 0, -0.2]
				},
				"body1": {
					"scale": {
						"0.0": [1, 1, 1],
						"1.5": [1, 1, 1.025],
						"3.0": [1, 1, 1]
					}
				}
			}
		},
		"animation.evoker.base_face": {
			"loop": true,
			"animation_length": 10,
			"bones": {
				"eyelid_left": {
					"position": {
						"1.0": [
							0,
							"math.clamp(-variable.eye_target_x, 0, 35)*0.0055+math.clamp(variable.eye_target_y, 0, 90)*-0.0065+math.clamp(variable.eye_target_y, -140, 0)*-0.021+math.clamp(-variable.eye_target_x, -35, 0)*-0.0055",
							0
						],
						"1.125": [0, -1, 0],
						"1.2917": [
							0,
							"math.clamp(-variable.eye_target_x, 0, 35)*0.0055+math.clamp(variable.eye_target_y, 0, 90)*-0.0065+math.clamp(variable.eye_target_y, -140, 0)*-0.021+math.clamp(-variable.eye_target_x, -35, 0)*-0.0055",
							0
						],
						"6.5": [
							0,
							"math.clamp(-variable.eye_target_x, 0, 35)*0.0055+math.clamp(variable.eye_target_y, 0, 90)*-0.0065+math.clamp(variable.eye_target_y, -140, 0)*-0.021+math.clamp(-variable.eye_target_x, -35, 0)*-0.0055",
							0
						],
						"6.625": [0, -1, 0],
						"6.7917": [
							0,
							"math.clamp(-variable.eye_target_x, 0, 35)*0.0055+math.clamp(variable.eye_target_y, 0, 90)*-0.0065+math.clamp(variable.eye_target_y, -140, 0)*-0.021+math.clamp(-variable.eye_target_x, -35, 0)*-0.0055",
							0
						]
					},
					"scale": {
						"1.0": [1, 1.83, 1],
						"1.125": [1, 2.03, 1],
						"1.2917": [1, 1.83, 1],
						"6.5": [1, 1.83, 1],
						"6.625": [1, 2.03, 1],
						"6.7917": [1, 1.83, 1]
					}
				},
				"eyelid_right": {
					"position": {
						"1.0": [
							0,
							"math.clamp(-variable.eye_target_x, -35, 0)*-0.0055+math.clamp(variable.eye_target_y, 0, 90)*-0.0065+math.clamp(variable.eye_target_y, -140, 0)*-0.021+math.clamp(-variable.eye_target_x, 0, 35)*0.0055",
							0
						],
						"1.125": [0, -1, 0],
						"1.2917": [
							0,
							"math.clamp(-variable.eye_target_x, -35, 0)*-0.0055+math.clamp(variable.eye_target_y, 0, 90)*-0.0065+math.clamp(variable.eye_target_y, -140, 0)*-0.021+math.clamp(-variable.eye_target_x, 0, 35)*0.0055",
							0
						],
						"6.5": [
							0,
							"math.clamp(-variable.eye_target_x, -35, 0)*-0.0055+math.clamp(variable.eye_target_y, 0, 90)*-0.0065+math.clamp(variable.eye_target_y, -140, 0)*-0.021+math.clamp(-variable.eye_target_x, 0, 35)*0.0055",
							0
						],
						"6.625": [0, -1, 0],
						"6.7917": [
							0,
							"math.clamp(-variable.eye_target_x, -35, 0)*-0.0055+math.clamp(variable.eye_target_y, 0, 90)*-0.0065+math.clamp(variable.eye_target_y, -140, 0)*-0.021+math.clamp(-variable.eye_target_x, 0, 35)*0.0055",
							0
						]
					},
					"scale": {
						"1.0": [1, 1.83, 1],
						"1.125": [1, 2.03, 1],
						"1.2917": [1, 1.83, 1],
						"6.5": [1, 1.83, 1],
						"6.625": [1, 2.03, 1],
						"6.7917": [1, 1.83, 1]
					}
				},
				"eyebrown_right": {
					"rotation": [0, 0, 0],
					"position": [
						0,
						"-0.02+math.clamp(-variable.eye_target_x, -50, 0)*0.0058+math.clamp(variable.eye_target_y, -55, 0)*-0.0088+math.clamp(variable.eye_target_y, 0, 77)*-0.0065+math.clamp(-variable.eye_target_x, 0, 50)*-0.0058",
						0
					]
				},
				"eyebrown_left": {
					"rotation": [0, 0, 0],
					"position": [
						0,
						"-0.02+math.clamp(-variable.eye_target_x, -50, 0)*0.0058+math.clamp(variable.eye_target_y, -55, 0)*-0.0088+math.clamp(variable.eye_target_y, 0, 77)*-0.0065+math.clamp(-variable.eye_target_x, 0, 50)*-0.0058",
						0
					]
				},
				"right": {
					"scale": [1, 2.03, 1]
				},
				"eye_layer_x": {
					"scale": [1, 2.05, 1]
				},
				"top": {
					"position": [0, 1, 0]
				},
				"left": {
					"scale": [1, 2.03, 1]
				},
				"eye_layer_x2": {
					"scale": [1, 2.05, 1]
				},
				"top2": {
					"position": [0, 1, 0]
				}
			}
		},
		"animation.evoker.walking": {
			"loop": true,
			"animation_length": 1.5,
			"anim_time_update": "query.modified_distance_moved * 0.155",
			"bones": {
				"arms": {
					"rotation": {
						"0.0": [-56.00436, 0.70709, 0],
						"0.25": [-54.00436, 0.70709, 0],
						"0.5": [-61.9044, 0.70709, 0],
						"0.75": [-56.00436, 0.70709, 0],
						"1.0": [-54.00436, 0.70709, 0],
						"1.25": [-61.9044, 0.70709, 0],
						"1.5": [-56.00436, 0.70709, 0]
					},
					"position": {
						"0.0": [0, -1.9, -0.5],
						"0.75": [0, -1.9, -0.5],
						"1.5": [0, -1.9, -0.5]
					}
				},
				"rightArm": {
					"scale": 0
				},
				"leftArm": {
					"scale": 0
				},
				"Root": {
					"position": {
						"0.0": [0, 0, 0],
						"0.375": [0, 0.4, 0],
						"0.75": [0, 0, 0],
						"1.125": [0, 0.4, 0],
						"1.5": [0, 0, 0]
					}
				},
				"upper_body": {
					"rotation": {
						"0.0": [-1, 0, -0.7],
						"0.375": [0, 0, -0.7],
						"0.75": [-1, 0, 0.7],
						"1.125": [0, 0, 0.7],
						"1.5": [-1, 0, -0.7]
					},
					"position": {
						"0.0": [0, -0.4, 0],
						"0.1667": [0, -0.7, 0],
						"0.375": [0, 0.4, 0],
						"0.5": [0, 0.7, 0],
						"0.75": [0, -0.4, 0],
						"0.9167": [0, -0.7, 0],
						"1.125": [0, 0.4, 0],
						"1.25": [0, 0.7, 0],
						"1.5": [0, -0.4, 0]
					}
				},
				"head": {
					"rotation": {
						"0.0": [-1.5, 0, -0.25],
						"0.4167": [1.29, 0, 0],
						"0.75": [-1.5, 0, 0.25],
						"1.0417": [1.29, 0, 0],
						"1.5": [-1.5, 0, -0.25]
					},
					"position": [0, 0, -0.2]
				},
				"nose": {
					"rotation": {
						"0.0": [-1, 0, -2.8],
						"0.1667": [-1, 0, -3.1],
						"0.75": [-1, 0, 2.8],
						"0.9167": [-1, 0, 3.1],
						"1.5": [-1, 0, -2.8]
					},
					"position": {
						"0.0": [0, 0, 0],
						"0.1667": [0, 0, 0],
						"0.75": [0, 0, 0],
						"0.9167": [0, 0, 0],
						"1.5": [0, 0, 0]
					}
				},
				"leftLeg": {
					"rotation": {
						"0.0": [17, 0, 0],
						"0.25": [12.5, 0, 0],
						"0.4583": [1.42, 0, 0],
						"0.75": [-19, 0, 0],
						"1.0": [-2, 0, 0],
						"1.5": [17, 0, 0]
					},
					"position": {
						"0.0": [0.1, 0, -0.4],
						"0.25": [0.1, 1.35, -1.1],
						"0.4583": [0.1, 1.46, -1.1],
						"0.75": [0.1, 0, 0],
						"1.0": [0.1, 0, -1],
						"1.5": [0.1, 0, -0.4]
					}
				},
				"rightLeg": {
					"rotation": {
						"0.0": [-19, 0, 0],
						"0.25": [-2, 0, 0],
						"0.75": [17, 0, 0],
						"1.0": [12.5, 0, 0],
						"1.2083": [1.42, 0, 0],
						"1.5": [-19, 0, 0]
					},
					"position": {
						"0.0": [-0.2, 0, 0],
						"0.25": [-0.17, 0, -1],
						"0.75": [-0.1, 0, -0.4],
						"1.0": [-0.1, 1.35, -1.1],
						"1.2083": [-0.1, 1.46, -1.1],
						"1.5": [-0.2, 0, 0]
					}
				},
				"body": {
					"position": {
						"0.0": [0, 0, 0],
						"0.375": [0, 0, -0.2],
						"0.75": [0, 0, 0],
						"1.125": [0, 0, -0.2],
						"1.5": [0, 0, 0]
					}
				}
			}
		},
		"animation.evoker.casting_face": {
			"loop": true,
			"animation_length": 5.5,
			"bones": {
				"eyebrown_right": {
					"rotation": [0, 0, 6.5],
					"position": [
						0.01,
						"0.58+math.clamp(-variable.eye_target_x, -50, 0)*0.0058+math.clamp(variable.eye_target_y, 0, 90)*-0.009+math.clamp(-variable.eye_target_x, 0, 50)*-0.0058",
						0
					]
				},
				"eyebrown_left": {
					"rotation": [0, 0, -6.5],
					"position": [
						-0.02,
						"0.58+math.clamp(-variable.eye_target_x, -50, 0)*0.0058+math.clamp(variable.eye_target_y, 0, 90)*-0.009+math.clamp(-variable.eye_target_x, 0, 50)*-0.0058",
						0
					]
				},
				"eyeball_left": {
					"position": [-0.1, 0.3, 0],
					"scale": [0.85, 0.85, 1]
				},
				"eyeball_right": {
					"position": [0.1, 0.3, 0],
					"scale": [0.85, 0.85, 1]
				},
				"eyelid_left": {
					"position": {
						"3.5": [
							0,
							"0.84+math.clamp(-variable.eye_target_x, 0, 35)*-0.0095+math.clamp(variable.eye_target_y, 0, 130)*-0.0079+math.clamp(variable.eye_target_y, -140, 0)*-0.021+math.clamp(-variable.eye_target_x, -35, 0)*0.0055",
							0
						],
						"3.625": [0, -1, 0],
						"3.7917": [
							0,
							"0.84+math.clamp(-variable.eye_target_x, 0, 35)*-0.0095+math.clamp(variable.eye_target_y, 0, 130)*-0.0079+math.clamp(variable.eye_target_y, -140, 0)*-0.021+math.clamp(-variable.eye_target_x, -35, 0)*0.0055",
							0
						]
					},
					"scale": {
						"3.5": [1, 1.83, 1],
						"3.625": [1, 2.03, 1],
						"3.7917": [1, 1.83, 1]
					}
				},
				"eyelid_right": {
					"position": {
						"3.5": [
							0,
							"0.84+math.clamp(-variable.eye_target_x, -35, 0)*0.0095+math.clamp(variable.eye_target_y, 0, 130)*-0.0079+math.clamp(variable.eye_target_y, -140, 0)*-0.021+math.clamp(-variable.eye_target_x, 0, 35)*-0.0055",
							0
						],
						"3.625": [0, -1, 0],
						"3.7917": [
							0,
							"0.84+math.clamp(-variable.eye_target_x, -35, 0)*0.0095+math.clamp(variable.eye_target_y, 0, 130)*-0.0079+math.clamp(variable.eye_target_y, -140, 0)*-0.021+math.clamp(-variable.eye_target_x, 0, 35)*-0.0055",
							0
						]
					},
					"scale": {
						"3.5": [1, 1.83, 1],
						"3.625": [1, 2.03, 1],
						"3.7917": [1, 1.83, 1]
					}
				},
				"right": {
					"scale": [1, 2.03, 1]
				},
				"eye_layer_x": {
					"scale": [1, 2.05, 1]
				},
				"top": {
					"position": [0, 1, 0]
				},
				"left": {
					"scale": [1, 2.03, 1]
				},
				"eye_layer_x2": {
					"scale": [1, 2.05, 1]
				},
				"top2": {
					"position": [0, 1, 0]
				}
			}
		},
		"animation.evoker.casting_spell": {
			"loop": true,
			"animation_length": 2,
			"bones": {
				"arms": {
					"scale": 0
				},
				"upper_body": {
					"rotation": {
						"0.0": [0, 0, 0],
						"0.25": [0.8, 0, 0],
						"0.5": [0, 0, 0],
						"0.7917": [0.8, 0, 0],
						"1.25": [0, 0, 0],
						"1.5833": [0.8, 0, 0],
						"2.0": [0, 0, 0]
					},
					"position": {
						"0.0": [0, 0, 0],
						"0.25": [0, -0.24, 0],
						"0.5": [0, 0, 0],
						"1.0": [0, -0.24, 0],
						"1.25": [0, 0, 0],
						"1.5833": [0, -0.24, 0],
						"2.0": [0, 0, 0]
					}
				},
				"head": {
					"rotation": {
						"0.0": [-6, 0, 0],
						"0.4583": [-4.5, 0, 0],
						"0.9167": [-6, 0, 0],
						"1.375": [-4.5, 0, 0],
						"2.0": [-6, 0, 0]
					},
					"position": {
						"0.0": [0, 0, -0.2],
						"0.4583": [0, -0.1, -0.2],
						"0.9167": [0, 0, -0.2],
						"1.375": [0, -0.1, -0.2],
						"2.0": [0, 0, -0.2]
					}
				},
				"nose": {
					"rotation": {
						"0.0": [-3, 0, 1.5],
						"0.4167": [0, 0, -1.5],
						"0.875": [-3, 0, 1.5],
						"1.4167": [0, 0, -1.5],
						"2.0": [-3, 0, 1.5]
					}
				},
				"leftLeg": {
					"rotation": [0.02454, -5.39979, -1.40201],
					"position": [-0.045, 0, 0.2]
				},
				"rightLeg": {
					"rotation": [0.26989, 3.9959, 1.40243],
					"position": [-0.145, 0, -0.2]
				}
			}
		},
		"animation.evoker.swimming": {
			"loop": true,
			"animation_length": 2,
			"bones": {
				"Root": {
					"rotation": {
						"0.0": [14, 0, 0],
						"1.0": [16, 0, 0],
						"2.0": [14, 0, 0]
					},
					"position": {
						"0.0": [0, -10.85, 0],
						"0.5": [0, -10.25, 0],
						"1.0": [0, -10.85, 0],
						"1.5417": [0, -10.25, 0],
						"2.0": [0, -10.85, 0]
					}
				},
				"upper_body": {
					"rotation": {
						"0.0": [-1, 0, 0],
						"0.5417": [-2.90865, 0.05075, 0.38],
						"0.9167": [-4, 0, 0],
						"1.375": [-2.90865, 0.05075, -0.38],
						"2.0": [-1, 0, 0]
					},
					"position": {
						"0.0": [0, 0, 0],
						"0.4583": [0, -0.3, 0],
						"0.9167": [0, 0, 0],
						"1.4583": [0, -0.3, 0],
						"2.0": [0, 0, 0]
					}
				},
				"head": {
					"rotation": {
						"0.0": [-6, 0, 0.5],
						"0.5": [-10, 0, 0],
						"1.0": [-6, 0, -0.5],
						"1.5": [-10, 0, 0],
						"2.0": [-6, 0, 0.5]
					},
					"position": {
						"0.0": [0, 0, -0.2],
						"1.0": [0, 0, -0.3],
						"2.0": [0, 0, -0.2]
					}
				},
				"nose": {
					"rotation": [0, 0, 0],
					"position": {
						"0.0": [0, 0, 0],
						"0.9583": [0, 0.1, 0],
						"2.0": [0, 0, 0]
					}
				},
				"leftLeg": {
					"rotation": {
						"0.0": [9, 0, 0],
						"0.125": [11, 0, 0],
						"0.375": [17.68919, -0.44564, 0.06264],
						"0.9583": [-11.912, -0.99027, 0.13919],
						"1.0833": [-13.0012, -0.9903, 0.1392],
						"1.3333": [-21.40058, -0.6932, 0.0974],
						"2.0": [9, 0, 0]
					},
					"position": {
						"0.0": [0.3, 0, 0.6],
						"0.125": [0.3, 0, 0.6],
						"0.375": [0.3, 0.5, -0.35],
						"0.9583": [0.3, 0, -0.4],
						"1.0833": [0.3, 0, -0.5],
						"1.3333": [0.3, 0.1, 0.67],
						"2.0": [0.3, 0, 0.6]
					}
				},
				"rightLeg": {
					"rotation": {
						"0.0": [-10.0012, 0.99027, -0.13919],
						"0.125": [-13.0012, 0.99027, -0.13919],
						"0.375": [-21.40058, 0.69318, -0.09743],
						"0.9583": [9, 0, 0],
						"1.0833": [11, 0, 0],
						"1.3333": [17.68919, 0.4456, -0.0626],
						"2.0": [-10.0012, 0.99027, -0.13919]
					},
					"position": {
						"0.0": [-0.3, 0, -0.5],
						"0.125": [-0.3, 0, -0.5],
						"0.375": [-0.3, 0.1, 0.67],
						"0.9583": [-0.3, 0, 0.4],
						"1.0833": [-0.3, 0, 0.4],
						"1.3333": [-0.3, 0.5, -0.35],
						"2.0": [-0.3, 0, -0.5]
					}
				},
				"arms": {
					"rotation": {
						"0.0": [-83.01688, 0.48709, -6.9703],
						"0.125": [-80.53052, 0.61949, -7.22203],
						"0.5": [-73.0088, -0.3007, -0.08618],
						"1.0": [-76.02796, -0.82728, 6.8127],
						"1.125": [-75.36366, -1.21173, 7.15597],
						"1.5417": [-73.0088, -0.3007, -0.08618],
						"2.0": [-83.01688, 0.48709, -6.9703]
					},
					"position": {
						"0.0": [0, -0.7, -0.9],
						"0.125": [0, -0.91, -0.92],
						"0.3333": [0, -1.25, -0.95],
						"0.7083": [0, -0.77, -0.77],
						"1.125": [0, -1.3, -1],
						"1.375": [0, -0.85, -0.95],
						"1.75": [0, -0.77, -0.77],
						"2.0": [0, -0.7, -0.9]
					}
				},
				"rightArm": {
					"scale": 0
				},
				"leftArm": {
					"scale": 0
				},
				"body": {
					"rotation": {
						"0.0": [0, 2.9, 0],
						"1.0": [0, -2.9, 0],
						"2.0": [0, 2.9, 0]
					}
				}
			}
		},
		"animation.evoker.swimming_casting": {
			"loop": true,
			"animation_length": 2,
			"bones": {
				"Root": {
					"rotation": {
						"0.0": [14, 0, 0],
						"1.0": [16, 0, 0],
						"2.0": [14, 0, 0]
					},
					"position": {
						"0.0": [0, -10.85, 0],
						"0.5": [0, -10.25, 0],
						"1.0": [0, -10.85, 0],
						"1.5417": [0, -10.25, 0],
						"2.0": [0, -10.85, 0]
					}
				},
				"upper_body": {
					"rotation": {
						"0.0": [-6, 0, 0],
						"0.5417": [-2.90865, 0.05075, 0.38],
						"0.9167": [-6, 0, 0],
						"1.375": [-2.90865, 0.05075, -0.38],
						"2.0": [-6, 0, 0]
					},
					"position": {
						"0.0": [0, 0, 0],
						"0.4583": [0, -0.3, 0],
						"0.9167": [0, 0, 0],
						"1.4583": [0, -0.3, 0],
						"2.0": [0, 0, 0]
					}
				},
				"head": {
					"rotation": {
						"0.0": [-6, 0, 0],
						"0.4583": [-4.5, 0, 0],
						"0.9167": [-6, 0, 0],
						"1.375": [-4.5, 0, 0],
						"2.0": [-6, 0, 0]
					},
					"position": {
						"0.0": [0, 0, -0.2],
						"0.4583": [0, -0.1, -0.2],
						"0.9167": [0, 0, -0.2],
						"1.375": [0, -0.1, -0.2],
						"2.0": [0, 0, -0.2]
					}
				},
				"nose": {
					"rotation": {
						"0.0": [-3, 0, 1.5],
						"0.375": [-2, 0, -1.5],
						"0.9167": [-3, 0, 1.5],
						"1.4167": [-2, 0, -1.5],
						"2.0": [-3, 0, 1.5]
					}
				},
				"leftLeg": {
					"rotation": {
						"0.0": [9, 0, 0],
						"0.125": [11, 0, 0],
						"0.375": [17.68919, -0.44564, 0.06264],
						"0.9583": [-11.912, -0.99027, 0.13919],
						"1.0833": [-13.0012, -0.9903, 0.1392],
						"1.3333": [-21.40058, -0.6932, 0.0974],
						"2.0": [9, 0, 0]
					},
					"position": {
						"0.0": [0.3, 0, 0.6],
						"0.125": [0.3, 0, 0.6],
						"0.375": [0.3, 0.5, -0.35],
						"0.9583": [0.3, 0, -0.4],
						"1.0833": [0.3, 0, -0.5],
						"1.3333": [0.3, 0.1, 0.67],
						"2.0": [0.3, 0, 0.6]
					}
				},
				"rightLeg": {
					"rotation": {
						"0.0": [-10.0012, 0.99027, -0.13919],
						"0.125": [-13.0012, 0.99027, -0.13919],
						"0.375": [-21.40058, 0.69318, -0.09743],
						"0.9583": [9, 0, 0],
						"1.0833": [11, 0, 0],
						"1.3333": [17.68919, 0.4456, -0.0626],
						"2.0": [-10.0012, 0.99027, -0.13919]
					},
					"position": {
						"0.0": [-0.3, 0, -0.5],
						"0.125": [-0.3, 0, -0.5],
						"0.375": [-0.3, 0.1, 0.67],
						"0.9583": [-0.3, 0, 0.4],
						"1.0833": [-0.3, 0, 0.4],
						"1.3333": [-0.3, 0.5, -0.35],
						"2.0": [-0.3, 0, -0.5]
					}
				},
				"arms": {
					"scale": 0
				},
				"body": {
					"rotation": {
						"0.0": [0, 2.9, 0],
						"1.0": [0, -2.9, 0],
						"2.0": [0, 2.9, 0]
					}
				}
			}
		},
		"animation.evoker.riding": {
			"loop": true,
			"animation_length": 3,
			"bones": {
				"upper_body": {
					"rotation": {
						"0.0": [-1.2, 0, 0],
						"1.5": [-0.8, 0, 0],
						"3.0": [-1.2, 0, 0]
					},
					"position": {
						"0.0": [0, 0, -0.3],
						"1.5": [0, 0.3, -0.3],
						"3.0": [0, 0, -0.3]
					}
				},
				"head": {
					"rotation": {
						"0.0": [3.2, 0, 0],
						"0.25": [3.6, 0, 0],
						"1.5": [1.4, 0, 0],
						"1.75": [1, 0, 0],
						"3.0": [3.2, 0, 0]
					},
					"position": {
						"0.0": [0, 0, -0.2],
						"0.25": [0, 0, -0.2],
						"1.5": [0, -0.14, 0],
						"1.75": [0, -0.14, 0],
						"3.0": [0, 0, -0.2]
					}
				},
				"nose": {
					"position": {
						"0.0": [0, 0, 0],
						"1.5": [0, 0.1, 0],
						"3.0": [0, 0, 0]
					}
				},
				"leftLeg": {
					"rotation": ["-72.0 - this", "-18.0 - this", "-this"],
					"position": [-0.25, 0, 0]
				},
				"rightLeg": {
					"rotation": ["-72.0 - this", "18.0 - this", "-this"],
					"position": [0.25, 0, 0]
				},
				"arms": {
					"rotation": {
						"0.0": [-56.00436, 0.70709, 0],
						"0.5": [-52.6919, 0.70709, 0],
						"1.5": [-56.00436, 0.70709, 0],
						"2.0": [-58.6919, 0.70709, 0],
						"3.0": [-56.00436, 0.70709, 0]
					},
					"position": {
						"0.0": [0, -1.9, -0.5],
						"0.5": [0, -2.1, -0.5],
						"1.5": [0, -1.8, -0.5],
						"2.0": [0, -1.73, -0.5],
						"3.0": [0, -1.9, -0.5]
					}
				},
				"rightArm": {
					"scale": 0
				},
				"leftArm": {
					"scale": 0
				},
				"body1": {
					"scale": {
						"0.0": [1, 1, 1],
						"1.5": [1, 1, 1.025],
						"3.0": [1, 1, 1]
					}
				}
			}
		},
		"animation.evoker.riding_casting": {
			"loop": true,
			"animation_length": 2,
			"bones": {
				"arms": {
					"scale": 0
				},
				"upper_body": {
					"rotation": {
						"0.0": [2, 0, 0],
						"1.0": [1, 0, 0],
						"2.0": [2, 0, 0]
					},
					"position": {
						"0.0": [0, 0, 0],
						"1.0": [0, 0.3, 0],
						"2.0": [0, 0, 0]
					}
				},
				"head": {
					"rotation": {
						"0.0": [-6, 0, 0],
						"0.4583": [-4.5, 0, 0],
						"0.9167": [-6, 0, 0],
						"1.375": [-4.5, 0, 0],
						"2.0": [-6, 0, 0]
					},
					"position": {
						"0.0": [0, 0, -0.2],
						"0.4583": [0, -0.1, -0.2],
						"0.9167": [0, 0, -0.2],
						"1.375": [0, -0.1, -0.2],
						"2.0": [0, 0, -0.2]
					}
				},
				"nose": {
					"rotation": {
						"0.0": [-3, 0, 1.5],
						"0.4167": [0, 0, -1.5],
						"0.875": [-3, 0, 1.5],
						"1.4167": [0, 0, -1.5],
						"2.0": [-3, 0, 1.5]
					}
				},
				"leftLeg": {
					"rotation": ["-72.0 - this", "-18.0 - this", "-this"],
					"position": [-0.25, 0, 0]
				},
				"rightLeg": {
					"rotation": ["-72.0 - this", "18.0 - this", "-this"],
					"position": [0.25, 0, 0]
				}
			}
		},
		"animation.evoker.casting_hands": {
			"loop": true,
			"animation_length": 2,
			"bones": {
				"rightArm": {
					"rotation": {
						"0.0": [-167, 12, -21],
						"0.1667": [-143, 8, -19],
						"0.3333": [-154.77065, 21.50699, -45.80147],
						"0.5": [-187.99924, -3.9224, -34.21755],
						"0.7083": [-167, 0, -24],
						"0.875": [-143, 8, -19],
						"1.0417": [-154.77065, 21.50699, -45.80147],
						"1.2083": [-187.99924, -3.9224, -34.21755],
						"1.375": [-167, 12, -21],
						"1.5417": [-143, 8, -19],
						"1.7083": [-154.77065, 21.50699, -45.80147],
						"1.875": [-187.99924, -3.9224, -34.21755],
						"2.0": [-167, 12, -21]
					},
					"position": {
						"0.0": [0.3, 0.9, 0],
						"0.1667": [0, 1.2, 0],
						"0.3333": [0.3, 0.4, 0],
						"0.5": [0.3, 0.2, 0],
						"0.7083": [0.3, 0.9, 0],
						"0.875": [0, 1.2, 0],
						"1.0417": [0.3, 0.8, 0],
						"1.2083": [0.3, 0.2, 0],
						"1.375": [0.3, 0.9, 0],
						"1.5417": [0, 1.2, 0],
						"1.7083": [0.3, 0.8, 0],
						"1.875": [0, 0.2, 0],
						"2.0": [0.3, 0.9, 0]
					},
					"scale": 1
				},
				"leftArm": {
					"rotation": {
						"0.0": [-166, -10, 23],
						"0.1667": [-146, -7.08, 17],
						"0.3333": [-160.91284, -21.3738, 46.87817],
						"0.5": [-187.5039, 3.9798, 34.9073],
						"0.7083": [-166, 0, 23],
						"0.875": [-146, -7.08, 17],
						"1.0417": [-160.91284, -21.3738, 46.87817],
						"1.2083": [-187.5039, 3.9798, 34.9073],
						"1.375": [-166, -10, 23],
						"1.5417": [-146, -7.08, 17],
						"1.7083": [-160.91284, -21.3738, 46.87817],
						"1.875": [-187.5039, 3.9798, 34.9073],
						"2.0": [-166, -10, 23]
					},
					"position": {
						"0.0": [0, 0.9, 0],
						"0.1667": [0, 1.2, 0],
						"0.3333": [0, 0.4, 0],
						"0.5": [0, 0.2, 0],
						"0.7083": [0, 0.9, 0],
						"0.875": [0, 1.2, 0],
						"1.0417": [0, 0.4, 0],
						"1.2083": [0, 0.2, 0],
						"1.375": [0, 0.9, 0],
						"1.5417": [0, 1.2, 0],
						"1.7083": [0, 0.4, 0],
						"1.875": [0, 0.2, 0],
						"2.0": [0, 0.9, 0]
					},
					"scale": 1
				}
			}
		},
		"animation.evoker.hurt": {
			"animation_length": 0.4167,
			"bones": {
				"upper_body": {
					"rotation": {
						"0.0": [0, 0, 0],
						"0.125": [-0.4557, -1.0383, -0.8913],
						"0.2917": [3, 0, 0],
						"0.375": [0, 0, 0]
					},
					"position": {
						"0.0": [0, 0, 0],
						"0.1667": [0, -1.5, 1.4],
						"0.375": [0, 0, 0]
					}
				},
				"head": {
					"rotation": {
						"0.0": [0, 0, 0],
						"0.125": [-16.93902, -1.46016, -5.7826],
						"0.25": [17.14, 0, 0],
						"0.375": [0, 0, 0]
					},
					"position": {
						"0.0": [0, 0, 0],
						"0.125": [0, 0, 0.8],
						"0.2917": [0, 0, 0.6],
						"0.375": [0, 0, 0]
					}
				},
				"nose": {
					"rotation": {
						"0.0": [0, 0, 0],
						"0.0417": [17.25, 0, 0],
						"0.0833": [-0.92, 0, 0],
						"0.1667": [-48, 0, 0],
						"0.3333": [13, 0, 0],
						"0.4167": [0, 0, 0]
					},
					"position": {
						"0.0": [0, 0, 0],
						"0.1667": [0, 0, 0.5],
						"0.4167": [0, 0, 0]
					}
				},
				"eyeball_left": {
					"position": {
						"0.0": [0, 0.2, 0],
						"0.2917": [0, 0.2, 0],
						"0.375": [0, 0, 0]
					},
					"scale": {
						"0.0": [0.68, 0.68, 1],
						"0.2917": [0.68, 0.68, 1],
						"0.375": [1, 1, 1]
					}
				},
				"eyeball_right": {
					"position": {
						"0.0": [0, 0.2, 0],
						"0.2917": [0, 0.2, 0],
						"0.375": [0, 0, 0]
					},
					"scale": {
						"0.0": [0.68, 0.68, 1],
						"0.2917": [0.68, 0.68, 1],
						"0.375": [1, 1, 1]
					}
				},
				"eyelid_left": {
					"position": {
						"0.0": [0, 0.9, 0],
						"0.3333": [0, 0.9, 0],
						"0.4167": [0, 0, 0]
					},
					"scale": {
						"0.0": [1, 1.83, 1],
						"0.3333": [1, 1.83, 1],
						"0.4167": [1, 1.83, 1]
					}
				},
				"eyelid_right": {
					"position": {
						"0.0": [0, 0.9, 0],
						"0.3333": [0, 0.9, 0],
						"0.4167": [0, 0, 0]
					},
					"scale": {
						"0.0": [1, 1.83, 1],
						"0.3333": [1, 1.83, 1],
						"0.4167": [1, 1.83, 1]
					}
				},
				"right": {
					"scale": [1, 2.03, 1]
				},
				"eye_layer_x": {
					"scale": [1, 2.05, 1]
				},
				"top": {
					"position": [0, 1, 0]
				},
				"left": {
					"scale": [1, 2.03, 1]
				},
				"eye_layer_x2": {
					"scale": [1, 2.05, 1]
				},
				"top2": {
					"position": [0, 1, 0]
				},
				"eyebrown_right": {
					"rotation": {
						"0.0": [0, 0, 0],
						"0.3333": [0, 0, 0],
						"0.4167": [0, 0, 0]
					},
					"position": {
						"0.0": [0, 0.88, 0],
						"0.3333": [0, 0.88, 0],
						"0.4167": [0, -0.02, 0]
					}
				},
				"eyebrown_left": {
					"rotation": {
						"0.0": [0, 0, 0],
						"0.3333": [0, 0, 0],
						"0.4167": [0, 0, 0]
					},
					"position": {
						"0.0": [0, 0.88, 0],
						"0.3333": [0, 0.88, 0],
						"0.4167": [0, -0.02, 0]
					}
				},
				"arms": {
					"rotation": {
						"0.0": [0, 0, 0],
						"0.125": [-65, 0, 0],
						"0.25": [17, 0, 0],
						"0.4167": [0, 0, 0]
					},
					"position": {
						"0.0": [0, 0, 0],
						"0.125": [0, -0.5, 0],
						"0.25": [0, 0, 0]
					}
				},
				"rightArm": {
					"rotation": {
						"0.0": [0, 0, 0],
						"0.125": [-55, 0, 0],
						"0.2917": [0, 0, 0]
					},
					"position": {
						"0.0": [0, 0, 0],
						"0.1667": [0, -1.6, 0],
						"0.2917": [0, 0, 0]
					}
				},
				"leftArm": {
					"rotation": {
						"0.0": [0, 0, 0],
						"0.125": [-55, 0, 0],
						"0.2917": [0, 0, 0]
					},
					"position": {
						"0.0": [0, 0, 0],
						"0.1667": [0, -1.5, 0],
						"0.2917": [0, 0, 0]
					}
				}
			}
		},
		"animation.evoker.hurt2": {
			"animation_length": 0.41667,
			"bones": {
				"upper_body": {
					"rotation": {
						"0.0": [0, 0, 0],
						"0.125": [0.4557, -1.0383, 0.8913],
						"0.2917": [-3, 0, 0],
						"0.375": [0, 0, 0]
					},
					"position": {
						"0.0": [0, 0, 0],
						"0.1667": [0, -1.5, -1.4],
						"0.375": [0, 0, 0]
					}
				},
				"head": {
					"rotation": {
						"0.0": [0, 0, 0],
						"0.125": [16.93902, -1.46016, 6.1826],
						"0.2083": [-17.14, 0, 0],
						"0.375": [0, 0, 0]
					},
					"position": {
						"0.0": [0, 0, 0],
						"0.125": [0, 0, -0.8],
						"0.2917": [0, 0, -0.6],
						"0.375": [0, 0, 0]
					}
				},
				"nose": {
					"rotation": {
						"0.0": [0, 0, 0],
						"0.0417": [-25.75, 0, 0],
						"0.1667": [-48, 0, 0],
						"0.3333": [13, 0, 0],
						"0.4167": [0, 0, 0]
					},
					"position": {
						"0.0": [0, 0, 0],
						"0.1667": [0, 0, 0.5],
						"0.4167": [0, 0, 0]
					}
				},
				"eyeball_left": {
					"position": {
						"0.0": [0, 0.2, 0],
						"0.2917": [0, 0.2, 0],
						"0.375": [0, 0, 0]
					},
					"scale": {
						"0.0": [0.68, 0.68, 1],
						"0.2917": [0.68, 0.68, 1],
						"0.375": [1, 1, 1]
					}
				},
				"eyeball_right": {
					"position": {
						"0.0": [0, 0.2, 0],
						"0.2917": [0, 0.2, 0],
						"0.375": [0, 0, 0]
					},
					"scale": {
						"0.0": [0.68, 0.68, 1],
						"0.2917": [0.68, 0.68, 1],
						"0.375": [1, 1, 1]
					}
				},
				"eyelid_left": {
					"position": {
						"0.0": [0, 0.9, 0],
						"0.3333": [0, 0.9, 0],
						"0.4167": [0, 0, 0]
					},
					"scale": {
						"0.0": [1, 1.83, 1],
						"0.3333": [1, 1.83, 1],
						"0.4167": [1, 1.83, 1]
					}
				},
				"eyelid_right": {
					"position": {
						"0.0": [0, 0.9, 0],
						"0.3333": [0, 0.9, 0],
						"0.4167": [0, 0, 0]
					},
					"scale": {
						"0.0": [1, 1.83, 1],
						"0.3333": [1, 1.83, 1],
						"0.4167": [1, 1.83, 1]
					}
				},
				"right": {
					"scale": [1, 2.03, 1]
				},
				"eye_layer_x": {
					"scale": [1, 2.05, 1]
				},
				"top": {
					"position": [0, 1, 0]
				},
				"left": {
					"scale": [1, 2.03, 1]
				},
				"eye_layer_x2": {
					"scale": [1, 2.05, 1]
				},
				"top2": {
					"position": [0, 1, 0]
				},
				"eyebrown_right": {
					"rotation": {
						"0.0": [0, 0, 0],
						"0.3333": [0, 0, 0],
						"0.4167": [0, 0, 0]
					},
					"position": {
						"0.0": [0, 0.88, 0],
						"0.3333": [0, 0.88, 0],
						"0.4167": [0, -0.02, 0]
					}
				},
				"eyebrown_left": {
					"rotation": {
						"0.0": [0, 0, 0],
						"0.3333": [0, 0, 0],
						"0.4167": [0, 0, 0]
					},
					"position": {
						"0.0": [0, 0.88, 0],
						"0.3333": [0, 0.88, 0],
						"0.4167": [0, -0.02, 0]
					}
				},
				"arms": {
					"rotation": {
						"0.0": [0, 0, 0],
						"0.125": [-65, 0, 0],
						"0.25": [17, 0, 0],
						"0.4167": [0, 0, 0]
					},
					"position": {
						"0.0": [0, 0, 0],
						"0.125": [0, -0.5, 0],
						"0.25": [0, 0, 0]
					}
				},
				"rightArm": {
					"rotation": {
						"0.0": [0, 0, 0],
						"0.125": [-55, 0, 0],
						"0.2917": [0, 0, 0]
					},
					"position": {
						"0.0": [0, 0, 0],
						"0.1667": [0, -1.6, 0],
						"0.2917": [0, 0, 0]
					}
				},
				"leftArm": {
					"rotation": {
						"0.0": [0, 0, 0],
						"0.125": [-55, 0, 0],
						"0.2917": [0, 0, 0]
					},
					"position": {
						"0.0": [0, 0, 0],
						"0.1667": [0, -1.5, 0],
						"0.2917": [0, 0, 0]
					}
				}
			}
		},
		"animation.evoker.death_face": {
			"loop": "hold_on_last_frame",
			"animation_length": 0.20833,
			"bones": {
				"eyelid_left": {
					"position": {
						"0.0": [0, 0, 0],
						"0.1667": [0, -1, 0]
					},
					"scale": {
						"0.0": [1, 1.83, 1],
						"0.1667": [1, 2.03, 1]
					}
				},
				"eyelid_right": {
					"position": {
						"0.0": [0, 0, 0],
						"0.1667": [0, -1, 0]
					},
					"scale": {
						"0.0": [1, 1.83, 1],
						"0.1667": [1, 2.03, 1]
					}
				},
				"eyebrown_right": {
					"position": {
						"0.0": [0, 0, 0],
						"0.1667": [0, -0.2, 0]
					}
				},
				"eyebrown_left": {
					"position": {
						"0.0": [0, 0, 0],
						"0.1667": [0, -0.2, 0]
					}
				}
			}
		},
		"animation.evoker.looking": {
			"loop": "hold_on_last_frame",
			"bones": {
				"head": {
					"rotation": ["query.target_x_rotation", "query.target_y_rotation", "math.clamp(query.target_y_rotation, -55, 55)*0.09"]
				},
				"nose": {
					"rotation": [0, 0, "math.clamp(-variable.eye_target_x, -140, 140)*0.175"]
				},
				"body": {
					"rotation": [0, "math.clamp(query.target_y_rotation, -35, 35)*0.188", "math.clamp(query.target_y_rotation, -5, 5)*-0.064"]
				},
				"eyeball_left": {
					"position": ["math.clamp(-variable.eye_target_x, -15, 290)*0.0092", "-variable.eye_target_y*0.008", 0]
				},
				"eyeball_right": {
					"position": ["math.clamp(-variable.eye_target_x, -290, 15)*0.0092", "-variable.eye_target_y*0.008", 0]
				}
			}
		}
	}
}