{
	"format_version": "1.8.0",
	"animations": {
		"animation.iron_golem.base": {
			"loop": true,
			"animation_length": 3,
			"bones": {
				"upper_body": {
					"rotation": {
						"0.0": [4, 0, 0],
						"1.5": [1.5, 0, 0],
						"3.0": [4, 0, 0]
					},
					"position": {
						"0.0": [0, -0.4, 0],
						"1.5": [0, 0.3, 0],
						"3.0": [0, -0.4, 0]
					}
				},
				"body": {
					"rotation": [0, "7+math.clamp(query.target_y_rotation, -35, 35)*0.5", 0]
				},
				"rightArm": {
					"rotation": {
						"0.0": [-5.92096, 7.17023, 1.26143],
						"0.3333": [-6.821, 7.17023, 1.26143],
						"1.5": [2.079, 7.17023, 1.26143],
						"1.8333": [3.579, 7.17023, 1.26143],
						"3.0": [-5.92096, 7.17023, 1.26143]
					},
					"position": {
						"0.0": [0, 0, -0.7],
						"0.5417": [0, -0.65, -0.7],
						"1.5": [0, 0.2, -0.7],
						"2.0417": [0, 0.5, -0.7],
						"3.0": [0, 0, -0.7]
					}
				},
				"leftArm": {
					"rotation": {
						"0.0": [-6.0239, -6.0441, -0.84344],
						"0.3333": [-7.5239, -6.0441, -0.84344],
						"1.5": [1.0647, -6.0441, -1.47444],
						"1.8333": [2.5647, -6.0441, -1.47444],
						"3.0": [-6.0239, -6.0441, -0.84344]
					},
					"position": {
						"0.0": [0.3, 0, -1.2],
						"0.5417": [0.3, -0.65, -1.2],
						"1.5": [0.3, 0.2, -1.2],
						"2.0417": [0.3, 0.5, -1.2],
						"3.0": [0.3, 0, -1.2]
					}
				},
				"body1": {
					"position": {
						"0.0": [0, 0, 0],
						"0.25": [0, -0.19, 0],
						"1.5": [0, 0, 0],
						"1.75": [0, 0.19, 0],
						"3.0": [0, 0, 0]
					}
				},
				"head": {
					"rotation": {
						"0.0": [1.7973, 2.9982, -0.1048],
						"1.5": [5.7973, 2.9982, -0.1048],
						"3.0": [1.7973, 2.9982, -0.1048]
					},
					"position": {
						"0.0": [0, 0, 0],
						"0.25": [0, -0.2, 0],
						"1.5": [0, -0.2, 0],
						"1.75": [0, 0, 0],
						"3.0": [0, 0, 0]
					}
				},
				"rightLeg": {
					"rotation": [-2, 9, 0],
					"position": [0, 0, -1.8]
				},
				"leftLeg": {
					"rotation": [3, -9, -1],
					"position": [0, 0, 1]
				},
				"nose": {
					"rotation": [0, 0, "math.clamp(-variable.eye_target_x, -140, 140)*0.175"],
					"position": {
						"0.0": [0, 0, 0],
						"1.5417": [0, 0.3, 0],
						"3.0": [0, 0, 0]
					}
				}
			}
		},
		"animation.iron_golem.base_cracked": {
			"loop": true,
			"animation_length": 3,
			"bones": {
				"upper_body": {
					"rotation": {
						"0.0": [12, 0, 0],
						"1.5": [9, 0, 0],
						"3.0": [12, 0, 0]
					},
					"position": {
						"0.0": [0, -0.8, 0],
						"1.5": [0, -0.5, 0],
						"3.0": [0, -0.8, 0]
					}
				},
				"body": {
					"rotation": [0, "7+math.clamp(query.target_y_rotation, -35, 35)*0.5", 0]
				},
				"rightArm": {
					"rotation": {
						"0.0": [-5.49725, -22.12788, 10.05528],
						"0.2083": [-4.49725, -22.12788, 10.05528],
						"1.5": [-12.49725, -22.12788, 10.05528],
						"1.7917": [-14.4973, -22.12788, 10.05528],
						"3.0": [-5.49725, -22.12788, 10.05528]
					},
					"position": {
						"0.0": [0, -1.6, -0.7],
						"0.5417": [0, -2.1, -0.7],
						"1.5": [0, -1.2, -0.7],
						"1.75": [0, -1, -0.7],
						"3.0": [0, -1.6, -0.7]
					}
				},
				"leftArm": {
					"rotation": {
						"0.0": [-9.00822, 13.51324, -5.93245],
						"0.2083": [-8.00822, 13.51324, -5.93245],
						"1.5": [-14.00822, 13.51324, -5.93245],
						"1.7917": [-16.0082, 13.51324, -5.93245],
						"3.0": [-9.00822, 13.51324, -5.93245]
					},
					"position": {
						"0.0": [0.3, -2.1, -1.2],
						"0.5417": [0.3, -2.6, -1.2],
						"1.5": [0.3, -1.6, -1.2],
						"1.75": [0.3, -1.4, -1.2],
						"3.0": [0.3, -2.1, -1.2]
					}
				},
				"body1": {
					"rotation": {
						"0.0": [0, 0, 0],
						"1.5": [2, 0, 0],
						"3.0": [0, 0, 0]
					},
					"position": {
						"0.0": [0, 0, 0],
						"0.4167": [0, -0.25, 0],
						"1.5": [0, 0, 0],
						"1.9583": [0, 0.17, 0],
						"3.0": [0, 0, 0]
					}
				},
				"head": {
					"rotation": {
						"0.0": [0.9432, 2.6411, 2.861],
						"1.5": [5.9432, 2.6411, 2.861],
						"3.0": [0.9432, 2.6411, 2.861]
					},
					"position": {
						"0.0": [0, -0.2, 0.6],
						"0.4167": [0, -0.4, 0.6],
						"1.5": [0, -0.16, 0.6],
						"1.9167": [0, -0.4, 0.6],
						"3.0": [0, -0.2, 0.6]
					}
				},
				"rightLeg": {
					"rotation": [-3, 9, 0],
					"position": [0, 0, -3.2]
				},
				"leftLeg": {
					"rotation": [6.05373, -13.99303, -1.26934],
					"position": [0, 0, 1.2]
				},
				"nose": {
					"rotation": [-7, 0, "math.clamp(-variable.eye_target_x, -140, 140)*0.175"],
					"position": [0, 0, 0]
				}
			}
		},
		"animation.iron_golem.base_flower": {
			"loop": true,
			"animation_length": 3,
			"bones": {
				"upper_body": {
					"rotation": {
						"0.0": [4, 0, 0],
						"1.5": [1.5, 0, 0],
						"3.0": [4, 0, 0]
					},
					"position": {
						"0.0": [0, -0.4, 0],
						"1.5": [0, 0.3, 0],
						"3.0": [0, -0.4, 0]
					}
				},
				"body": {
					"rotation": [0, "7+math.clamp(query.target_y_rotation, -35, 35)*0.5", 0]
				},
				"rightArm": {
					"rotation": {
						"0.0": [-54.16933, 2.02353, -1.83367],
						"1.5": [-56.16933, 2.02353, -1.83367],
						"3.0": [-54.16933, 2.02353, -1.83367]
					},
					"position": {
						"0.0": [0, -0.6, -1.1],
						"0.5417": [0, -0.65, -0.7],
						"1.5": [0, 0.2, -0.7],
						"2.0417": [0, 0.5, -0.7],
						"3.0": [0, -0.6, -1.1]
					}
				},
				"leftArm": {
					"rotation": {
						"0.0": [-6.0239, -6.0441, -0.84344],
						"0.3333": [-7.5239, -6.0441, -0.84344],
						"1.5": [1.0647, -6.0441, -1.47444],
						"1.8333": [2.5647, -6.0441, -1.47444],
						"2.9583": [-6.0239, -6.0441, -0.84344]
					},
					"position": {
						"0.0": [0.3, 0, -1.2],
						"0.5417": [0.3, -0.65, -1.2],
						"1.5": [0.3, 0.2, -1.2],
						"2.0417": [0.3, 0.5, -1.2],
						"3.0": [0.3, 0, -1.2]
					}
				},
				"body1": {
					"position": {
						"0.0": [0, 0, 0],
						"0.25": [0, -0.19, 0],
						"1.5": [0, 0, 0],
						"1.75": [0, 0.19, 0],
						"3.0": [0, 0, 0]
					}
				},
				"head": {
					"rotation": {
						"0.0": [1.7973, 2.9982, -0.1048],
						"1.5": [5.7973, 2.9982, -0.1048],
						"3.0": [1.7973, 2.9982, -0.1048]
					},
					"position": {
						"0.0": [0, 0, 0],
						"0.25": [0, -0.2, 0],
						"1.5": [0, -0.2, 0],
						"1.75": [0, 0, 0],
						"3.0": [0, 0, 0]
					}
				},
				"rightLeg": {
					"rotation": [-2, 9, 0],
					"position": [0, 0, -1.8]
				},
				"leftLeg": {
					"rotation": [3, -9, -1],
					"position": [0, 0, 1]
				},
				"nose": {
					"rotation": [0, 0, "math.clamp(-variable.eye_target_x, -140, 140)*0.175"],
					"position": {
						"0.0": [0, 0, 0],
						"1.5417": [0, 0.3, 0],
						"3.0": [0, 0, 0]
					}
				}
			}
		},
		"animation.iron_golem.base_face": {
			"loop": true,
			"bones": {
				"eyebrown": {
					"position": [0, "math.clamp(variable.eye_target_y, 0, 25)*-0.0205", 0]
				},
				"eyeball_right": {
					"position": ["math.clamp(-variable.eye_target_x, -8, 45)*0.0125", "math.clamp(-variable.eye_target_y, -10, 60)*0.018", 0]
				},
				"eyeball_left": {
					"position": ["math.clamp(-variable.eye_target_x, -45, 8)*0.0125", "math.clamp(-variable.eye_target_y, -10, 60)*0.018", 0]
				}
			}
		},
		"animation.iron_golem.has_target_face": {
			"loop": true,
			"bones": {
				"eyebrown": {
					"position": [0, "-0.8+math.clamp(variable.eye_target_y, -45, 0)*-0.0148", 0]
				},
				"eyeball_right": {
					"position": ["math.clamp(-variable.eye_target_x, -8, 45)*0.0125", "math.clamp(-variable.eye_target_y, -10, 60)*0.018", 0]
				},
				"eyeball_left": {
					"position": ["math.clamp(-variable.eye_target_x, -45, 8)*0.0125", "math.clamp(-variable.eye_target_y, -10, 60)*0.018", 0]
				}
			}
		},
		"animation.iron_golem.death_face": {
			"loop": "hold_on_last_frame",
			"bones": {
				"eyebrown": {
					"position": [0, -1, 0]
				},
				"eyeball_right": {
					"position": [0, 0, 0.3]
				},
				"eyeball_left": {
					"position": [0, 0, 0.2]
				}
			}
		},
		"animation.iron_golem.walking": {
			"loop": true,
			"animation_length": 4,
			"anim_time_update": "query.modified_distance_moved * 0.21",
			"bones": {
				"upper_body": {
					"rotation": {
						"0.0": [8, 0, -2],
						"1.0": [5, 0, 0],
						"2.0": [8, 0, 2],
						"3.0": [5, 0, 0],
						"4.0": [8, 0, -2]
					},
					"position": {
						"0.0": [0, -0.2, 0],
						"0.2917": [0, -0.7, 0],
						"1.0": [0, 0.4, 0],
						"2.0": [0, -0.2, 0],
						"2.2917": [0, -0.7, 0],
						"3.0": [0, 0.4, 0],
						"4.0": [0, -0.2, 0]
					}
				},
				"body": {
					"rotation": {
						"0.0": [0, 3.5, 0],
						"2.0": [0, -3.5, 0],
						"4.0": [0, 3.5, 0]
					}
				},
				"rightArm": {
					"rotation": {
						"0.0": [23, 2, 3.7],
						"0.25": [26, 2, 3.7],
						"2.0": [-26, 2, 2.7],
						"2.25": [-29, 2, 2.7],
						"4.0": [23, 2, 3.7]
					},
					"position": {
						"0.0": [0, -0.3, 0],
						"0.75": [0, -1.8, 0],
						"2.0": [0, -0.3, 0],
						"2.75": [0, -1.8, 0],
						"4.0": [0, -0.3, 0]
					}
				},
				"leftArm": {
					"rotation": {
						"0.0": [-26, -2, -2.7],
						"0.25": [-29, -2, -2.7],
						"2.0": [23, -2, -3.7],
						"2.25": [26, -2, -3.7],
						"4.0": [-26, -2, -2.7]
					},
					"position": {
						"0.0": [0, -0.3, 0],
						"0.75": [0, -1.8, 0],
						"2.0": [0, -0.3, 0],
						"2.75": [0, -1.8, 0],
						"4.0": [0, -0.3, 0]
					}
				},
				"head": {
					"rotation": {
						"0.0": [-1, 0, -1.5],
						"1.0417": [4, 0, 0],
						"2.0": [-1, 0, 1.5],
						"3.0": [4, 0, 0],
						"4.0": [-1, 0, -1.5]
					},
					"position": {
						"0.0": [0, 0, 0],
						"0.75": [0, -0.65, 0],
						"2.0": [0, 0, 0],
						"2.7083": [0, -0.65, 0],
						"4.0": [0, 0, 0]
					}
				},
				"rightLeg": {
					"rotation": {
						"0.0": [-8, 3, 0.6],
						"2.0": [19, -3, -0.7],
						"2.5": [46.25, -1.5, -0.375],
						"3.0": [16.16667, 0, -0.05],
						"4.0": [-8, 3, 0.6]
					},
					"position": {
						"0.0": [0, 0, -5],
						"2.0": [0, 0, 3.5],
						"2.5": [0, 0.7, -3.42],
						"3.0": [0, 3.5, -3.95],
						"4.0": [0, 0, -5]
					}
				},
				"leftLeg": {
					"rotation": {
						"0.0": [19, 3, 0.7],
						"0.5": [46.25, 1.5, 0.375],
						"1.0": [16.16667, 0, 0.05],
						"2.0": [-8, -3, -0.6],
						"4.0": [19, 3, 0.7]
					},
					"position": {
						"0.0": [0, 0, 3.5],
						"0.5": [0, 0.7, -3.42],
						"1.0": [0, 3.5, -3.95],
						"2.0": [0, 0, -5],
						"4.0": [0, 0, 3.5]
					}
				},
				"root": {
					"position": {
						"0.0": [0, 0, 0],
						"1.0": [0, 0.2, 0],
						"2.0": [0, 0, 0],
						"3.0": [0, 0.2, 0],
						"4.0": [0, 0, 0]
					}
				},
				"body1": {
					"rotation": {
						"0.0": [0, "math.clamp(query.target_y_rotation, -35, 35)*0.5", 0],
						"1.0": [-2, "math.clamp(query.target_y_rotation, -35, 35)*0.5", 0],
						"2.0": [0, "math.clamp(query.target_y_rotation, -35, 35)*0.5", 0],
						"3.0": [-2, "math.clamp(query.target_y_rotation, -35, 35)*0.5", 0],
						"4.0": [0, "math.clamp(query.target_y_rotation, -35, 35)*0.5", 0]
					},
					"position": {
						"0.0": [0, 0, 0],
						"0.7083": [0, -0.5, 0],
						"2.0": [0, 0, 0],
						"2.75": [0, -0.5, 0],
						"4.0": [0, 0, 0]
					}
				},
				"nose": {
					"rotation": {
						"0.0": [-4, 0, 5],
						"0.3333": [0, 0, 6],
						"2.0": [-4, 0, -5],
						"2.3333": [0, 0, -6],
						"4.0": [-4, 0, 5]
					}
				}
			}
		},
		"animation.iron_golem.walking_cracked": {
			"loop": true,
			"animation_length": 4,
			"anim_time_update": "query.modified_distance_moved * 0.20",
			"bones": {
				"upper_body": {
					"rotation": {
						"0.0": [16, 0, -4],
						"2.0": [16, 0, 4],
						"4.0": [16, 0, -4]
					},
					"position": {
						"0.0": [0, -0.2, 0],
						"0.625": [0, -1, 0],
						"1.2083": [0, 0.24, 0],
						"2.0": [0, -0.2, 0],
						"2.625": [0, -1.1, 0],
						"3.25": [0, 0.24, 0],
						"4.0": [0, -0.2, 0]
					}
				},
				"body": {
					"rotation": {
						"0.0": [0, 5.5, 0],
						"2.0": [0, -5.5, 0],
						"4.0": [0, 5.5, 0]
					}
				},
				"rightArm": {
					"rotation": {
						"0.0": [22.57951, -18.34909, 0.50491],
						"2.0": [-25.98814, 1.1012, 3.1384],
						"4.0": [22.57951, -18.34909, 0.50491]
					},
					"position": {
						"0.0": [0.2, -1.6, -0.8],
						"0.625": [0.31, -2.5, -0.87],
						"2.0": [0.5, -1.8, -1],
						"2.5833": [0.39, -2.5, -0.92],
						"4.0": [0.2, -1.6, -0.8]
					}
				},
				"leftArm": {
					"rotation": {
						"0.0": [-25.98814, -1.10116, -3.13843],
						"2.0": [22.57951, 18.3491, -0.5049],
						"4.0": [-25.98814, -1.10116, -3.13843]
					},
					"position": {
						"0.0": [-0.5, -1.8, -1],
						"0.625": [-0.39, -2.5, -0.92],
						"2.0": [-0.2, -1.6, -0.8],
						"2.625": [-0.31, -2.5, -0.87],
						"4.0": [-0.5, -1.8, -1]
					}
				},
				"head": {
					"rotation": {
						"0.0": [-5.9964, -0.209, -1.4891],
						"1.0": [-2, 0, 0],
						"2.0": [-5.9964, 0.209, 1.4891],
						"3.0": [-2, 0, 0],
						"4.0": [-5.9964, -0.209, -1.4891]
					},
					"position": {
						"0.0": [0, 0, 0],
						"0.75": [0, -0.75, 0],
						"2.0": [0, 0, 0],
						"2.7083": [0, -0.75, 0],
						"4.0": [0, 0, 0]
					}
				},
				"rightLeg": {
					"rotation": {
						"0.0": [-8, 3, 0.6],
						"2.0": [19, -3, -0.7],
						"2.5": [46.25, -1.5, -0.375],
						"3.0": [16.16667, 0, -0.05],
						"4.0": [-8, 3, 0.6]
					},
					"position": {
						"0.0": [0, 0, -5],
						"2.0": [0, 0, 3.5],
						"2.5": [0, 0.7, -3.42],
						"3.0": [0, 3.5, -3.95],
						"4.0": [0, 0, -5]
					}
				},
				"leftLeg": {
					"rotation": {
						"0.0": [19, 3, 0.7],
						"0.5": [46.25, 1.5, 0.375],
						"1.0": [16.16667, 0, 0.05],
						"2.0": [-8, -3, -0.6],
						"4.0": [19, 3, 0.7]
					},
					"position": {
						"0.0": [0, 0, 3.5],
						"0.5": [0, 0.7, -3.42],
						"1.0": [0, 3.5, -3.95],
						"2.0": [0, 0, -5],
						"4.0": [0, 0, 3.5]
					}
				},
				"root": {
					"position": {
						"0.0": [0, 0, 0],
						"1.0": [0, 0.2, 0],
						"2.0": [0, 0, 0],
						"3.0": [0, 0.2, 0],
						"4.0": [0, 0, 0]
					}
				},
				"body1": {
					"rotation": {
						"0.0": [-1, "0.0349+math.clamp(query.target_y_rotation, -35, 35)*0.5", 0.99939],
						"1.0": [-2, "0.0349+math.clamp(query.target_y_rotation, -35, 35)*0.5", 0.99939],
						"2.0": [-1, "0.0349+math.clamp(query.target_y_rotation, -35, 35)*0.5", 0.99939],
						"3.0": [-2, "0.0349+math.clamp(query.target_y_rotation, -35, 35)*0.5", 0.99939],
						"4.0": [-1, "0.0349+math.clamp(query.target_y_rotation, -35, 35)*0.5", 0.99939]
					},
					"position": {
						"0.0": [0, 0, 0],
						"0.7083": [0, -0.8, 0],
						"2.0": [0, 0, 0],
						"2.75": [0, -0.8, 0],
						"4.0": [0, 0, 0]
					}
				},
				"nose": {
					"rotation": {
						"0.0": [-4, 0, 5],
						"0.3333": [0, 0, 6],
						"2.0": [-4, 0, -5],
						"2.3333": [0, 0, -6],
						"4.0": [-4, 0, 5]
					}
				}
			}
		},
		"animation.iron_golem.walking_has_target": {
			"loop": true,
			"animation_length": 4,
			"anim_time_update": "query.modified_distance_moved * 0.19",
			"bones": {
				"upper_body": {
					"rotation": {
						"0.0": [20, 0, -2],
						"1.0": [12, 0, 0],
						"2.0": [20, 0, 2],
						"3.0": [12, 0, 0],
						"4.0": [20, 0, -2]
					},
					"position": {
						"0.0": [0, -0.4, 0],
						"0.2083": [0, -1.2, 0],
						"1.0": [0, 0.6, 0],
						"2.0": [0, -0.4, 0],
						"2.2917": [0, -1.2, 0],
						"3.0": [0, 0.6, 0],
						"4.0": [0, -0.4, 0]
					}
				},
				"body": {
					"rotation": {
						"0.0": [-2, 5.5, 0],
						"2.0": [-2, -5.5, 0],
						"3.9583": [-2, 5.5, 0]
					}
				},
				"rightArm": {
					"rotation": {
						"0.0": [23, 2, 3.7],
						"0.25": [26, 2, 3.7],
						"2.0": [-26, 2, 2.7],
						"2.25": [-29, 2, 2.7],
						"4.0": [23, 2, 3.7]
					},
					"position": {
						"0.0": [0, 1, -1.5],
						"0.75": [0, -1.2, 0],
						"2.0": [0, 1, -2.5],
						"2.75": [0, -1.2, 0],
						"4.0": [0, 1, -1.5]
					}
				},
				"leftArm": {
					"rotation": {
						"0.0": [-26, -2, -2.7],
						"0.25": [-29, -2, -2.7],
						"2.0": [23, -2, -3.7],
						"2.25": [26, -2, -3.7],
						"4.0": [-26, -2, -2.7]
					},
					"position": {
						"0.0": [0, 1, -2.5],
						"0.75": [0, -1.2, 0],
						"2.0": [0, 1, -1.5],
						"2.75": [0, -1.2, 0],
						"4.0": [0, 1, -2.5]
					}
				},
				"head": {
					"rotation": {
						"0.0": [-6, 0, -1.5],
						"1.0": [5, 0, 0],
						"2.0": [-6, 0, 1.5],
						"3.0": [5, 0, 0],
						"4.0": [-6, 0, -1.5]
					},
					"position": {
						"0.0": [0, 0, 0],
						"0.75": [0, -0.65, 0],
						"2.0": [0, 0, 0],
						"2.7083": [0, -0.65, 0],
						"4.0": [0, 0, 0]
					}
				},
				"rightLeg": {
					"rotation": {
						"0.0": [-8, 3, 0.6],
						"2.0": [19, -3, -0.7],
						"2.5": [46.25, -1.5, -0.375],
						"3.0": [16.16667, 0, -0.05],
						"4.0": [-8, 3, 0.6]
					},
					"position": {
						"0.0": [0, 0, -5],
						"2.0": [0, 0, 3.5],
						"2.5": [0, 1.5, -3.42],
						"3.0": [0, 3.5, -3.95],
						"4.0": [0, 0, -5]
					}
				},
				"leftLeg": {
					"rotation": {
						"0.0": [19, 3, 0.7],
						"0.5": [46.25, 1.5, 0.375],
						"1.0": [16.16667, 0, 0.05],
						"2.0": [-8, -3, -0.6],
						"4.0": [19, 3, 0.7]
					},
					"position": {
						"0.0": [0, 0, 3.5],
						"0.5": [0, 1.5, -3.42],
						"1.0": [0, 3.5, -3.95],
						"2.0": [0, 0, -5],
						"4.0": [0, 0, 3.5]
					}
				},
				"root": {
					"position": {
						"0.0": [0, 0, 0],
						"1.0": [0, 0.2, 0],
						"2.0": [0, 0, 0],
						"3.0": [0, 0.2, 0],
						"4.0": [0, 0, 0]
					}
				},
				"body1": {
					"rotation": {
						"0.0": [0, "math.clamp(query.target_y_rotation, -35, 35)*0.5", 0],
						"1.0": [-2, "math.clamp(query.target_y_rotation, -35, 35)*0.5", 0],
						"2.0": [0, "math.clamp(query.target_y_rotation, -35, 35)*0.5", 0],
						"3.0": [-2, "math.clamp(query.target_y_rotation, -35, 35)*0.5", 0],
						"4.0": [0, "math.clamp(query.target_y_rotation, -35, 35)*0.5", 0]
					},
					"position": {
						"0.0": [0, 0, 0],
						"0.7083": [0, -0.5, 0],
						"2.0": [0, 0, 0],
						"2.75": [0, -0.5, 0],
						"4.0": [0, 0, 0]
					}
				},
				"nose": {
					"rotation": {
						"0.0": [0, 0, 5],
						"0.3333": [0, 0, 6],
						"2.0": [0, 0, -5],
						"2.3333": [0, 0, -6],
						"4.0": [0, 0, 5]
					}
				}
			}
		},
		"animation.iron_golem.attack_time": {
			"loop": "hold_on_last_frame",
			"animation_length": 4,
			"bones": {
				"root": {
					"position": {
						"0.0": [0, 0, 0],
						"1.0": [0, 0.2, 0],
						"2.0": [0, 0, 0],
						"3.0": [0, 0.2, 0],
						"4.0": [0, 0, 0]
					}
				},
				"upper_body": {
					"rotation": {
						"0.0": [20, 0, -2],
						"0.125": [5, 0, -1.75],
						"0.2917": [15.14286, 0, -1.5],
						"0.4167": [20, 0, 0],
						"0.75": [20, 0, -2],
						"2.0": [20, 0, 2],
						"3.0": [12, 0, 0],
						"4.0": [20, 0, -2]
					},
					"position": {
						"0.0": [0, -2, 0],
						"0.125": [0, 0.9, 0],
						"0.2917": [0, -2.53, 0],
						"0.4167": [0, 1.9, 0],
						"0.75": [0, -0.4, 0],
						"2.0": [0, -0.4, 0],
						"2.2917": [0, -1.2, 0],
						"3.0": [0, 0.6, 0],
						"4.0": [0, -0.4, 0]
					}
				},
				"body": {
					"rotation": {
						"0.0": [-2, 5.5, 0],
						"2.0": [-2, -5.5, 0],
						"3.9583": [-2, 5.5, 0]
					}
				},
				"rightArm": {
					"rotation": {
						"0.0": [23, 2, 3.7],
						"0.125": [-127, 2, 3.7],
						"0.1667": [-140, 2, 3.7],
						"0.4583": [4, 2, 3.7],
						"0.6667": [56.33333, 2, 3.7],
						"1.125": [-37, 2, 3.7],
						"1.75": [5, 2, 3.7],
						"2.0": [-26, 2, 2.7],
						"2.25": [-29, 2, 2.7],
						"4.0": [23, 2, 3.7]
					},
					"position": {
						"0.0": [0, -0.3, -1.5],
						"0.125": [0, -0.22, -3.68],
						"0.1667": [0, -0.22, -3.68],
						"0.4583": [0, -0.3, -1.5],
						"1.125": [0, -0.3, -1.5],
						"1.75": [0, -0.3, -1.5],
						"2.0": [0, -0.3, -2.5],
						"2.75": [0, -1.8, 0],
						"4.0": [0, -0.3, -1.5]
					}
				},
				"leftArm": {
					"rotation": {
						"0.0": [-26, -2, -2.7],
						"0.125": [-127, -2, -2.7],
						"0.1667": [-139, -2, -2.7],
						"0.4583": [8, -2, -2.7],
						"0.6667": [60.33333, -2, -2.7],
						"1.125": [-36, -2, -2.7],
						"1.75": [-2, -2, -2.7],
						"2.0": [23, -2, -3.7],
						"2.25": [26, -2, -3.7],
						"4.0": [-26, -2, -2.7]
					},
					"position": {
						"0.0": [0, -0.3, -2.5],
						"0.125": [0, -0.22, -3.68],
						"0.1667": [0, -0.22, -3.68],
						"0.4583": [0, -0.3, -2.5],
						"1.125": [0, -0.3, -2.5],
						"1.75": [0, -0.3, -2.5],
						"2.0": [0, -0.3, -1.5],
						"2.75": [0, -1.8, 0],
						"4.0": [0, -0.3, -2.5]
					}
				},
				"body1": {
					"rotation": {
						"0.0": [0, 0, 0],
						"0.125": [4.75, 0, 0],
						"0.2917": [-7.54, 0, 0],
						"0.5417": [-2, 0, 0],
						"2.0": [0, 0, 0],
						"3.0": [-2, 0, 0],
						"4.0": [0, 0, 0]
					},
					"position": {
						"0.0": [0, 0, 0],
						"0.2917": [0, -0.21, -1.4],
						"0.5417": [0, -0.5, 0],
						"2.0": [0, 0, 0],
						"2.75": [0, -0.5, 0],
						"4.0": [0, 0, 0]
					}
				},
				"head": {
					"rotation": {
						"0.0": [-6, 0, -1.5],
						"0.125": [12, 0, -1.3125],
						"0.25": [-14.71739, 0, -1.12908],
						"0.375": [-6, 0, -1.5],
						"2.0": ["-6+query.target_x_rotation", "query.target_y_rotation", 1.5],
						"4.0": ["-6+query.target_x_rotation", "query.target_y_rotation", -1.5]
					},
					"position": {
						"0.0": [0, 0, 0],
						"0.75": [0, -0.65, 0],
						"2.0": [0, 0, 0],
						"2.7083": [0, -0.65, 0],
						"4.0": [0, 0, 0]
					}
				},
				"nose": {
					"rotation": {
						"0.0": [0, 0, 5],
						"0.0833": [8, 0, 6],
						"0.25": [-27.69565, 0, 5.04348],
						"0.3333": [-27.69565, 0, 5.04348],
						"0.4167": [12.28261, 0, 4.32609],
						"0.5833": [0, 0, 5],
						"2.0": [0, 0, -5],
						"2.3333": [0, 0, -6],
						"4.0": [0, 0, 5]
					}
				}
			}
		},
		"animation.iron_golem.attack_walk": {
			"loop": true,
			"animation_length": 4,
			"anim_time_update": "query.modified_distance_moved * 0.20",
			"bones": {
				"rightLeg": {
					"rotation": {
						"0.0": [-8, 3, 0.6],
						"2.0": [19, -3, -0.7],
						"2.5": [46.25, -1.5, -0.375],
						"3.0": [16.16667, 0, -0.05],
						"4.0": [-8, 3, 0.6]
					},
					"position": {
						"0.0": [0, 0, -5],
						"2.0": [0, 0, 3.5],
						"2.5": [0, 1.5, -3.42],
						"3.0": [0, 3.5, -3.95],
						"4.0": [0, 0, -5]
					}
				},
				"leftLeg": {
					"rotation": {
						"0.0": [19, 3, 0.7],
						"0.5": [46.25, 1.5, 0.375],
						"1.0": [16.16667, 0, 0.05],
						"2.0": [-8, -3, -0.6],
						"4.0": [19, 3, 0.7]
					},
					"position": {
						"0.0": [0, 0, 3.5],
						"0.5": [0, 1.5, -3.42],
						"1.0": [0, 3.5, -3.95],
						"2.0": [0, 0, -5],
						"4.0": [0, 0, 3.5]
					}
				}
			}
		},
		"animation.iron_golem.hurt": {
			"animation_length": 0.41667,
			"bones": {
				"upper_body": {
					"rotation": {
						"0.0": [0, 0, 0],
						"0.125": [-5.4557, -1.0383, -0.8913],
						"0.2917": [3, 0, 0],
						"0.375": [0, 0, 0]
					},
					"position": {
						"0.0": [0, 0, 0],
						"0.1667": [0, -1.5, 1.4],
						"0.375": [0, 0, 0]
					}
				},
				"rightArm": {
					"rotation": {
						"0.0": [0, 0, 0],
						"0.125": [-45, 0, 0],
						"0.2917": [0, 0, 0]
					},
					"position": {
						"0.0": [0, 0, 0],
						"0.1667": [0, -2.9, 0],
						"0.2917": [0, 0, 0]
					}
				},
				"leftArm": {
					"rotation": {
						"0.0": [0, 0, 0],
						"0.125": [-45, 0, 0],
						"0.2917": [0, 0, 0]
					},
					"position": {
						"0.0": [0, 0, 0],
						"0.1667": [0, -2.9, 0],
						"0.2917": [0, 0, 0]
					}
				},
				"head": {
					"rotation": {
						"0.0": [0, 0, 0],
						"0.125": [-16.93902, -1.46016, -5.7826],
						"0.25": [17.14, 0, 0],
						"0.375": [0, 0, 0]
					},
					"position": {
						"0.0": [0, 0, 0],
						"0.125": [0, 0, 0.8],
						"0.2917": [0, 0, 0.6],
						"0.375": [0, 0, 0]
					}
				},
				"eyeball_right": {
					"position": {
						"0.0": [0, 0.5, 0],
						"0.3333": [0, 0.5, 0],
						"0.4167": [0, 0, 0]
					},
					"scale": {
						"0.0": [0.72, 0.72, 1],
						"0.3333": [0.72, 0.72, 1],
						"0.4167": [1, 1, 1]
					}
				},
				"eyeball_left": {
					"position": {
						"0.0": [0, 0.5, 0],
						"0.3333": [0, 0.5, 0],
						"0.4167": [0, 0, 0]
					},
					"scale": {
						"0.0": [0.72, 0.72, 1],
						"0.3333": [0.72, 0.72, 1],
						"0.4167": [1, 1, 1]
					}
				},
				"eyebrown": {
					"position": {
						"0.0": [0, 0.9, 0],
						"0.25": [0, 0.9, 0],
						"0.3333": [0, 0, 0]
					}
				},
				"nose": {
					"rotation": {
						"0.0": [0, 0, 0],
						"0.0417": [17.25, 0, 0],
						"0.125": [-0.92, 0, 0],
						"0.2083": [-48, 0, 0],
						"0.3333": [13, 0, 0],
						"0.4167": [0, 0, 0]
					},
					"position": {
						"0.0": [0, 0, 0],
						"0.2083": [0, 0, 0.5],
						"0.4167": [0, 0, 0]
					}
				}
			}
		},
		"animation.iron_golem.hurt2": {
			"animation_length": 0.41667,
			"bones": {
				"upper_body": {
					"rotation": {
						"0.0": [0, 0, 0],
						"0.125": [5.4557, -1.0383, 0.8913],
						"0.2917": [-3, 0, 0],
						"0.375": [0, 0, 0]
					},
					"position": {
						"0.0": [0, 0, 0],
						"0.1667": [0, -1.5, -1.4],
						"0.375": [0, 0, 0]
					}
				},
				"rightArm": {
					"rotation": {
						"0.0": [0, 0, 0],
						"0.125": [-45, 0, 0],
						"0.2917": [0, 0, 0]
					},
					"position": {
						"0.0": [0, 0, 0],
						"0.1667": [0, -2.9, 0],
						"0.2917": [0, 0, 0]
					}
				},
				"leftArm": {
					"rotation": {
						"0.0": [0, 0, 0],
						"0.125": [-45, 0, 0],
						"0.2917": [0, 0, 0]
					},
					"position": {
						"0.0": [0, 0, 0],
						"0.1667": [0, -2.9, 0],
						"0.2917": [0, 0, 0]
					}
				},
				"head": {
					"rotation": {
						"0.0": [0, 0, 0],
						"0.125": [16.93902, -1.46016, 6.1826],
						"0.2083": [-17.14, 0, 0],
						"0.375": [0, 0, 0]
					},
					"position": {
						"0.0": [0, 0, 0],
						"0.125": [0, 0, -0.8],
						"0.2917": [0, 0, -0.6],
						"0.375": [0, 0, 0]
					}
				},
				"eyebrown": {
					"position": {
						"0.0": [0, 0.9, 0],
						"0.25": [0, 0.9, 0],
						"0.3333": [0, 0, 0]
					}
				},
				"nose": {
					"rotation": {
						"0.0": [0, 0, 0],
						"0.0833": [-25.75, 0, 0],
						"0.1667": [-48, 0, 0],
						"0.3333": [13, 0, 0],
						"0.4167": [0, 0, 0]
					},
					"position": {
						"0.0": [0, 0, 0],
						"0.1667": [0, 0, 0.5],
						"0.4167": [0, 0, 0]
					}
				},
				"eyeball_right": {
					"position": {
						"0.0": [0, 0.5, 0],
						"0.3333": [0, 0.5, 0],
						"0.4167": [0, 0, 0]
					},
					"scale": {
						"0.0": [0.72, 0.72, 1],
						"0.3333": [0.72, 0.72, 1],
						"0.4167": [1, 1, 1]
					}
				},
				"eyeball_left": {
					"position": {
						"0.0": [0, 0.5, 0],
						"0.3333": [0, 0.5, 0],
						"0.4167": [0, 0, 0]
					},
					"scale": {
						"0.0": [0.72, 0.72, 1],
						"0.3333": [0.72, 0.72, 1],
						"0.4167": [1, 1, 1]
					}
				}
			}
		},
		"animation.iron_golem.looking": {
			"loop": true,
			"bones": {
				"head": {
					"rotation": ["query.target_x_rotation", "query.target_y_rotation", "math.clamp(query.target_y_rotation, -55, 55)*0.09"]
				}
			}
		}
	}
}