{
	"format_version": "1.8.0",
	"animations": {
		"animation.pig.v1.8.base": {
			"loop": true,
			"animation_length": 3,
			"bones": {
				"upper_body": {
					"position": {
						"0.0": [0, 0, 0],
						"1.4583": [0, -0.35, 0],
						"3.0": [0, 0, 0]
					}
				},
				"body": {
					"rotation": [-0.5, 0, 0],
					"position": {
						"0.0": [0, -0.05, 0],
						"1.5": [0, -0.05, 0],
						"3.0": [0, -0.05, 0]
					},
					"scale": {
						"0.0": [1.025, 1, 1.015],
						"1.5": [1, 1, 1],
						"3.0": [1.025, 1, 1.015]
					}
				},
				"head": {
					"rotation": {
						"0.0": [2, 0, 0],
						"1.5": [1, 0, 0],
						"3.0": [2, 0, 0]
					},
					"position": {
						"0.0": [0, 0, 0],
						"0.375": [0, -0.08, 0],
						"1.5": [0, 0.1, 0.05],
						"3.0": [0, 0, 0]
					}
				},
				"nose": {
					"position": {
						"1.125": [0, 0, 0],
						"1.3333": [0, 0.13, 0],
						"1.5": [0, 0, 0],
						"1.6667": [0, 0, 0],
						"1.875": [0, 0.13, 0],
						"2.0417": [0, 0, 0]
					},
					"scale": {
						"0.0": [1, 1, 1],
						"1.125": [1, 1, 1],
						"1.3333": [1.01, 1.029, 1],
						"1.5": [1, 1, 1],
						"1.6667": [1, 1, 1],
						"1.875": [1.01, 1.029, 1],
						"2.0417": [1, 1, 1]
					}
				},
				"leg0": {
					"rotation": [0, 3, 0.5],
					"position": [-0.1, 0, -0.6]
				},
				"leg1": {
					"rotation": [2, -5, 0],
					"position": [0.1, 0, -0.3]
				},
				"leg2": {
					"rotation": [0.06992, 3.99939, 1.00244],
					"position": [0, 0, -0.3]
				},
				"leg3": {
					"rotation": [0, -3, -1],
					"position": [0, 0, 0.1]
				}
			}
		},
		"animation.pig.v1.8.base_face": {
			"loop": true,
			"animation_length": 10,
			"bones": {
				"eye_r": {
					"scale": [1, "1+math.clamp(-variable.eye_target_y, 0, 23)*0.0076", 1]
				},
				"eyelid_right": {
					"position": {
						"1.0": [0.1, -1, 0.1],
						"1.0417": [0, "-1+math.clamp(-variable.eye_target_y, 0, 23)*0.0076", 0],
						"1.1667": [0, "-1+math.clamp(-variable.eye_target_y, 0, 23)*0.0076", 0],
						"1.3333": [0, "-1+math.clamp(-variable.eye_target_y, 0, 23)*0.0076", 0],
						"1.375": [0.1, -1, 0.1],
						"6.5": [0.1, -1, 0.1],
						"6.5417": [0, "-1+math.clamp(-variable.eye_target_y, 0, 23)*0.0076", 0],
						"6.6667": [0, "-1+math.clamp(-variable.eye_target_y, 0, 23)*0.0076", 0],
						"6.8333": [0, "-1+math.clamp(-variable.eye_target_y, 0, 23)*0.0076", 0],
						"6.875": [0.1, -1, 0.1]
					},
					"scale": {
						"1.0417": [1, 0.001, 1],
						"1.1667": [1, "1+math.clamp(-variable.eye_target_y, 0, 23)*0.0076", 1],
						"1.3333": [1, 0.001, 1],
						"6.5417": [1, 0.001, 1],
						"6.6667": [1, "1+math.clamp(-variable.eye_target_y, 0, 23)*0.0076", 1],
						"6.8333": [1, 0.001, 1]
					}
				},
				"eyelid_left": {
					"position": {
						"1.0": [-0.1, -1, 0.1],
						"1.0417": [0, "-1+math.clamp(-variable.eye_target_y, 0, 23)*0.0076", 0],
						"1.1667": [0, "-1+math.clamp(-variable.eye_target_y, 0, 23)*0.0076", 0],
						"1.3333": [0, "-1+math.clamp(-variable.eye_target_y, 0, 23)*0.0076", 0],
						"1.375": [-0.1, -1, 0.1],
						"6.5": [-0.1, -1, 0.1],
						"6.5417": [0, "-1+math.clamp(-variable.eye_target_y, 0, 23)*0.0076", 0],
						"6.6667": [0, "-1+math.clamp(-variable.eye_target_y, 0, 23)*0.0076", 0],
						"6.8333": [0, "-1+math.clamp(-variable.eye_target_y, 0, 23)*0.0076", 0],
						"6.875": [-0.1, -1, 0.1]
					},
					"scale": {
						"1.0417": [1, 0.001, 1],
						"1.1667": [1, "1+math.clamp(-variable.eye_target_y, 0, 23)*0.0076", 1],
						"1.3333": [1, 0.001, 1],
						"6.5417": [1, 0.001, 1],
						"6.6667": [1, "1+math.clamp(-variable.eye_target_y, 0, 23)*0.0076", 1],
						"6.8333": [1, 0.001, 1]
					}
				},
				"eye_l": {
					"scale": [1, "1+math.clamp(-variable.eye_target_y, 0, 23)*0.0076", 1]
				}
			}
		},
		"animation.pig.v1.8.death_face": {
			"loop": "hold_on_last_frame",
			"animation_length": 0.20833,
			"bones": {
				"eyelid_right": {
					"position": {
						"0.0": [0.1, -1, 0.1],
						"0.0417": [0, -1, 0],
						"0.2083": [0, -1, 0]
					},
					"scale": {
						"0.0417": [1, 0.001, 1],
						"0.2083": [1, 1, 1]
					}
				},
				"eyelid_left": {
					"position": {
						"0.0": [-0.1, -1, 0.1],
						"0.0417": [0, -1, 0],
						"0.2083": [0, -1, 0]
					},
					"scale": {
						"0.0417": [1, 0.001, 1],
						"0.2083": [1, 1, 1]
					}
				}
			}
		},
		"animation.pig.v1.8.walking": {
			"loop": true,
			"animation_length": 2,
			"anim_time_update": "query.modified_distance_moved * 0.16",
			"bones": {
				"Root": {
					"rotation": {
						"0.0": [0, 0, -0.5],
						"1.0": [0, 0, 0.5],
						"2.0": [0, 0, -0.5]
					},
					"position": {
						"0.0": [0, 0, 0],
						"0.5": [0, 0.3, 0],
						"1.0": [0, 0, 0],
						"1.5": [0, 0.3, 0],
						"2.0": [0, 0, 0]
					}
				},
				"upper_body": {
					"rotation": {
						"0.0": [2, 0, -2],
						"0.5": [0, 0, 0],
						"1.0": [2, 0, 2],
						"1.5": [0, 0, 0],
						"2.0": [2, 0, -2]
					},
					"position": {
						"0.0": [0, -0.3, 0],
						"0.25": [0, -0.8, 0],
						"0.625": [0, -0.01, 0],
						"1.0": [0, -0.3, 0],
						"1.25": [0, -0.8, 0],
						"1.625": [0, -0.01, 0],
						"2.0": [0, -0.3, 0]
					}
				},
				"body": {
					"rotation": {
						"0.0": [0, 1, 0],
						"1.0": [0, -1, 0],
						"2.0": [0, 1, 0]
					},
					"position": {
						"0.0": [0, 0, 0],
						"0.5": [0, 0, 0.3],
						"1.0": [0, 0, 0],
						"1.5": [0, 0, 0.3],
						"2.0": [0, 0, 0]
					}
				},
				"head": {
					"rotation": {
						"0.0": [-3, 0, -0.3],
						"0.5": [2.5, 0, 0],
						"1.0": [-3, 0, 0.3],
						"1.5": [2.5, 0, 0],
						"2.0": [-3, 0, -0.3]
					},
					"position": {
						"0.0": [0, 0, 0],
						"0.5": [0, -0.3, 0],
						"1.0": [0, 0, 0],
						"1.5": [0, -0.3, 0],
						"2.0": [0, 0, 0]
					}
				},
				"nose": {
					"position": {
						"0.0": [0, 0, 0],
						"0.5": [0, -0.15, 0],
						"1.0": [0, 0, 0],
						"1.5": [0, -0.15, 0],
						"2.0": [0, 0, 0]
					}
				},
				"leg0": {
					"rotation": {
						"0.0": [23, 0, -0.7],
						"0.2917": [43.33333, 0, -0.8],
						"0.6667": [-1.125, 0, -0.8875],
						"1.0": [-24, 0, -1],
						"2.0": [23, 0, -0.7]
					},
					"position": {
						"0.0": [-0.2, 0, -0.3],
						"0.2917": [-0.2, 0.7, -2.2],
						"0.6667": [-0.2, 1.1, -1.5],
						"1.0": [-0.2, 0, -0.6],
						"2.0": [-0.2, 0, -0.3]
					}
				},
				"leg1": {
					"rotation": {
						"0.0": [-24, 0, 1],
						"1.0": [23, 0, 0.7],
						"1.2917": [43.33333, 0, 0.8],
						"1.6667": [-1.125, 0, 0.8875],
						"2.0": [-24, 0, 1]
					},
					"position": {
						"0.0": [0.2, 0, -0.6],
						"1.0": [0.2, 0, -0.3],
						"1.2917": [0.2, 0.7, -2.2],
						"1.6667": [0.2, 1.1, -1.5],
						"2.0": [0.2, 0, -0.6]
					}
				},
				"leg2": {
					"rotation": {
						"0.0": [-25, 0, 1],
						"1.0": [25, 0, -0.9],
						"1.2917": [37, 0, 0.05],
						"1.625": [-6.125, 0, 0.4656],
						"2.0": [-25, 0, 1]
					},
					"position": {
						"0.0": [-0.2, 0, -0.4],
						"1.0": [-0.2, 0, 0.2],
						"1.2917": [-0.2, 1.2, -1],
						"1.625": [-0.2, 1.1, -0.74],
						"2.0": [-0.2, 0, -0.4]
					}
				},
				"leg3": {
					"rotation": {
						"0.0": [25, 0, 0.9],
						"0.2917": [37, 0, -0.05],
						"0.625": [-6.125, 0, -0.46563],
						"1.0": [-25, 0, -1],
						"2.0": [25, 0, 0.9]
					},
					"position": {
						"0.0": [0.2, 0, 0.2],
						"0.2917": [0.2, 1.2, -1],
						"0.625": [0.2, 1.1, -0.74],
						"1.0": [0.2, 0, -0.4],
						"2.0": [0.2, 0, 0.2]
					}
				}
			}
		},
		"animation.pig.v1.8.swimming": {
			"loop": true,
			"animation_length": 2,
			"bones": {
				"Root": {
					"rotation": {
						"0.0": [-4, 0, -0.5],
						"1.0": [-4, 0, 0.5],
						"2.0": [-4, 0, -0.5]
					},
					"position": {
						"0.0": [0, 0, 0],
						"0.5": [0, 0.4, 0],
						"1.0": [0, 0, 0],
						"1.5": [0, 0.4, 0],
						"2.0": [0, 0, 0]
					}
				},
				"upper_body": {
					"rotation": {
						"0.0": [-3, 0, -2],
						"0.5": [0, 0, 0],
						"1.0": [-3, 0, 2],
						"1.5": [0, 0, 0],
						"2.0": [-3, 0, -2]
					},
					"position": {
						"0.0": [0, -0.3, 0],
						"0.25": [0, -0.8, 0],
						"0.625": [0, -0.01, 0],
						"1.0": [0, -0.3, 0],
						"1.25": [0, -0.8, 0],
						"1.625": [0, -0.01, 0],
						"2.0": [0, -0.3, 0]
					}
				},
				"body": {
					"rotation": {
						"0.0": [0, 3, 0],
						"1.0": [0, -3, 0],
						"2.0": [0, 3, 0]
					},
					"position": {
						"0.0": [0, 0, 0],
						"0.5": [0, 0, 0.3],
						"1.0": [0, 0, 0],
						"1.5": [0, 0, 0.3],
						"2.0": [0, 0, 0]
					}
				},
				"head": {
					"rotation": {
						"0.0": [4, 0, -0.3],
						"0.5": [-1.5, 0, 0],
						"1.0": [4, 0, 0.3],
						"1.5": [-1.5, 0, 0],
						"2.0": [4, 0, -0.3]
					},
					"position": {
						"0.0": [0, 0, 0],
						"0.5": [0, -0.3, 0],
						"1.0": [0, 0, 0],
						"1.5": [0, -0.3, 0],
						"2.0": [0, 0, 0]
					}
				},
				"nose": {
					"position": {
						"0.5417": [0, 0, 0],
						"0.75": [0, 0.2, 0],
						"0.9167": [0, 0, 0],
						"1.0833": [0, 0, 0],
						"1.2917": [0, 0.2, 0],
						"1.4583": [0, 0, 0]
					},
					"scale": {
						"0.5417": [1, 1, 1],
						"0.75": [1.01, 1.039, 1],
						"0.9167": [1, 1, 1],
						"1.0833": [1, 1, 1],
						"1.2917": [1.01, 1.039, 1],
						"1.4583": [1, 1, 1]
					}
				},
				"leg0": {
					"rotation": {
						"0.0": [16, 0, -0.7],
						"0.125": [20, 0, -0.7],
						"0.375": [28, 0, -0.7],
						"1.0": [-24, 0, -1],
						"1.125": [-28, 0, -1],
						"1.375": [-36, 0, -1],
						"2.0": [16, 0, -0.7]
					},
					"position": {
						"0.0": [-0.2, 0, -0.3],
						"0.125": [-0.2, 0, -0.3],
						"0.375": [-0.2, 0.2, -1.19],
						"1.0": [-0.2, 0, -0.6],
						"1.125": [-0.2, 0, -0.6],
						"1.375": [-0.2, 0.5, 0.19],
						"2.0": [-0.2, 0, -0.3]
					}
				},
				"leg1": {
					"rotation": {
						"0.0": [-24, 0, 1],
						"0.125": [-28, 0, 1],
						"0.375": [-36, 0, 1],
						"1.0": [16, 0, 0.7],
						"1.125": [20, 0, 0.7],
						"1.375": [28, 0, 0.7],
						"2.0": [-24, 0, 1]
					},
					"position": {
						"0.0": [0.2, 0, -0.6],
						"0.125": [0.2, 0, -0.6],
						"0.375": [0.2, 0.5, 0.19],
						"1.0": [0.2, 0, -0.3],
						"1.125": [0.2, 0, -0.3],
						"1.375": [0.2, 0.2, -1.19],
						"2.0": [0.2, 0, -0.6]
					}
				},
				"leg2": {
					"rotation": {
						"0.0": [-8, 0, 1],
						"0.125": [-12, 0, 1],
						"0.375": [-20, 0, 0.18571],
						"1.0": [25, 0, -0.9],
						"1.125": [29, 0, -0.9],
						"1.375": [37, 0, -0.35714],
						"2.0": [-8, 0, 1]
					},
					"position": {
						"0.0": [-0.2, 0, -0.4],
						"0.125": [-0.2, 0, -0.4],
						"0.375": [-0.2, -0.1, 0.56],
						"1.0": [-0.2, 0, 0.2],
						"1.125": [-0.2, 0, 0.2],
						"1.375": [-0.2, 0.4, -0.57],
						"2.0": [-0.2, 0, -0.4]
					}
				},
				"leg3": {
					"rotation": {
						"0.0": [25, 0, 0.9],
						"0.125": [29, 0, 0.9],
						"0.375": [37, 0, 0.3571],
						"1.0": [-8, 0, -1],
						"1.125": [-12, 0, -1],
						"1.375": [-20, 0, -0.1857],
						"2.0": [25, 0, 0.9]
					},
					"position": {
						"0.0": [0.2, 0, 0.2],
						"0.125": [0.2, 0, 0.2],
						"0.375": [0.2, 0.4, -0.57],
						"1.0": [0.2, 0, -0.4],
						"1.125": [0.2, 0, -0.4],
						"1.375": [0.2, -0.1, 0.56],
						"2.0": [0.2, 0, 0.2]
					}
				}
			}
		},
		"animation.pig.v1.8.looking": {
			"loop": true,
			"bones": {
				"body": {
					"rotation": [0, "math.clamp(query.target_y_rotation, -30, 30)*0.128", "math.clamp(query.target_y_rotation, -8, 8)*-0.084"]
				},
				"head": {
					"rotation": ["query.target_x_rotation", "query.target_y_rotation", "math.clamp(query.target_y_rotation, -25, 25)*0.084"]
				},
				"eyeball_right": {
					"position": ["math.clamp(-variable.eye_target_x, 0, 45)*0.0106", "math.clamp(-variable.eye_target_y, 0, 23)*0.0076", 0]
				},
				"eyeball_left": {
					"position": ["math.clamp(-variable.eye_target_x, -45, 0)*0.0106", "math.clamp(-variable.eye_target_y, 0, 23)*0.0076", 0]
				}
			}
		},
		"animation.pig.v1.8.hurt": {
			"animation_length": 0.375,
			"bones": {
				"upper_body": {
					"rotation": {
						"0.0": [0, 0, 0],
						"0.125": [9, 0, 0],
						"0.25": [-1, 0, 0],
						"0.3333": [0, 0, 0]
					},
					"position": {
						"0.0": [0, 0, 0],
						"0.125": [0, -2.2, 0.8],
						"0.25": [0, -1, 0],
						"0.3333": [0, 0, 0]
					}
				},
				"body": {
					"scale": {
						"0.0": [1, 1, 1],
						"0.0833": [1, 1, 0.85],
						"0.2083": [1, 1, 1]
					}
				},
				"head": {
					"rotation": {
						"0.0": [0, 0, 0],
						"0.125": [-18, 0, 0],
						"0.25": [12, 0, 0],
						"0.3333": [0, 0, 0]
					},
					"position": {
						"0.0": [0, 0, 0],
						"0.125": [0, -0.2, 0],
						"0.3333": [0, 0, 0]
					}
				},
				"eye_r": {
					"scale": {
						"0.0": [1, 1.19, 1],
						"0.2917": [1, 1.19, 1],
						"0.375": [1, 1, 1]
					}
				},
				"eye_l": {
					"scale": {
						"0.0": [1, 1.18, 1],
						"0.2917": [1, 1.18, 1],
						"0.375": [1, 1, 1]
					}
				},
				"eyelid_right": {
					"position": {
						"0.0": [0, -0.8, 0],
						"0.0417": [0.1, -1, 0.1]
					},
					"scale": [1, 0.001, 1]
				},
				"eyelid_left": {
					"position": {
						"0.0": [0, -0.8, 0],
						"0.0417": [-0.1, -1, 0.1]
					},
					"scale": [1, 0.001, 1]
				},
				"eyeball_right": {
					"scale": {
						"0.0": [0.82, 0.83, 1],
						"0.2917": [0.82, 0.83, 1],
						"0.375": [1, 1, 1]
					}
				},
				"eyeball_left": {
					"scale": {
						"0.0": [0.75, 0.79, 1],
						"0.2917": [0.75, 0.79, 1],
						"0.375": [1, 1, 1]
					}
				}
			}
		},
		"animation.pig.v1.8.baby": {
			"loop": true,
			"bones": {
				"head": {
					"position": [0, 4, 4],
					"scale": 2
				}
			}
		}
	}
}