{
	"format_version": "1.8.0",
	"animations": {
		"animation.sheep.base": {
			"loop": true,
			"animation_length": 3,
			"bones": {
				"upper_body": {
					"rotation": {
						"0.0": [-0.7, 0, 0],
						"1.5": [-0.8, 0, 0],
						"3.0": [-0.7, 0, 0]
					},
					"position": {
						"0.0": [0, -0.12, 0],
						"1.5": [0, 0.21, 0],
						"3.0": [0, -0.12, 0]
					}
				},
				"head": {
					"rotation": {
						"0.0": [-1, 0, 0],
						"1.5": [0.7, 0, 0],
						"3.0": [-1, 0, 0]
					},
					"position": {
						"0.0": [0, 0, 0],
						"1.5": [0, -0.15, 0],
						"3.0": [0, 0, 0]
					}
				},
				"body_sheep": {
					"scale": {
						"0.0": [1, 1, 1],
						"1.5": [1.02, 1, 1],
						"3.0": [1, 1, 1]
					}
				},
				"leg0": {
					"rotation": [1, 3, 1],
					"position": [-0.1, 0, -0.4]
				},
				"leg1": {
					"rotation": [1.3, -1, -0.8],
					"position": [-0.2, 0, -0.2]
				},
				"leg2": {
					"rotation": [-1.0076, 3.0269, -0.0749],
					"position": [0, 0, -0.3]
				},
				"leg3": {
					"rotation": [0.6, -3, -0.5],
					"position": [0, 0, -0.3]
				}
			}
		},
		"animation.sheep.base_face": {
			"loop": true,
			"animation_length": 10,
			"bones": {
				"eyelid_right": {
					"position": {
						"1.0": [0.1, -1, 0.1],
						"1.0417": [0, "-1+math.clamp(-variable.eye_target_y, 0, 23)*0.0076", 0],
						"1.1667": [0, "-1+math.clamp(-variable.eye_target_y, 0, 23)*0.0076", 0],
						"1.3333": [0, "-1+math.clamp(-variable.eye_target_y, 0, 23)*0.0076", 0],
						"1.375": [0.1, -1, 0.1],
						"6.5": [0.1, -1, 0.1],
						"6.5417": [0, "-1+math.clamp(-variable.eye_target_y, 0, 23)*0.0076", 0],
						"6.6667": [0, "-1+math.clamp(-variable.eye_target_y, 0, 23)*0.0076", 0],
						"6.8333": [0, "-1+math.clamp(-variable.eye_target_y, 0, 23)*0.0076", 0],
						"6.875": [0.1, -1, 0.1]
					},
					"scale": {
						"1.0417": [1, 0.001, 1],
						"1.1667": [1, "1+math.clamp(-variable.eye_target_y, 0, 23)*0.0076", 1],
						"1.3333": [1, 0.001, 1],
						"6.5417": [1, 0.001, 1],
						"6.6667": [1, "1+math.clamp(-variable.eye_target_y, 0, 23)*0.0076", 1],
						"6.8333": [1, 0.001, 1]
					}
				},
				"eye_r": {
					"scale": [1, "1+math.clamp(-variable.eye_target_y, 0, 23)*0.0076", 1]
				},
				"eyelid_left": {
					"position": {
						"1.0": [-0.1, -1, 0.1],
						"1.0417": [0, "-1+math.clamp(-variable.eye_target_y, 0, 23)*0.0076", 0],
						"1.1667": [0, "-1+math.clamp(-variable.eye_target_y, 0, 23)*0.0076", 0],
						"1.3333": [0, "-1+math.clamp(-variable.eye_target_y, 0, 23)*0.0076", 0],
						"1.375": [-0.1, -1, 0.1],
						"6.5": [-0.1, -1, 0.1],
						"6.5417": [0, "-1+math.clamp(-variable.eye_target_y, 0, 23)*0.0076", 0],
						"6.6667": [0, "-1+math.clamp(-variable.eye_target_y, 0, 23)*0.0076", 0],
						"6.8333": [0, "-1+math.clamp(-variable.eye_target_y, 0, 23)*0.0076", 0],
						"6.875": [-0.1, -1, 0.1]
					},
					"scale": {
						"1.0417": [1, 0.001, 1],
						"1.1667": [1, "1+math.clamp(-variable.eye_target_y, 0, 23)*0.0076", 1],
						"1.3333": [1, 0.001, 1],
						"6.5417": [1, 0.001, 1],
						"6.6667": [1, "1+math.clamp(-variable.eye_target_y, 0, 23)*0.0076", 1],
						"6.8333": [1, 0.001, 1]
					}
				},
				"eye_l": {
					"scale": [1, "1+math.clamp(-variable.eye_target_y, 0, 23)*0.0076", 1]
				}
			}
		},
		"animation.sheep.death_face": {
			"loop": "hold_on_last_frame",
			"animation_length": 0.20833,
			"bones": {
				"eyelid_right": {
					"position": {
						"0.0": [0.1, -1, 0.1],
						"0.0417": [0, -1, 0],
						"0.2083": [0, -1, 0]
					},
					"scale": {
						"0.0417": [1, 0.001, 1],
						"0.2083": [1, 1, 1]
					}
				},
				"eyelid_left": {
					"position": {
						"0.0": [-0.1, -1, 0.1],
						"0.0417": [0, -1, 0],
						"0.2083": [0, -1, 0]
					},
					"scale": {
						"0.0417": [1, 0.001, 1],
						"0.2083": [1, 1, 1]
					}
				}
			}
		},
		"animation.sheep.walking": {
			"loop": true,
			"animation_length": 2,
			"anim_time_update": "query.modified_distance_moved * 0.166",
			"bones": {
				"Root": {
					"rotation": {
						"0.0": [0, 0, -0.1],
						"1.0": [0, 0, 0.1],
						"2.0": [0, 0, -0.1]
					},
					"position": {
						"0.0": [0, 0, 0],
						"0.5": [0, 0.3, 0],
						"1.0": [0, 0, 0],
						"1.5": [0, 0.3, 0],
						"2.0": [0, 0, 0]
					}
				},
				"upper_body": {
					"rotation": {
						"0.0": [2, 0, -1.5],
						"0.5": [0, 0, 0],
						"1.0": [2, 0, 1.5],
						"1.5": [0, 0, 0],
						"2.0": [2, 0, -1.5]
					},
					"position": {
						"0.0": [0, -0.1, 0],
						"0.25": [0, -0.8, 0],
						"0.625": [0, 0.2, 0],
						"1.0": [0, -0.1, 0],
						"1.25": [0, -0.8, 0],
						"1.625": [0, 0.2, 0],
						"2.0": [0, -0.1, 0]
					}
				},
				"head": {
					"rotation": {
						"0.0": [-3, 0, -0.13],
						"0.5": [3, 0, 0],
						"1.0": [-3, 0, 0.13],
						"1.5": [3, 0, 0],
						"2.0": [-3, 0, -0.13]
					},
					"position": {
						"0.0": [0, 0, 0],
						"0.5": [0, -0.4, 0],
						"1.0": [0, 0, 0],
						"1.5": [0, -0.4, 0],
						"2.0": [0, 0, 0]
					}
				},
				"body_sheep": {
					"rotation": {
						"0.0": [0, 0.5, 0],
						"1.0": [0, -0.5, 0],
						"2.0": [0, 0.5, 0]
					},
					"position": {
						"0.0": [0, 0, 0],
						"0.5": [0, 0, 0.3],
						"1.0": [0, 0, 0],
						"1.5": [0, 0, 0.3],
						"2.0": [0, 0, 0]
					}
				},
				"leg0": {
					"rotation": {
						"0.0": [23, 0, -0.7],
						"0.2917": [38.33333, 0, -0.8],
						"0.6667": [-1.125, 0, -0.8875],
						"1.0": [-18, 0, -1],
						"2.0": [23, 0, -0.7]
					},
					"position": {
						"0.0": [-0.1, 0, -0.3],
						"0.2917": [-0.2, 0.4, -3],
						"0.6667": [-0.2, 1.9, -1.8],
						"1.0": [-0.2, 0, 0.2],
						"2.0": [-0.1, 0, -0.3]
					}
				},
				"leg1": {
					"rotation": {
						"0.0": [-18, 0, 1],
						"1.0": [23, 0, 0.7],
						"1.2917": [38.33333, 0, 0.8],
						"1.6667": [-1.125, 0, 0.8875],
						"2.0": [-18, 0, 1]
					},
					"position": {
						"0.0": [0.2, 0, 0.2],
						"1.0": [0.1, 0, -0.3],
						"1.2917": [0.2, 0.4, -3],
						"1.6667": [0.2, 1.9, -1.8],
						"2.0": [0.2, 0, 0.2]
					}
				},
				"leg2": {
					"rotation": {
						"0.0": [-25, 0, 1],
						"1.0": [18, 0, -0.9],
						"1.2917": [37, 0, 0.05],
						"2.0": [-25, 0, 1]
					},
					"position": {
						"0.0": [-0.2, 0, -0.4],
						"1.0": [0, 0, 0.2],
						"1.2917": [-0.1, 0.3, -1.8],
						"1.625": [-0.2, 2.8, -2.04],
						"2.0": [-0.2, 0, -0.4]
					}
				},
				"leg3": {
					"rotation": {
						"0.0": [18, 0, 0.9],
						"0.2917": [37, 0, -0.05],
						"1.0": [-25, 0, -1],
						"2.0": [18, 0, 0.9]
					},
					"position": {
						"0.0": [0, 0, 0.2],
						"0.2917": [0.1, 0.3, -1.8],
						"0.625": [0.2, 2.8, -2.04],
						"1.0": [0.2, 0, -0.4],
						"2.0": [0, 0, 0.2]
					}
				}
			}
		},
		"animation.sheep.looking": {
			"loop": "hold_on_last_frame",
			"bones": {
				"head": {
					"rotation": ["query.target_x_rotation", "math.clamp(query.target_y_rotation, -50, 50)", "math.clamp(query.target_y_rotation, -25, 25)*0.074"]
				},
				"body_sheep": {
					"rotation": [0, "math.clamp(query.target_y_rotation, -35, 35)*0.158", "math.clamp(query.target_y_rotation, -8, 8)*-0.084"]
				},
				"eyeball_right": {
					"position": ["math.clamp(-variable.eye_target_x, 0, 45)*0.0106", "math.clamp(-variable.eye_target_y, 0, 23)*0.0076", 0]
				},
				"eyeball_left": {
					"position": ["math.clamp(-variable.eye_target_x, -45, 0)*0.0106", "math.clamp(-variable.eye_target_y, 0, 23)*0.0076", 0]
				}
			}
		},
		"animation.sheep.baby": {
			"loop": true,
			"bones": {
				"head": {
					"position": [0, 4, 4],
					"scale": 2
				}
			}
		},
		"animation.sheep.swimming": {
			"loop": true,
			"animation_length": 2,
			"bones": {
				"head": {
					"rotation": {
						"0.0": [-3, 0, -0.13],
						"0.5": [3, 0, 0],
						"1.0": [-3, 0, 0.13],
						"1.5": [3, 0, 0],
						"2.0": [-3, 0, -0.13]
					},
					"position": {
						"0.0": [0, 0, 0],
						"0.5": [0, -0.4, 0],
						"1.0": [0, 0, 0],
						"1.5": [0, -0.4, 0],
						"2.0": [0, 0, 0]
					}
				},
				"Root": {
					"rotation": {
						"0.0": [-3, 0, -0.5],
						"1.0": [-3, 0, 0.5],
						"2.0": [-3, 0, -0.5]
					},
					"position": {
						"0.0": [0, 0, 0],
						"0.5": [0, 0.4, 0],
						"1.0": [0, 0, 0],
						"1.5": [0, 0.4, 0],
						"2.0": [0, 0, 0]
					}
				},
				"upper_body": {
					"rotation": {
						"0.0": [2, 0, -1.5],
						"0.5": [0, 0, 0],
						"1.0": [2, 0, 1.5],
						"1.5": [0, 0, 0],
						"2.0": [2, 0, -1.5]
					},
					"position": {
						"0.0": [0, -0.1, 0],
						"0.25": [0, -0.8, 0],
						"0.625": [0, 0.2, 0],
						"1.0": [0, -0.1, 0],
						"1.25": [0, -0.8, 0],
						"1.625": [0, 0.2, 0],
						"2.0": [0, -0.1, 0]
					}
				},
				"body_sheep": {
					"rotation": {
						"0.0": [0, 2, 0],
						"1.0": [0, -2, 0],
						"2.0": [0, 2, 0]
					},
					"position": {
						"0.0": [0, 0, 0],
						"0.5": [0, 0, 0.3],
						"1.0": [0, 0, 0],
						"1.5": [0, 0, 0.3],
						"2.0": [0, 0, 0]
					}
				},
				"leg0": {
					"rotation": {
						"0.0": [23, 0, -0.7],
						"0.125": [33, 0, -0.7],
						"0.4583": [43, 0, -0.7],
						"1.0": [-18, 0, -1],
						"1.125": [-21, 0, -1],
						"1.4583": [-31, 0, -1],
						"2.0": [23, 0, -0.7]
					},
					"position": {
						"0.0": [-0.1, 0, -0.3],
						"0.125": [-0.1, 0, -0.8],
						"0.4583": [-0.14, 0, -2.92],
						"1.0": [-0.2, 0, 0.2],
						"1.125": [0.2, 0, -0.2],
						"1.4583": [0.11, -0.6, 1.86],
						"2.0": [-0.1, 0, -0.3]
					}
				},
				"leg1": {
					"rotation": {
						"0.0": [-18, 0, 1],
						"0.125": [-21, 0, 1],
						"0.4583": [-31, 0, 1],
						"1.0": [30, 0, 0.7],
						"1.125": [33, 0, 0.7],
						"1.4583": [43, 0, 0.7],
						"2.0": [-18, 0, 1]
					},
					"position": {
						"0.0": [0.2, 0, 0.2],
						"0.125": [-0.2, 0, -0.2],
						"0.4583": [-0.11, -0.6, 1.86],
						"1.0": [0.1, 0, -0.8],
						"1.125": [0.1, 0, -0.8],
						"1.4583": [0.14, 0, -2.92],
						"2.0": [0.2, 0, 0.2]
					}
				},
				"leg2": {
					"rotation": {
						"0.0": [-25, 0, 1],
						"0.125": [-28, 0, 1],
						"0.4583": [-38, 0, 1],
						"1.0": [18, 0, -0.9],
						"1.125": [21, 0, -0.9],
						"1.4583": [31, 0, -0.9],
						"2.0": [-25, 0, 1]
					},
					"position": {
						"0.0": [-0.2, 0, -0.4],
						"0.125": [-0.2, 0, -0.4],
						"0.4583": [-0.11, 0.4, 1.26],
						"1.0": [0, 0, -0.8],
						"1.125": [0, 0, -0.8],
						"1.4583": [-0.08, 0.4, -3.15],
						"2.0": [-0.2, 0, -0.4]
					}
				},
				"leg3": {
					"rotation": {
						"0.0": [18, 0, 0.9],
						"0.125": [21, 0, 0.9],
						"0.4583": [31, 0, 0.9],
						"1.0": [-25, 0, -1],
						"1.125": [-28, 0, -1],
						"1.4583": [-38, 0, -1],
						"2.0": [18, 0, 0.9]
					},
					"position": {
						"0.0": [0, 0, 0.2],
						"0.125": [0, 0, -0.8],
						"0.4583": [0.08, 0.4, -3.15],
						"1.0": [0.2, 0, -0.4],
						"1.125": [0.2, 0, -0.4],
						"1.4583": [0.11, 0.4, 1.26],
						"2.0": [0, 0, 0.2]
					}
				}
			}
		},
		"animation.sheep.hurt": {
			"animation_length": 0.375,
			"bones": {
				"head": {
					"rotation": {
						"0.0": [0, 0, 0],
						"0.125": [-18, 0, 0],
						"0.25": [12, 0, 0],
						"0.3333": [0, 0, 0]
					},
					"position": {
						"0.0": [0, 0, 0],
						"0.125": [0, -0.2, 0],
						"0.3333": [0, 0, 0]
					}
				},
				"upper_body": {
					"rotation": {
						"0.0": [0, 0, 0],
						"0.125": [13, 0, 0],
						"0.25": [-1, 0, 0],
						"0.375": [0, 0, 0]
					},
					"position": {
						"0.0": [0, 0, 0],
						"0.125": [0, -2.6, 0.8],
						"0.25": [0, -1, 0],
						"0.375": [0, 0, 0]
					}
				},
				"body_sheep": {
					"scale": {
						"0.0": [1, 1, 1],
						"0.0833": [1, 1, 0.85],
						"0.2083": [1, 1, 1]
					}
				},
				"eyeball_right": {
					"scale": {
						"0.0": [0.75, 0.79, 1],
						"0.2917": [0.75, 0.79, 1],
						"0.375": [1, 1, 1]
					}
				},
				"eyelid_right": {
					"position": {
						"0.0": [0, -0.8, 0],
						"0.0417": [0.1, -1, 0.1]
					},
					"scale": [1, 0.001, 1]
				},
				"eye_r": {
					"scale": {
						"0.0": [1, 1.19, 1],
						"0.2917": [1, 1.19, 1],
						"0.375": [1, 1, 1]
					}
				},
				"eyeball_left": {
					"scale": {
						"0.0": [0.82, 0.83, 1],
						"0.2917": [0.82, 0.83, 1],
						"0.375": [1, 1, 1]
					}
				},
				"eyelid_left": {
					"position": {
						"0.0": [0, -0.8, 0],
						"0.0417": [-0.1, -1, 0.1]
					},
					"scale": [1, 0.001, 1]
				},
				"eye_l": {
					"scale": {
						"0.0": [1, 1.18, 1],
						"0.2917": [1, 1.18, 1],
						"0.375": [1, 1, 1]
					}
				}
			}
		},
		"animation.sheep.grazing_grass": {
			"loop": "hold_on_last_frame",
			"animation_length": 2.66667,
			"bones": {
				"head": {
					"rotation": {
						"0.0": [9, 0, 0],
						"0.2083": [36, 0, 0],
						"0.5417": [32, 0, 0],
						"1.0": [36, 0, 0],
						"1.4167": [32, 0, 0],
						"1.7917": [36, 0, 0],
						"2.25": [32, 0, 0],
						"2.6667": [36, 0, 0]
					},
					"position": {
						"0.0": [0, 0, 0],
						"0.2083": [0, -9, -0.3]
					}
				},
				"upper_body": {
					"rotation": {
						"0.0": [-0.7, 0, 0],
						"0.25": [10.3, 0, 0]
					},
					"position": {
						"0.0": [0, -0.12, 0],
						"0.25": [0, -1.82, 0],
						"0.9583": [0, -1.92, 0],
						"1.625": [0, -1.82, 0],
						"2.2083": [0, -1.92, 0]
					}
				},
				"body_sheep": {
					"rotation": {
						"0.0": [0, 0, 0],
						"0.25": [-6, 0, 0]
					},
					"position": {
						"0.0": [0, 0, 0],
						"0.25": [0, -0.6, 2.1],
						"0.625": [0, -0.8, 2.1],
						"1.0": [0, -0.6, 2.1],
						"1.375": [0, -0.8, 2.1],
						"1.8333": [0, -0.6, 2.1],
						"2.2083": [0, -0.8, 2.1],
						"2.5833": [0, -0.6, 2.1]
					},
					"scale": 1
				},
				"leg0": {
					"rotation": {
						"0.0": [1, 3, 1],
						"0.25": [-1, 3, 1]
					},
					"position": {
						"0.0": [-0.1, 0, -0.4],
						"0.25": [-0.1, 0, 0.1]
					}
				},
				"leg1": {
					"rotation": {
						"0.0": [1.3, -1, -0.8],
						"0.25": [-1, -3, -1]
					},
					"position": {
						"0.0": [-0.2, 0, -0.2],
						"0.25": [0.1, 0, 0.1]
					}
				},
				"leg2": {
					"rotation": {
						"0.0": [-1.0076, 3.0269, -0.0749],
						"0.25": [-3.4, 3, 0.5]
					},
					"position": {
						"0.0": [0, 0, -0.3],
						"0.25": [0, 0, 0.6]
					}
				},
				"leg3": {
					"rotation": {
						"0.0": [0.6, -3, -0.5],
						"0.25": [-3.4, -3, -0.5]
					},
					"position": {
						"0.0": [0, 0, -0.3],
						"0.25": [0, 0, 0.6]
					}
				}
			}
		},
		"animation.sheep.sheared": {
			"animation_length": 0.375,
			"bones": {
				"head": {
					"rotation": {
						"0.0": [0, 0, 0],
						"0.0833": [-8, 0, 0],
						"0.25": [0, 0, 0]
					},
					"position": {
						"0.0": [0, 0, 0],
						"0.0833": [0, -0.3, 0],
						"0.25": [0, 0, 0]
					}
				},
				"upper_body": {
					"rotation": {
						"0.0": [0, 0, 0],
						"0.0833": [5, 0, 0],
						"0.2083": [-5, 0, 0],
						"0.2917": [0, 0, 0]
					},
					"position": {
						"0.0": [0, 0, 0],
						"0.0833": [0, -1.6, 0.8],
						"0.2083": [0, -0.4, 0],
						"0.2917": [0, 0, 0]
					}
				}
			}
		}
	}
}