{
	"format_version": "1.8.0",
	"animations": {
		"animation.spider.v1.8.base": {
			"loop": true,
			"animation_length": 3,
			"bones": {
				"body": {
					"rotation": {
						"0.0": [3, 0, 0],
						"1.5": [2.5, 0, 0],
						"3.0": [3, 0, 0]
					},
					"position": {
						"0.0": [0, 0.3, -0.1],
						"1.5": [0, 0.65, -0.1],
						"3.0": [0, 0.3, -0.1]
					}
				},
				"head": {
					"rotation": {
						"0.0": [-2, 0, 0],
						"0.25": [-2.2, 0, 0],
						"1.5": [2, 0, 0],
						"1.7083": [2.4, 0, 0],
						"3.0": [-2, 0, 0]
					},
					"position": {
						"0.0": [0, -0.4, 0],
						"3.0": [0, -0.4, 0]
					}
				},
				"body1": {
					"rotation": {
						"0.0": [4, 0, 0],
						"0.625": [2.9, 0, 0],
						"1.5": [7, 0, 0],
						"2.125": [8.5, 0, 0],
						"3.0": [4, 0, 0]
					},
					"position": {
						"0.0": [0, 0.5, 0],
						"1.5": [0, 0.7, 0],
						"3.0": [0, 0.5, 0]
					},
					"scale": {
						"0.0": [1, 1, 1],
						"1.5": [1.02, 1.03, 1],
						"3.0": [1, 1, 1]
					}
				},
				"Root": {
					"position": [0, -2, 0]
				},
				"right": {
					"rotation": {
						"1.625": [0, 0, 0],
						"1.8333": [0, 0, -12],
						"2.0": [0, 0, 0],
						"2.25": [0, 0, -12],
						"2.4167": [0, 0, 0]
					}
				},
				"left": {
					"rotation": {
						"1.625": [0, 0, 0],
						"1.8333": [0, 0, 12],
						"2.0": [0, 0, 0],
						"2.25": [0, 0, 12],
						"2.4167": [0, 0, 0]
					}
				},
				"leg1": {
					"rotation": {
						"0.0": [0, "math.clamp(query.target_y_rotation, -30, 30)*0.285", "-3+math.clamp(query.target_y_rotation, -8, 8)*-0.084"],
						"1.5": [0, "1+math.clamp(query.target_y_rotation, -30, 30)*0.285", "-6+math.clamp(query.target_y_rotation, -8, 8)*-0.084"],
						"3.0": [0, "math.clamp(query.target_y_rotation, -30, 30)*0.285", "-3+math.clamp(query.target_y_rotation, -8, 8)*-0.084"]
					},
					"position": {
						"0.0": [0, 0, 0],
						"1.5": [-0.2, 0.4, 0],
						"3.0": [0, 0, 0]
					}
				},
				"leg2": {
					"rotation": {
						"0.0": [0, "math.clamp(query.target_y_rotation, -20, 25)*-0.285", "math.clamp(query.target_y_rotation, -8, 8)*0.084"],
						"1.5": [0, "1+math.clamp(query.target_y_rotation, -20, 25)*-0.285", "-2+math.clamp(query.target_y_rotation, -8, 8)*-0.084"],
						"3.0": [0, "math.clamp(query.target_y_rotation, -20, 25)*-0.285", "math.clamp(query.target_y_rotation, -8, 8)*0.084"]
					},
					"position": {
						"0.0": [0, 0, 0],
						"1.5": [-0.3, 0.4, 0],
						"3.0": [0, 0, 0]
					}
				},
				"leg3": {
					"rotation": {
						"0.0": [0, "math.clamp(query.target_y_rotation, -15, 15)*0.285", "math.clamp(query.target_y_rotation, -8, 8)*-0.084"],
						"1.5": [0, "-1+math.clamp(query.target_y_rotation, -15, 15)*0.285", "-2+math.clamp(query.target_y_rotation, -8, 8)*-0.084"],
						"3.0": [0, "math.clamp(query.target_y_rotation, -15, 15)*0.285", "math.clamp(query.target_y_rotation, -8, 8)*-0.084"]
					},
					"position": {
						"0.0": [0, 0, 0],
						"1.5": [-0.3, 0.4, 0],
						"3.0": [0, 0, 0]
					}
				},
				"leg4": {
					"rotation": {
						"0.0": [0, "math.clamp(query.target_y_rotation, -20, 25)*-0.285", "math.clamp(query.target_y_rotation, -8, 8)*0.084"],
						"1.5": [0, "-1+math.clamp(query.target_y_rotation, -20, 25)*-0.285", "-2+math.clamp(query.target_y_rotation, -8, 8)*0.084"],
						"3.0": [0, "math.clamp(query.target_y_rotation, -20, 25)*-0.285", "math.clamp(query.target_y_rotation, -8, 8)*0.084"]
					},
					"position": {
						"0.0": [0, 0, 0],
						"1.5": [-0.3, 0.4, 0],
						"3.0": [0, 0, 0]
					}
				},
				"leg5": {
					"rotation": {
						"0.0": [0, "math.clamp(query.target_y_rotation, -30, 30)*0.285", "3+math.clamp(query.target_y_rotation, -8, 8)*-0.084"],
						"1.5": [0, "-1+math.clamp(query.target_y_rotation, -30, 30)*0.285", "6+math.clamp(query.target_y_rotation, -8, 8)*-0.084"],
						"3.0": [0, "math.clamp(query.target_y_rotation, -30, 30)*0.285", "3+math.clamp(query.target_y_rotation, -8, 8)*-0.084"]
					},
					"position": {
						"0.0": [0, 0, 0],
						"1.5": [0.2, 0.4, 0],
						"3.0": [0, 0, 0]
					}
				},
				"leg6": {
					"rotation": {
						"0.0": [0, "math.clamp(query.target_y_rotation, -20, 25)*-0.285", "math.clamp(query.target_y_rotation, -8, 8)*0.084"],
						"1.5": [0, "-1+math.clamp(query.target_y_rotation, -20, 20)*-0.285", "2+math.clamp(query.target_y_rotation, -8, 8)*-0.084"],
						"3.0": [0, "math.clamp(query.target_y_rotation, -20, 25)*-0.285", "math.clamp(query.target_y_rotation, -8, 8)*0.084"]
					},
					"position": {
						"0.0": [0, 0, 0],
						"1.5": [0.2, 0.4, 0],
						"3.0": [0, 0, 0]
					}
				},
				"leg7": {
					"rotation": {
						"0.0": [0, "math.clamp(query.target_y_rotation, -15, 15)*0.285", "math.clamp(query.target_y_rotation, -8, 8)*-0.084"],
						"1.5": [0, "1+math.clamp(query.target_y_rotation, -15, 15)*0.285", "2+math.clamp(query.target_y_rotation, -8, 8)*-0.084"],
						"3.0": [0, "math.clamp(query.target_y_rotation, -15, 15)*0.285", "math.clamp(query.target_y_rotation, -8, 8)*-0.084"]
					},
					"position": {
						"0.0": [0, 0, 0],
						"1.5": [0.2, 0.4, 0],
						"3.0": [0, 0, 0]
					}
				},
				"leg8": {
					"rotation": {
						"0.0": [0, "math.clamp(query.target_y_rotation, -20, 25)*-0.285", "math.clamp(query.target_y_rotation, -8, 8)*0.084"],
						"1.5": [0, "1+math.clamp(query.target_y_rotation, -20, 25)*-0.285", "2+math.clamp(query.target_y_rotation, -8, 8)*0.084"],
						"3.0": [0, "math.clamp(query.target_y_rotation, -20, 25)*-0.285", "math.clamp(query.target_y_rotation, -8, 8)*0.084"]
					},
					"position": {
						"0.0": [0, 0, 0],
						"1.5": [0.2, 0.4, 0],
						"3.0": [0, 0, 0]
					}
				},
				"body0": {
					"scale": [1.18, 1, 1]
				}
			}
		},
		"animation.spider.v1.8.walking": {
			"loop": true,
			"animation_length": 2,
			"anim_time_update": "query.modified_distance_moved * 0.2",
			"bones": {
				"body": {
					"rotation": {
						"0.0": [12, 0, 0],
						"0.5": [8, 0, 0],
						"1.0": [12, 0, 0],
						"1.5": [8, 0, 0],
						"2.0": [12, 0, 0]
					},
					"position": {
						"0.0": [0, 1, -0.1],
						"0.5": [0, 1.6, -0.1],
						"1.0": [0, 1, -0.1],
						"1.5": [0, 1.6, -0.1],
						"2.0": [0, 1, -0.1]
					}
				},
				"head": {
					"rotation": {
						"0.0": [-9, 0, 0],
						"0.5": [-0.6, 0, 0],
						"1.0": [-9, 0, 0],
						"1.4583": [-0.6, 0, 0],
						"2.0": [-9, 0, 0]
					},
					"position": {
						"0.0": [0, -0.4, 0],
						"1.0": [0, -0.4, 0],
						"2.0": [0, -0.4, 0]
					}
				},
				"body1": {
					"rotation": {
						"0.0": [8, 0, 0],
						"0.2917": [5.5, 0, 0],
						"0.625": [-1, 0, 0],
						"1.0": [8, 0, 0],
						"1.2917": [5.5, 0, 0],
						"1.625": [-1, 0, 0],
						"2.0": [8, 0, 0]
					},
					"position": {
						"0.0": [0, 0.5, 0],
						"0.625": [0, -0.7, 0],
						"1.0": [0, 0.5, 0],
						"1.625": [0, -0.7, 0],
						"2.0": [0, 0.5, 0]
					},
					"scale": {
						"0.0": [1, 1, 1],
						"0.625": [1.02, 1.02, 1],
						"1.0": [1, 1, 1],
						"1.625": [1.02, 1.02, 1],
						"2.0": [1, 1, 1]
					}
				},
				"Root": {
					"position": {
						"0.0": [0, -2, 0],
						"0.5417": [0, -1.6, 0],
						"1.0": [0, -2, 0],
						"1.4583": [0, -1.6, 0],
						"2.0": [0, -2, 0]
					}
				},
				"body0": {
					"rotation": {
						"0.0": [0, 0, -2],
						"1.0": [0, 0, 2],
						"2.0": [0, 0, -2]
					}
				}
			}
		},
		"animation.spider.v1.8.walking_legs": {
			"loop": true,
			"animation_length": 2,
			"anim_time_update": "query.modified_distance_moved * 0.57",
			"bones": {
				"leg1": {
					"rotation": {
						"0.0": [0, 11, 0],
						"0.375": [-4.41797, -4.85796, 12.419],
						"1.0": [15.29647, -0.18352, 1.59164],
						"2.0": [0, 11, 0]
					},
					"position": {
						"0.0": [0, 0, 0],
						"0.375": [0, -0.6, 0],
						"1.0": [-0.3, 0, -1.1],
						"2.0": [0, 0, 0]
					}
				},
				"leg2": {
					"rotation": {
						"0.0": [0, -1, 0],
						"1.0": [-11.84925, 8.9294, -0.85097],
						"1.5": [-8.53169, 2.87172, 10.2779],
						"2.0": [0, -1, 0]
					},
					"position": {
						"0.0": [0, 0, 0],
						"1.0": [0, 0, 0.2],
						"1.5": [0, -0.2, -0.4],
						"2.0": [0, 0, 0]
					}
				},
				"leg3": {
					"rotation": {
						"0.0": [0, 2, 0],
						"0.375": [-4.41797, -4.85796, 12.419],
						"1.0": [18.93321, -11.76286, -1.52347],
						"2.0": [0, 2, 0]
					},
					"position": {
						"0.0": [0, 0, 0],
						"0.375": [0, -0.6, 0],
						"1.0": [0, 0.9, 0],
						"2.0": [0, 0, 0]
					}
				},
				"leg4": {
					"rotation": {
						"0.0": [0, -10, 0],
						"1.0": [-6.79589, 5.2974, -3.61096],
						"1.5": [4.84856, -4.05905, 13.42435],
						"2.0": [0, -10, 0]
					},
					"position": {
						"0.0": [0, 0, 0],
						"1.0": [0, 0, 0.6],
						"1.5": [0, -0.1, -0.4],
						"2.0": [0, 0, 0]
					}
				},
				"leg5": {
					"rotation": {
						"0.0": [0, -11, 0],
						"0.375": [-4.41797, 4.858, -12.419],
						"1.0": [15.29647, 0.1835, -1.5916],
						"2.0": [0, -11, 0]
					},
					"position": {
						"0.0": [0, 0, 0],
						"0.375": [0, -0.6, 0],
						"1.0": [0.3, 0, -1.1],
						"2.0": [0, 0, 0]
					}
				},
				"leg6": {
					"rotation": {
						"0.0": [0, 1, 0],
						"1.0": [-11.84925, -8.9294, 0.851],
						"1.5": [-8.53169, -2.8717, -10.2779],
						"2.0": [0, 1, 0]
					},
					"position": {
						"0.0": [0, 0, 0],
						"1.0": [0, 0, 0.2],
						"1.5": [0, -0.2, -0.4],
						"2.0": [0, 0, 0]
					}
				},
				"leg7": {
					"rotation": {
						"0.0": [0, -2, 0],
						"0.375": [-4.41797, 4.858, -12.419],
						"1.0": [18.93321, 11.7629, 1.5235],
						"2.0": [0, -2, 0]
					},
					"position": {
						"0.0": [0, 0, 0],
						"0.375": [0, -0.6, 0],
						"1.0": [0, 0.9, 0],
						"2.0": [0, 0, 0]
					}
				},
				"leg8": {
					"rotation": {
						"0.0": [0, 10, 0],
						"1.0": [-6.79589, -5.2974, 3.611],
						"1.5": [4.84856, 4.059, -13.4243],
						"2.0": [0, 10, 0]
					},
					"position": {
						"0.0": [0, 0, 0],
						"1.0": [0, 0, 0.7],
						"1.5": [0, -0.1, -0.4],
						"2.0": [0, 0, 0]
					}
				}
			}
		},
		"animation.spider.v1.8.fangs_walk": {
			"loop": true,
			"animation_length": 2.25,
			"bones": {
				"right": {
					"rotation": {
						"0.5": [0, 0, 0],
						"0.7083": [0, 0, -12],
						"0.875": [0, 0, 0],
						"1.125": [0, 0, -12],
						"1.2917": [0, 0, 0]
					}
				},
				"left": {
					"rotation": {
						"0.5": [0, 0, 0],
						"0.7083": [0, 0, 12],
						"0.875": [0, 0, 0],
						"1.125": [0, 0, 12],
						"1.2917": [0, 0, 0]
					}
				}
			}
		},
		"animation.spider.v1.8.looking": {
			"loop": "hold_on_last_frame",
			"bones": {
				"body": {
					"rotation": [0, "math.clamp(query.target_y_rotation, -30, 30)*0.092", "math.clamp(query.target_y_rotation, -5, 5)*-0.024"]
				},
				"head": {
					"rotation": ["query.target_x_rotation", "query.target_y_rotation", "math.clamp(query.target_y_rotation, -55, 55)*0.09"]
				}
			}
		},
		"animation.spider.v1.8.attack_time": {
			"animation_length": 0.375,
			"bones": {
				"body": {
					"rotation": {
						"0.0": [3, 0, 0],
						"0.0833": [-9, 0, 0],
						"0.2917": [3, 0, 0]
					},
					"position": {
						"0.0": [0, 0.3, -0.1],
						"0.0833": [0, 1.1, 1],
						"0.1667": [0, 0.7, -3],
						"0.2917": [0, 0.3, -0.1]
					}
				},
				"head": {
					"rotation": {
						"0.0": [-2, 0, 0],
						"0.0833": [-9, 0, 0],
						"0.2083": [24, 0, 0],
						"0.2917": [-2, 0, 0]
					},
					"position": {
						"0.0": [0, -0.4, 0],
						"0.2917": [0, -0.4, 0]
					}
				},
				"body1": {
					"rotation": {
						"0.0": [0, 0, 0],
						"0.0833": [18, 0, 0],
						"0.1667": [-15, 0, 0],
						"0.2917": [0, 0, 0]
					},
					"position": {
						"0.0": [0, 0, 0],
						"0.0833": [0, 1.8, 0],
						"0.1667": [0, -1.3, 0],
						"0.2917": [0, 0, 0]
					}
				},
				"right": {
					"rotation": {
						"0.0": [0, 0, 0],
						"0.0833": [0, 0, 12],
						"0.1667": [0, 0, -12],
						"0.25": [0, 0, -12],
						"0.375": [0, 0, 0]
					}
				},
				"left": {
					"rotation": {
						"0.0": [0, 0, 0],
						"0.0833": [0, 0, -12],
						"0.1667": [0, 0, 12],
						"0.25": [0, 0, 12],
						"0.375": [0, 0, 0]
					}
				}
			}
		},
		"animation.spider.v1.8.attack_walk": {
			"loop": true,
			"animation_length": 2,
			"anim_time_update": "query.modified_distance_moved * 0.5",
			"bones": {
				"leg1": {
					"rotation": {
						"0.0": [0, 11, 0],
						"0.375": [-4.41797, -4.85796, 12.419],
						"1.0": [15.29647, -0.18352, 1.59164],
						"2.0": [0, 11, 0]
					},
					"position": {
						"0.0": [0, 0, 0],
						"0.375": [0, -0.6, 0],
						"1.0": [-0.3, 0, -1.1],
						"2.0": [0, 0, 0]
					}
				},
				"leg2": {
					"rotation": {
						"0.0": [0, -1, 0],
						"1.0": [-11.84925, 8.9294, -0.85097],
						"1.5": [-8.53169, 2.87172, 10.2779],
						"2.0": [0, -1, 0]
					},
					"position": {
						"0.0": [0, 0, 0],
						"1.0": [0, 0, 0.2],
						"1.5": [0, -0.2, -0.4],
						"2.0": [0, 0, 0]
					}
				},
				"leg3": {
					"rotation": {
						"0.0": [0, 2, 0],
						"0.375": [-4.41797, -4.85796, 12.419],
						"1.0": [18.93321, -11.76286, -1.52347],
						"2.0": [0, 2, 0]
					},
					"position": {
						"0.0": [0, 0, 0],
						"0.375": [0, -0.6, 0],
						"1.0": [0, 0.9, 0],
						"2.0": [0, 0, 0]
					}
				},
				"leg4": {
					"rotation": {
						"0.0": [0, -10, 0],
						"1.0": [-6.79589, 5.2974, -3.61096],
						"1.5": [4.84856, -4.05905, 13.42435],
						"2.0": [0, -10, 0]
					},
					"position": {
						"0.0": [0, 0, 0],
						"1.0": [0, 0, 0.6],
						"1.5": [0, -0.1, -0.4],
						"2.0": [0, 0, 0]
					}
				},
				"leg5": {
					"rotation": {
						"0.0": [0, -11, 0],
						"0.375": [-4.41797, 4.858, -12.419],
						"1.0": [15.29647, 0.1835, -1.5916],
						"2.0": [0, -11, 0]
					},
					"position": {
						"0.0": [0, 0, 0],
						"0.375": [0, -0.6, 0],
						"1.0": [0.3, 0, -1.1],
						"2.0": [0, 0, 0]
					}
				},
				"leg6": {
					"rotation": {
						"0.0": [0, 1, 0],
						"1.0": [-11.84925, -8.9294, 0.851],
						"1.5": [-8.53169, -2.8717, -10.2779],
						"2.0": [0, 1, 0]
					},
					"position": {
						"0.0": [0, 0, 0],
						"1.0": [0, 0, 0.2],
						"1.5": [0, -0.2, -0.4],
						"2.0": [0, 0, 0]
					}
				},
				"leg7": {
					"rotation": {
						"0.0": [0, -2, 0],
						"0.375": [-4.41797, 4.858, -12.419],
						"1.0": [18.93321, 11.7629, 1.5235],
						"2.0": [0, -2, 0]
					},
					"position": {
						"0.0": [0, 0, 0],
						"0.375": [0, -0.6, 0],
						"1.0": [0, 0.9, 0],
						"2.0": [0, 0, 0]
					}
				},
				"leg8": {
					"rotation": {
						"0.0": [0, 10, 0],
						"1.0": [-6.79589, -5.2974, 3.611],
						"1.5": [4.84856, 4.059, -13.4243],
						"2.0": [0, 10, 0]
					},
					"position": {
						"0.0": [0, 0, 0],
						"1.0": [0, 0, 0.7],
						"1.5": [0, -0.1, -0.4],
						"2.0": [0, 0, 0]
					}
				}
			}
		},
		"animation.spider.v1.8.swimming": {
			"loop": true,
			"animation_length": 2,
			"bones": {
				"Root": {
					"position": {
						"0.0": [0, -1, 0],
						"0.5417": [0, -1.2, 0],
						"1.0": [0, -1, 0],
						"1.4583": [0, -1.2, 0],
						"2.0": [0, -1, 0]
					}
				},
				"body": {
					"rotation": {
						"0.0": [-7, 0, 3],
						"1.0": [1, 0, -3],
						"2.0": [-7, 0, 3]
					},
					"position": {
						"0.0": [0, 1.2, -0.1],
						"1.0": [0, 1.2, -0.1],
						"2.0": [0, 1.2, -0.1]
					}
				},
				"head": {
					"rotation": {
						"0.0": [3, 0, -1],
						"0.2083": [3.5, 0, -1],
						"1.0": [-7, 0, 1],
						"1.2083": [-7.5, 0, 1],
						"2.0": [3, 0, -1]
					},
					"position": {
						"0.0": [0, -0.4, 0],
						"1.0": [0, -0.5, 0],
						"2.0": [0, -0.4, 0]
					}
				},
				"body0": {
					"rotation": {
						"0.0": [0, 0, -2],
						"1.0": [0, 0, 2],
						"2.0": [0, 0, -2]
					}
				},
				"body1": {
					"rotation": {
						"0.0": [-2, 0, 2],
						"0.2917": [-7, 0, 2],
						"1.0": [5, 0, -2],
						"1.3333": [6, 0, -2],
						"2.0": [-2, 0, 2]
					},
					"position": {
						"0.0": [0, -0.4, 0],
						"1.0": [0, 0.3, 0],
						"2.0": [0, -0.4, 0]
					},
					"scale": {
						"0.0": [1, 1, 1],
						"1.0": [1, 1, 1],
						"2.0": [1, 1, 1]
					}
				},
				"leg1": {
					"rotation": {
						"0.0": [0, 8, -1],
						"0.2083": [0, 5, 0.8],
						"1.0": [0, 2, -15],
						"1.2083": [0, 1, -16.5],
						"2.0": [0, 8, -1]
					},
					"position": {
						"0.0": [0, 0, -0.8],
						"0.2083": [0, 0, -0.8],
						"1.0": [0, -1.2, 0],
						"1.3333": [0, -1.7, 0],
						"2.0": [0, 0, -0.8]
					}
				},
				"leg2": {
					"rotation": {
						"0.0": [0, 2, -16],
						"0.125": [0, 3, -17.5],
						"1.0": [0, 15, -8],
						"1.125": [0, 16, -6.5],
						"2.0": [0, 2, -16]
					},
					"position": {
						"0.0": [0, -0.9, 0],
						"0.125": [0, -0.9, 0],
						"1.0": [0, -0.3, 0],
						"1.125": [0, -0.3, 0],
						"2.0": [0, -0.9, 0]
					}
				},
				"leg3": {
					"rotation": {
						"0.0": [0, -1, -6],
						"0.1667": [-1, -2.5, -4.5],
						"1.0": [0, -5, -24],
						"1.125": [0, -6, -25.5],
						"2.0": [0, -1, -6]
					},
					"position": {
						"0.0": [0, 0, 0],
						"0.1667": [0, 0, 0.15],
						"1.0": [0, -1.2, 0],
						"1.125": [0, -1.2, 0],
						"2.0": [0, 0, 0]
					}
				},
				"leg4": {
					"rotation": {
						"0.0": [0.6, -17, -23],
						"0.125": [0, -18, -24.5],
						"1.0": [0, 6, -8],
						"1.125": [0, 7, -6.5],
						"2.0": [0.6, -17, -23]
					},
					"position": {
						"0.0": [0, -0.9, 2],
						"0.125": [0, -0.9, 2],
						"1.0": [0, -0.7, 0],
						"1.125": [0, -0.7, 0],
						"2.0": [0, -0.9, 2]
					}
				},
				"leg5": {
					"rotation": {
						"0.0": [0, -8, 1],
						"0.2083": [0, -5, -0.8],
						"1.0": [0, -2, 15],
						"1.2083": [0, -1, 16.5],
						"2.0": [0, -8, 1]
					},
					"position": {
						"0.0": [0, 0, -0.8],
						"0.2083": [0, 0, -0.8],
						"1.0": [0, -1.2, 0],
						"1.3333": [0, -1.7, 0],
						"2.0": [0, 0, -0.8]
					}
				},
				"leg6": {
					"rotation": {
						"0.0": [0, -2, 16],
						"0.125": [0, -3, 17.5],
						"1.0": [0, -15, 8],
						"1.125": [0, -16, 6.5],
						"2.0": [0, -2, 16]
					},
					"position": {
						"0.0": [0, -0.9, 0],
						"0.125": [0, -0.9, 0],
						"1.0": [0, -0.3, 0],
						"1.125": [0, -0.3, 0],
						"2.0": [0, -0.9, 0]
					}
				},
				"leg7": {
					"rotation": {
						"0.0": [0, 1, 6],
						"0.1667": [-1, 2.5, 4.5],
						"1.0": [0, 5, 24],
						"1.125": [0, 6, 25.5],
						"2.0": [0, 1, 6]
					},
					"position": {
						"0.0": [0, 0, 0],
						"0.1667": [0, 0, 0.15],
						"1.0": [0, -1.2, 0],
						"1.125": [0, -1.2, 0],
						"2.0": [0, 0, 0]
					}
				},
				"leg8": {
					"rotation": {
						"0.0": [0.6, 17, 23],
						"0.125": [0, 18, 24.5],
						"1.0": [0, -6, 8],
						"1.125": [0, -7, 6.5],
						"2.0": [0.6, 17, 23]
					},
					"position": {
						"0.0": [0, -0.9, 2],
						"0.125": [0, -0.9, 2],
						"1.0": [0, -0.7, 0],
						"1.125": [0, -0.7, 0],
						"2.0": [0, -0.9, 2]
					}
				}
			}
		},
		"animation.spider.v1.8.hurt": {
			"animation_length": 0.375,
			"bones": {
				"body": {
					"rotation": {
						"0.0": [0, 0, 0],
						"0.125": [-15, 0, 0],
						"0.2917": [0, 0, 0]
					},
					"position": {
						"0.0": [0, 0, 0],
						"0.125": [0, -2.4, 0],
						"0.2917": [0, 0, 0]
					}
				},
				"head": {
					"rotation": {
						"0.0": [0, 0, 0],
						"0.125": [-8, 0, 0],
						"0.25": [24, 0, 0],
						"0.3333": [0, 0, 0]
					},
					"position": {
						"0.0": [0, 0, 0],
						"0.125": [0, -0.2, 0],
						"0.3333": [0, 0, 0]
					}
				},
				"body1": {
					"rotation": {
						"0.0": [0, 0, 0],
						"0.125": [15, 0, 0],
						"0.25": [-25, 0, 0],
						"0.375": [0, 0, 0]
					},
					"position": {
						"0.0": [0, 0, 0],
						"0.125": [0, 1.4, 0],
						"0.25": [0, -0.8, -0.9],
						"0.375": [0, 0, 0]
					}
				},
				"leg1": {
					"rotation": {
						"0.0": [0, 0, 0],
						"0.125": [0, 0, -12],
						"0.25": [0, 0, 0]
					}
				},
				"leg2": {
					"rotation": {
						"0.0": [0, 0, 0],
						"0.125": [0, 0, -12],
						"0.25": [0, 0, 0]
					}
				},
				"leg3": {
					"rotation": {
						"0.0": [0, 0, 0],
						"0.125": [0, 0, -12],
						"0.25": [0, 0, 0]
					}
				},
				"leg4": {
					"rotation": {
						"0.0": [0, 0, 0],
						"0.125": [0, 0, -12],
						"0.25": [0, 0, 0]
					}
				},
				"leg5": {
					"rotation": {
						"0.0": [0, 0, 0],
						"0.125": [0, 0, 12],
						"0.25": [0, 0, 0]
					}
				},
				"leg6": {
					"rotation": {
						"0.0": [0, 0, 0],
						"0.125": [0, 0, 12],
						"0.25": [0, 0, 0]
					}
				},
				"leg7": {
					"rotation": {
						"0.0": [0, 0, 0],
						"0.125": [0, 0, 12],
						"0.25": [0, 0, 0]
					}
				},
				"leg8": {
					"rotation": {
						"0.0": [0, 0, 0],
						"0.125": [0, 0, 12],
						"0.25": [0, 0, 0]
					}
				}
			}
		}
	}
}