{
	"format_version": "1.8.0",
	"animations": {
		"animation.villager.base": {
			"loop": true,
			"animation_length": 3,
			"bones": {
				"upper_body": {
					"rotation": {
						"0.0": [2.4, 0, 0],
						"1.5": [1.9, 0, 0],
						"3.0": [2.4, 0, 0]
					},
					"position": {
						"0.0": [0, 0, 0],
						"1.5": [0, 0.35, 0],
						"3.0": [0, 0, 0]
					}
				},
				"arms": {
					"rotation": {
						"0.0": [-62.00436, 0.70709, 0],
						"0.5417": [-58.6919, 0.70709, 0],
						"1.5": [-62.0044, 0.70709, 0],
						"2.0417": [-65.6919, 0.70709, 0],
						"3.0": [-62.00436, 0.70709, 0]
					},
					"position": {
						"0.0": [0, -1.5, -0.5],
						"0.3333": [0, -1.65, -0.5],
						"1.5": [0, -1.3, -0.5],
						"1.8333": [0, -1.25, -0.5],
						"3.0": [0, -1.5, -0.5]
					}
				},
				"head": {
					"rotation": {
						"0.0": [1.8, 0, 0],
						"0.25": [2.2, 0, 0],
						"1.5": [0.3, 0, 0],
						"1.75": [-0.1, 0, 0],
						"3.0": [1.8, 0, 0]
					},
					"position": {
						"0.0": [0, 0, 0],
						"0.25": [0, 0, 0],
						"1.5": [0, -0.14, 0],
						"1.75": [0, -0.14, 0],
						"3.0": [0, 0, 0]
					}
				},
				"nose": {
					"position": {
						"0.0": [0, 0, 0],
						"1.4167": [0, 0.06, 0],
						"3.0": [0, 0, 0]
					}
				},
				"leg0": {
					"rotation": [0.2, 4, 0.4],
					"position": [-0.16, 0, -0.2]
				},
				"leg1": {
					"rotation": [0, -3.5, -0.4],
					"position": [0.06, 0, 0.2]
				},
				"body1": {
					"scale": {
						"0.0": [1, 1, 1],
						"1.5": [1, 1, 1.025],
						"3.0": [1, 1, 1]
					}
				}
			}
		},
		"animation.villager.walking": {
			"loop": true,
			"animation_length": 1.54167,
			"anim_time_update": "query.modified_distance_moved * 0.11",
			"bones": {
				"Root": {
					"position": {
						"0.0": [0, 0, 0],
						"0.375": [0, 0.4, 0],
						"0.75": [0, 0, 0],
						"1.125": [0, 0.4, 0],
						"1.5": [0, 0, 0]
					}
				},
				"upper_body": {
					"rotation": {
						"0.0": [5.5989, 0.12186, -0.8925],
						"0.1667": [5.8989, 0.12186, -0.5925],
						"0.375": [4.8, 0, 0],
						"0.75": [5.5989, -0.12186, 0.8925],
						"0.9167": [5.8989, 0.12186, 0.5925],
						"1.125": [4.8, 0, 0],
						"1.5": [5.5989, 0.12186, -0.8925]
					},
					"position": {
						"0.0": [0, -0.5, 0],
						"0.125": [0, -0.8, 0],
						"0.375": [0, 0.3, 0],
						"0.5": [0, 0.6, 0],
						"0.75": [0, -0.5, 0],
						"0.875": [0, -0.8, 0],
						"1.125": [0, 0.3, 0],
						"1.25": [0, 0.6, 0],
						"1.5": [0, -0.5, 0]
					}
				},
				"arms": {
					"rotation": {
						"0.0": [-66.00303, 0, 0],
						"0.25": [-62.003, 0, 0],
						"0.5": [-69.5, 0, 0],
						"0.7917": [-66.00303, 0, 0],
						"1.0417": [-62.003, 0, 0],
						"1.25": [-69.5, 0, 0],
						"1.5": [-66.00303, 0, 0]
					},
					"position": {
						"0.0": [0, -1.5, -0.9],
						"0.25": [0, -1.7, -0.9],
						"0.5": [0, -1.31, -0.9],
						"0.7917": [0, -1.5, -0.9],
						"1.0417": [0, -1.7, -0.9],
						"1.25": [0, -1.31, -0.9],
						"1.5": [0, -1.5, -0.9]
					}
				},
				"head": {
					"rotation": {
						"0.0": [-1.9988, 0.0698, -0.4988],
						"0.4167": [1.7988, 0.0698, 0],
						"0.7917": [-1.9988, -0.0698, 0.4988],
						"1.1667": [1.7988, -0.0698, 0],
						"1.5417": [-1.9988, 0.0698, -0.4988]
					},
					"position": {
						"0.0": [0, 0, -0.3],
						"0.4167": [0, 0, -0.35],
						"0.7917": [0, 0, -0.2],
						"1.1667": [0, 0, -0.35],
						"1.5417": [0, 0, -0.3]
					}
				},
				"nose": {
					"rotation": {
						"0.0": [-1, 0, -2.8],
						"0.1667": [-1, 0, -3.1],
						"0.75": [-1, 0, 2.8],
						"0.9167": [-1, 0, 3.1],
						"1.5": [-1, 0, -2.8]
					},
					"position": {
						"0.0": [0, 0, 0],
						"0.1667": [0, 0, 0],
						"0.75": [0, 0, 0],
						"0.9167": [0, 0, 0],
						"1.5": [0, 0, 0]
					}
				},
				"leg0": {
					"rotation": {
						"0.0": [-6.7284, 1.12173, 0.2948],
						"0.75": [11.0114, -2.1251, -0.0298],
						"1.0": [20.3387, -1.5676, -0.0286],
						"1.5": [-6.7284, 1.12173, 0.2948]
					},
					"position": {
						"0.0": [-0.2, 0, -2.2],
						"0.75": [-0.18, 0, -0.4],
						"1.0": [0.11, 2.3, -3.04],
						"1.25": [-0.03, 1.8, -2.58],
						"1.5": [-0.2, 0, -2.2]
					}
				},
				"leg1": {
					"rotation": {
						"0.0": [11.01144, 2.12514, 0.0298],
						"0.2083": [20.33866, 1.56759, 0.02862],
						"0.75": [-6.7284, -1.1217, -0.2948],
						"1.5": [11.0114, 2.12514, 0.0298]
					},
					"position": {
						"0.0": [0.18, 0, -0.44],
						"0.2083": [0.11, 2.3, -3.04],
						"0.5": [-0.03, 1.8, -2.58],
						"0.75": [0.2, 0, -2.2],
						"1.5": [0.18, 0, -0.44]
					}
				},
				"body": {
					"rotation": {
						"0.0": [0, 0.9, 0],
						"0.75": [0, -0.4, 0],
						"1.5": [0, 0.4, 0]
					},
					"position": {
						"0.0": [0, 0, -0.1],
						"0.375": [0, 0, -0.3],
						"0.75": [0, 0, -0.1],
						"1.125": [0, 0, -0.3],
						"1.4583": [0, 0, -0.1]
					}
				}
			}
		},
		"animation.villager.base_face": {
			"loop": true,
			"animation_length": 10,
			"bones": {
				"right": {
					"scale": [1, 2.03, 1]
				},
				"eye_layer_x": {
					"scale": [1, 2.05, 1]
				},
				"top": {
					"position": [0, 1, 0]
				},
				"left": {
					"scale": [1, 2.03, 1]
				},
				"eye_layer_x2": {
					"scale": [1, 2.05, 1]
				},
				"top2": {
					"position": [0, 1, 0]
				},
				"eyelid_right": {
					"position": {
						"1.0": [
							0,
							"math.clamp(-variable.eye_target_x, -40, 0)*-0.0065+math.clamp(variable.eye_target_y, 0, 90)*-0.0065+math.clamp(variable.eye_target_y, -50, 0)*-0.008+math.clamp(-variable.eye_target_x, 0, 40)*0.0065",
							0
						],
						"1.125": [0, -1, 0],
						"1.2917": [
							0,
							"math.clamp(-variable.eye_target_x, -40, 0)*-0.0065+math.clamp(variable.eye_target_y, 0, 90)*-0.0065+math.clamp(variable.eye_target_y, -50, 0)*-0.008+math.clamp(-variable.eye_target_x, 0, 40)*0.0065",
							0
						],
						"6.5": [
							0,
							"math.clamp(-variable.eye_target_x, -40, 0)*-0.0065+math.clamp(variable.eye_target_y, 0, 90)*-0.0065+math.clamp(variable.eye_target_y, -50, 0)*-0.008+math.clamp(-variable.eye_target_x, 0, 40)*0.0065",
							0
						],
						"6.625": [0, -1, 0],
						"6.7917": [
							0,
							"math.clamp(-variable.eye_target_x, -40, 0)*-0.0065+math.clamp(variable.eye_target_y, 0, 90)*-0.0065+math.clamp(variable.eye_target_y, -50, 0)*-0.008+math.clamp(-variable.eye_target_x, 0, 40)*0.0065",
							0
						]
					},
					"scale": {
						"1.0": [1, 1.83, 1],
						"1.125": [1, 2.03, 1],
						"1.2917": [1, 1.83, 1],
						"6.5": [1, 1.83, 1],
						"6.625": [1, 2.03, 1],
						"6.7917": [1, 1.83, 1]
					}
				},
				"eyelid_left": {
					"position": {
						"1.0": [
							0,
							"math.clamp(-variable.eye_target_x, 0, 40)*0.0065+math.clamp(variable.eye_target_y, 0, 90)*-0.0065+math.clamp(variable.eye_target_y, -50, 0)*-0.008+math.clamp(-variable.eye_target_x, -40, 0)*-0.0065",
							0
						],
						"1.125": [0, -1, 0],
						"1.2917": [
							0,
							"math.clamp(-variable.eye_target_x, 0, 40)*0.0065+math.clamp(variable.eye_target_y, 0, 90)*-0.0065+math.clamp(variable.eye_target_y, -50, 0)*-0.008+math.clamp(-variable.eye_target_x, -40, 0)*-0.0065",
							0
						],
						"6.5": [
							0,
							"math.clamp(-variable.eye_target_x, 0, 40)*0.0065+math.clamp(variable.eye_target_y, 0, 90)*-0.0065+math.clamp(variable.eye_target_y, -50, 0)*-0.008+math.clamp(-variable.eye_target_x, -40, 0)*-0.0065",
							0
						],
						"6.625": [0, -1, 0],
						"6.7917": [
							0,
							"math.clamp(-variable.eye_target_x, 0, 40)*0.0065+math.clamp(variable.eye_target_y, 0, 90)*-0.0065+math.clamp(variable.eye_target_y, -50, 0)*-0.008+math.clamp(-variable.eye_target_x, -40, 0)*-0.0065",
							0
						]
					},
					"scale": {
						"1.0": [1, 1.83, 1],
						"1.125": [1, 2.03, 1],
						"1.2917": [1, 1.83, 1],
						"6.5": [1, 1.83, 1],
						"6.625": [1, 2.03, 1],
						"6.7917": [1, 1.83, 1]
					}
				},
				"eyebrown": {
					"rotation": [0, 0, "math.clamp(-variable.eye_target_x, 0, 45)*-0.13+math.clamp(-variable.eye_target_x, -45, 0)*-0.13"],
					"position": [
						0,
						"math.clamp(-variable.eye_target_x, -40, 0)*-0.0158+math.clamp(variable.eye_target_y, -55, 0)*-0.0088+math.clamp(variable.eye_target_y, 0, 90)*-0.0065+math.clamp(-variable.eye_target_x, 0, 40)*0.0158",
						0
					]
				}
			}
		},
		"animation.villager.running": {
			"loop": true,
			"animation_length": 1.5,
			"anim_time_update": "query.modified_distance_moved * 0.105",
			"bones": {
				"Root": {
					"position": {
						"0.0": [0, 0, 0],
						"0.4167": [0, 0.5, 0],
						"0.75": [0, 0, 0],
						"1.1667": [0, 0.5, 0],
						"1.5": [0, 0, 0]
					}
				},
				"upper_body": {
					"rotation": {
						"0.0": [-0.3916, -0.16056, -2.5792],
						"0.375": [-3.8001, 0.14955, -2.5792],
						"0.75": [-0.3916, -0.16056, 2.5792],
						"1.125": [-3.8001, 0.14955, 2.5792],
						"1.5": [-0.3916, -0.16056, -2.5792]
					},
					"position": {
						"0.0": [0, -0.4, -3.1],
						"0.125": [0, -0.8, -3.1],
						"0.375": [0.1, 1.5, -3.1],
						"0.5": [0.1, 1.9, -3.1],
						"0.75": [0, -0.4, -3.1],
						"0.875": [0, -0.8, -3.1],
						"1.125": [-0.1, 1.5, -3.1],
						"1.25": [-0.1, 1.9, -3.1],
						"1.5": [0, -0.4, -3.1]
					}
				},
				"arms": {
					"rotation": {
						"0.0": [-66.03221, -1.2196, 5.1411],
						"0.25": [-54.003, 0, 2.7411],
						"0.5": [-71.5, 0, 0],
						"0.75": [-66.03221, 1.2196, -5.1411],
						"1.0": [-54.003, 0, -2.7411],
						"1.25": [-71.5, 0, 0],
						"1.5": [-66.03221, -1.2196, 5.1411]
					},
					"position": {
						"0.0": [0, -1.5, -0.9],
						"0.25": [0, -1.4, -0.9],
						"0.75": [0, -1.5, -0.9],
						"1.0": [0, -1.4, -0.9],
						"1.5": [0, -1.5, -0.9]
					}
				},
				"head": {
					"rotation": {
						"0.0": [-8.98787, 0.4691, -0.6631],
						"0.375": [1, 0, 1.5631],
						"0.75": [-8.98787, -0.4691, 0.6631],
						"1.125": [1, 0, -1.5631],
						"1.5": [-8.98787, 0.4691, -0.6631]
					},
					"position": [0, 0, 0]
				},
				"nose": {
					"rotation": {
						"0.0": [-1, 0, -9.5],
						"0.1667": [-1, 0, -9.8],
						"0.75": [-1, 0, 9.5],
						"0.9167": [-1, 0, 9.8],
						"1.5": [-1, 0, -9.5]
					},
					"position": {
						"0.0": [0, 0, 0],
						"0.1667": [0, 0, 0],
						"0.75": [0, 0, 0],
						"0.9167": [0, 0, 0],
						"1.5": [0, 0, 0]
					}
				},
				"leg0": {
					"rotation": {
						"0.0": [-22.72843, 1.12173, 0.2948],
						"0.3333": [-3.00846, 0.40021, 0.22267],
						"0.75": [23.0114, -2.1251, -0.0298],
						"1.0": [22.85153, -0.03942, -0.1866],
						"1.5": [-22.7284, 1.12173, 0.2948]
					},
					"position": {
						"0.0": [-0.2, -0.6, -3.2],
						"0.5": [0.01, 0.2, -2.33],
						"0.75": [0.12, -0.6, -2.9],
						"1.0": [0.19, 2.7, -3.93],
						"1.25": [0.2, 2.1, -3.07],
						"1.5": [-0.2, -0.6, -3.2]
					}
				},
				"leg1": {
					"rotation": {
						"0.0": [23.01144, 2.12514, 0.0298],
						"0.25": [22.85153, -0.03942, -0.1866],
						"0.75": [-22.7284, -1.1217, -0.2948],
						"1.0833": [-3.00846, 0.40021, 0.22267],
						"1.5": [23.0114, 2.12514, 0.0298]
					},
					"position": {
						"0.0": [-0.12, -0.6, -2.9],
						"0.25": [-0.19, 2.7, -3.93],
						"0.5": [0.2, 2.1, -3.07],
						"0.75": [0.2, -0.6, -3.2],
						"1.25": [-0.01, 0.2, -2.33],
						"1.5": [-0.12, -0.6, -2.9]
					}
				},
				"body": {
					"rotation": {
						"0.0": [0, 1.8, 0],
						"0.7917": [0, -1.8, 0],
						"1.5": [0, 1.8, 0]
					},
					"position": {
						"0.0": [0, 0, 0.3],
						"0.4167": [0, 0, 0.25],
						"0.7917": [0, 0, 0.3],
						"1.1667": [0, 0, 0.25],
						"1.5": [0, 0, 0.3]
					}
				}
			}
		},
		"animation.villager.avoid_face": {
			"loop": true,
			"animation_length": 10,
			"bones": {
				"right": {
					"scale": [1, 2.03, 1]
				},
				"eye_layer_x": {
					"scale": [1, 2.05, 1]
				},
				"top": {
					"position": [0, 1, 0]
				},
				"left": {
					"scale": [1, 2.03, 1]
				},
				"eye_layer_x2": {
					"scale": [1, 2.05, 1]
				},
				"top2": {
					"position": [0, 1, 0]
				},
				"eyelid_right": {
					"position": {
						"1.0": [
							0,
							"0.7+math.clamp(-variable.eye_target_x, -40, 0)*-0.0065+math.clamp(variable.eye_target_y, 0, 65)*-0.0065+math.clamp(variable.eye_target_y, -140, 0)*-0.021+math.clamp(-variable.eye_target_x, 0, 40)*0.0065",
							0
						],
						"1.125": [0, -1, 0],
						"1.2917": [
							0,
							"0.7+math.clamp(-variable.eye_target_x, -40, 0)*-0.0065+math.clamp(variable.eye_target_y, 0, 65)*-0.0065+math.clamp(variable.eye_target_y, -140, 0)*-0.021+math.clamp(-variable.eye_target_x, 0, 40)*0.0065",
							0
						],
						"6.5": [
							0,
							"0.7+math.clamp(-variable.eye_target_x, -40, 0)*-0.0065+math.clamp(variable.eye_target_y, 0, 65)*-0.0065+math.clamp(variable.eye_target_y, -140, 0)*-0.021+math.clamp(-variable.eye_target_x, 0, 40)*0.0065",
							0
						],
						"6.625": [0, -1, 0],
						"6.7917": [
							0,
							"0.7+math.clamp(-variable.eye_target_x, -40, 0)*-0.0065+math.clamp(variable.eye_target_y, 0, 65)*-0.0065+math.clamp(variable.eye_target_y, -140, 0)*-0.021+math.clamp(-variable.eye_target_x, 0, 40)*0.0065",
							0
						]
					},
					"scale": {
						"1.0": [1, 1.83, 1],
						"1.125": [1, 1.83, 1],
						"1.2917": [1, 1.83, 1],
						"6.5": [1, 1.83, 1],
						"6.625": [1, 1.83, 1],
						"6.7917": [1, 1.83, 1]
					}
				},
				"eyelid_left": {
					"position": {
						"1.0": [
							0,
							"0.7+math.clamp(-variable.eye_target_x, 0, 40)*0.0065+math.clamp(variable.eye_target_y, 0, 65)*-0.0065+math.clamp(variable.eye_target_y, -140, 0)*-0.021+math.clamp(-variable.eye_target_x, -40, 0)*-0.0065",
							0
						],
						"1.125": [0, -1, 0],
						"1.2917": [
							0,
							"0.7+math.clamp(-variable.eye_target_x, 0, 40)*0.0065+math.clamp(variable.eye_target_y, 0, 65)*-0.0065+math.clamp(variable.eye_target_y, -140, 0)*-0.021+math.clamp(-variable.eye_target_x, -40, 0)*-0.0065",
							0
						],
						"6.5": [
							0,
							"0.7+math.clamp(-variable.eye_target_x, 0, 40)*0.0065+math.clamp(variable.eye_target_y, 0, 65)*-0.0065+math.clamp(variable.eye_target_y, -140, 0)*-0.021+math.clamp(-variable.eye_target_x, -40, 0)*-0.0065",
							0
						],
						"6.625": [0, -1, 0],
						"6.7917": [
							0,
							"0.7+math.clamp(-variable.eye_target_x, 0, 40)*0.0065+math.clamp(variable.eye_target_y, 0, 65)*-0.0065+math.clamp(variable.eye_target_y, -140, 0)*-0.021+math.clamp(-variable.eye_target_x, -40, 0)*-0.0065",
							0
						]
					},
					"scale": {
						"1.0": [1, 1.83, 1],
						"1.125": [1, 1.83, 1],
						"1.2917": [1, 1.83, 1],
						"6.5": [1, 1.83, 1],
						"6.625": [1, 1.83, 1],
						"6.7917": [1, 1.83, 1]
					}
				},
				"eyebrown": {
					"position": [
						0,
						"0.7+math.clamp(-variable.eye_target_x, -20, 0)*-0.0058+math.clamp(variable.eye_target_y, -20, 0)*-0.0088+math.clamp(variable.eye_target_y, 0, 65)*-0.0065+math.clamp(-variable.eye_target_x, 0, 20)*0.0058",
						0
					]
				}
			}
		},
		"animation.villager.sleep_face": {
			"loop": "hold_on_last_frame",
			"animation_length": 0.20833,
			"bones": {
				"right": {
					"scale": [1, 2.03, 1]
				},
				"eye_layer_x": {
					"scale": [1, 2.05, 1]
				},
				"top": {
					"position": [0, 1, 0]
				},
				"left": {
					"scale": [1, 2.03, 1]
				},
				"eye_layer_x2": {
					"scale": [1, 2.05, 1]
				},
				"top2": {
					"position": [0, 1, 0]
				},
				"eyelid_right": {
					"position": {
						"0.0": [0, 0, 0],
						"0.2083": [0, -1, 0]
					},
					"scale": [1, 2.03, 1]
				},
				"eyelid_left": {
					"position": {
						"0.0": [0, 0, 0],
						"0.2083": [0, -1, 0]
					},
					"scale": [1, 2.03, 1]
				},
				"eyebrown": {
					"position": {
						"0.0": [0, 0, 0],
						"0.2083": [0, -0.1, 0]
					}
				}
			}
		},
		"animation.villager.sleep_bed": {
			"loop": true,
			"animation_length": 2.375,
			"bones": {
				"Root": {
					"rotation": [-90, 0, 0],
					"position": [0, 1.8, -15]
				},
				"upper_body": {
					"position": {
						"0.0": [0, 0, 0],
						"1.1667": [0, 0, -0.19],
						"2.375": [0, 0, 0]
					}
				},
				"arms": {
					"rotation": {
						"0.0": [-52.00436, 0.70709, 0],
						"1.1667": [-53.00436, 0.70709, 0],
						"2.375": [-52.00436, 0.70709, 0]
					},
					"position": {
						"0.0": [0, -1.3, -0.5],
						"1.1667": [0, -1.3, -0.7],
						"2.375": [0, -1.3, -0.5]
					}
				},
				"nose": {
					"position": {
						"0.0": [0, 0, 0],
						"1.125": [0, 0.1, 0],
						"2.375": [0, 0, 0]
					}
				},
				"leg0": {
					"rotation": [0, 3.5, 0],
					"position": [-0.1, 0, 0]
				},
				"leg1": {
					"rotation": [0, -3.5, 0],
					"position": [0.1, 0, 0]
				}
			}
		},
		"animation.villager.riding": {
			"loop": true,
			"animation_length": 3,
			"bones": {
				"upper_body": {
					"rotation": {
						"0.0": [2.4, 0, 0],
						"1.5": [1.9, 0, 0],
						"3.0": [2.4, 0, 0]
					},
					"position": {
						"0.0": [0, 0, 0],
						"1.5": [0, 0.35, 0],
						"3.0": [0, 0, 0]
					}
				},
				"arms": {
					"rotation": {
						"0.0": [-62.00436, 0.70709, 0],
						"0.5417": [-58.6919, 0.70709, 0],
						"1.5": [-62.0044, 0.70709, 0],
						"2.0417": [-65.6919, 0.70709, 0],
						"3.0": [-62.00436, 0.70709, 0]
					},
					"position": {
						"0.0": [0, -1.5, -0.5],
						"0.3333": [0, -1.65, -0.5],
						"1.5": [0, -1.3, -0.5],
						"1.8333": [0, -1.25, -0.5],
						"3.0": [0, -1.5, -0.5]
					}
				},
				"head": {
					"rotation": {
						"0.0": [1.8, 0, 0],
						"0.25": [2.2, 0, 0],
						"1.5": [0.3, 0, 0],
						"1.75": [-0.1, 0, 0],
						"3.0": [1.8, 0, 0]
					},
					"position": {
						"0.0": [0, 0, 0],
						"0.25": [0, 0, 0],
						"1.5": [0, -0.14, 0],
						"1.75": [0, -0.14, 0],
						"3.0": [0, 0, 0]
					}
				},
				"nose": {
					"position": {
						"0.0": [0, 0, 0],
						"1.4167": [0, 0.06, 0],
						"3.0": [0, 0, 0]
					}
				},
				"leg0": {
					"rotation": ["-72.0 - this", "18.0 - this", "-this"],
					"position": [0.25, 0, 0]
				},
				"leg1": {
					"rotation": ["-72.0 - this", "-18.0 - this", "-this"],
					"position": [-0.25, 0, 0]
				},
				"body1": {
					"scale": {
						"0.0": [1, 1, 1],
						"1.5": [1, 1, 1.025],
						"3.0": [1, 1, 1]
					}
				},
				"Root": {
					"position": [0, -7.5, 0]
				}
			}
		},
		"animation.villager.death_face": {
			"loop": "hold_on_last_frame",
			"animation_length": 0.16667,
			"bones": {
				"right": {
					"scale": [1, 2.03, 1]
				},
				"eye_layer_x": {
					"scale": [1, 2.05, 1]
				},
				"top": {
					"position": [0, 1, 0]
				},
				"left": {
					"scale": [1, 2.03, 1]
				},
				"eye_layer_x2": {
					"scale": [1, 2.05, 1]
				},
				"top2": {
					"position": [0, 1, 0]
				},
				"eyelid_right": {
					"position": {
						"0.0": [0, 0, 0],
						"0.1667": [0, -1, 0]
					},
					"scale": [1, 2.03, 1]
				},
				"eyelid_left": {
					"position": {
						"0.0": [0, 0, 0],
						"0.1667": [0, -1, 0]
					},
					"scale": [1, 2.03, 1]
				},
				"eyebrown": {
					"position": {
						"0.0": [0, 0, 0],
						"0.1667": [0, -0.1, 0]
					}
				}
			}
		},
		"animation.villager.swimming": {
			"loop": true,
			"animation_length": 2,
			"bones": {
				"Root": {
					"rotation": {
						"0.0": [14, 0, 0],
						"1.0": [16, 0, 0],
						"2.0": [14, 0, 0]
					},
					"position": {
						"0.0": [0, -10.85, 0],
						"0.5": [0, -10.25, 0],
						"1.0": [0, -10.85, 0],
						"1.5417": [0, -10.25, 0],
						"2.0": [0, -10.85, 0]
					}
				},
				"upper_body": {
					"rotation": {
						"0.0": [-1, 0, 0],
						"0.5417": [-2.90865, 0.05075, 0.38],
						"0.9167": [-4, 0, 0],
						"1.375": [-2.90865, 0.05075, -0.38],
						"2.0": [-1, 0, 0]
					},
					"position": {
						"0.0": [0, 0, 0],
						"0.4583": [0, -0.3, 0],
						"0.9167": [0, 0, 0],
						"1.4583": [0, -0.3, 0],
						"2.0": [0, 0, 0]
					}
				},
				"body": {
					"rotation": {
						"0.0": [0, 2.9, 0],
						"1.0": [0, -2.9, 0],
						"2.0": [0, 2.9, 0]
					}
				},
				"arms": {
					"rotation": {
						"0.0": [-83.01688, 0.48709, -6.9703],
						"0.125": [-80.53052, 0.61949, -7.22203],
						"0.5": [-73.0088, -0.3007, -0.08618],
						"1.0": [-76.02796, -0.82728, 6.8127],
						"1.125": [-75.36366, -1.21173, 7.15597],
						"1.5417": [-73.0088, -0.3007, -0.08618],
						"2.0": [-83.01688, 0.48709, -6.9703]
					},
					"position": {
						"0.0": [0, -0.7, -0.9],
						"0.125": [0, -0.91, -0.92],
						"0.3333": [0, -1.25, -0.95],
						"0.7083": [0, -0.77, -0.77],
						"1.125": [0, -1.3, -1],
						"1.375": [0, -0.85, -0.95],
						"1.75": [0, -0.77, -0.77],
						"2.0": [0, -0.7, -0.9]
					}
				},
				"head": {
					"rotation": {
						"0.0": [-6, 0, 0.5],
						"0.5": [-10, 0, 0],
						"1.0": [-6, 0, -0.5],
						"1.5": [-10, 0, 0],
						"2.0": [-6, 0, 0.5]
					},
					"position": {
						"0.0": [0, 0, -0.2],
						"1.0": [0, 0, -0.3],
						"2.0": [0, 0, -0.2]
					}
				},
				"nose": {
					"rotation": [0, 0, "math.clamp(-variable.eye_target_x, -140, 140)*0.175"],
					"position": {
						"0.0": [0, 0, 0],
						"0.9583": [0, 0.1, 0],
						"2.0": [0, 0, 0]
					}
				},
				"leg0": {
					"rotation": {
						"0.0": [-10.0012, 0.99027, -0.13919],
						"0.125": [-13.0012, 0.99027, -0.13919],
						"0.375": [-21.40058, 0.69318, -0.09743],
						"0.9583": [9, 0, 0],
						"1.0833": [11, 0, 0],
						"1.3333": [17.68919, 0.4456, -0.0626],
						"2.0": [-10.0012, 0.99027, -0.13919]
					},
					"position": {
						"0.0": [-0.3, 0, -0.5],
						"0.125": [-0.3, 0, -0.5],
						"0.375": [-0.3, 0.1, 0.67],
						"0.9583": [-0.3, 0, 0.4],
						"1.0833": [-0.3, 0, 0.4],
						"1.3333": [-0.3, 0.5, -0.35],
						"2.0": [-0.3, 0, -0.5]
					}
				},
				"leg1": {
					"rotation": {
						"0.0": [9, 0, 0],
						"0.125": [11, 0, 0],
						"0.375": [17.68919, -0.44564, 0.06264],
						"0.9583": [-11.912, -0.99027, 0.13919],
						"1.0833": [-13.0012, -0.9903, 0.1392],
						"1.3333": [-21.40058, -0.6932, 0.0974],
						"2.0": [9, 0, 0]
					},
					"position": {
						"0.0": [0.3, 0, 0.6],
						"0.125": [0.3, 0, 0.6],
						"0.375": [0.3, 0.5, -0.35],
						"0.9583": [0.3, 0, -0.4],
						"1.0833": [0.3, 0, -0.5],
						"1.3333": [0.3, 0.1, 0.67],
						"2.0": [0.3, 0, 0.6]
					}
				}
			}
		},
		"animation.villager.hurt": {
			"animation_length": 0.41667,
			"bones": {
				"upper_body": {
					"rotation": {
						"0.0": [0, 0, 0],
						"0.125": [-0.4557, -1.0383, -0.8913],
						"0.2917": [3, 0, 0],
						"0.375": [0, 0, 0]
					},
					"position": {
						"0.0": [0, 0, 0],
						"0.1667": [0, -1.5, 1.4],
						"0.375": [0, 0, 0]
					}
				},
				"arms": {
					"rotation": {
						"0.0": [0, 0, 0],
						"0.125": [-65, 0, 0],
						"0.2917": [17, 0, 0],
						"0.4167": [0, 0, 0]
					},
					"position": {
						"0.0": [0, 0, 0],
						"0.125": [0, -0.5, 0],
						"0.2917": [0, 0, 0]
					}
				},
				"head": {
					"rotation": {
						"0.0": [0, 0, 0],
						"0.125": [-16.93902, -1.46016, -5.7826],
						"0.25": [17.14, 0, 0],
						"0.4167": [0, 0, 0]
					},
					"position": {
						"0.0": [0, 0, 0],
						"0.125": [0, 0, 0.8],
						"0.3333": [0, 0, 0.6],
						"0.4167": [0, 0, 0]
					}
				},
				"nose": {
					"rotation": {
						"0.0": [0, 0, 0],
						"0.0417": [17.25, 0, 0],
						"0.125": [-0.92, 0, 0],
						"0.2083": [-48, 0, 0],
						"0.3333": [13, 0, 0],
						"0.4167": [0, 0, 0]
					},
					"position": {
						"0.0": [0, 0, 0],
						"0.2083": [0, 0, 0.5],
						"0.4167": [0, 0, 0]
					}
				},
				"right": {
					"scale": {
						"0.0": [1, 2.03, 1],
						"0.3333": [1, 2.03, 1],
						"0.4167": [1, 2.03, 1]
					}
				},
				"eye_layer_x": {
					"scale": {
						"0.0": [1, 2.05, 1],
						"0.3333": [1, 2.05, 1],
						"0.4167": [1, 2.05, 1]
					}
				},
				"top": {
					"position": {
						"0.0": [0, 1, 0],
						"0.3333": [0, 1, 0],
						"0.4167": [0, 1, 0]
					}
				},
				"left": {
					"scale": {
						"0.0": [1, 2.03, 1],
						"0.3333": [1, 2.03, 1],
						"0.4167": [1, 2.03, 1]
					}
				},
				"eye_layer_x2": {
					"scale": {
						"0.0": [1, 2.05, 1],
						"0.3333": [1, 2.05, 1],
						"0.4167": [1, 2.05, 1]
					}
				},
				"top2": {
					"position": {
						"0.0": [0, 1, 0],
						"0.3333": [0, 1, 0],
						"0.4167": [0, 1, 0]
					}
				},
				"eyelid_right": {
					"position": {
						"0.0": [0, 0.7, 0],
						"0.3333": [0, 0.7, 0]
					}
				},
				"eyelid_left": {
					"position": {
						"0.0": [0, 0.8, 0],
						"0.3333": [0, 0.8, 0]
					}
				},
				"eyebrown": {
					"position": {
						"0.0": [0, 0.7, 0],
						"0.3333": [0, 0.7, 0],
						"0.4167": [0, 0, 0]
					}
				},
				"eyeball_right": {
					"scale": {
						"0.0": [0.67, 0.63, 1],
						"0.2917": [0.67, 0.63, 1],
						"0.375": [1, 1, 1]
					}
				},
				"eyeball_left": {
					"scale": {
						"0.0": [0.82, 0.8, 1],
						"0.2917": [0.82, 0.8, 1],
						"0.375": [1, 1, 1]
					}
				}
			}
		},
		"animation.villager.hurt2": {
			"animation_length": 0.41667,
			"bones": {
				"upper_body": {
					"rotation": {
						"0.0": [0, 0, 0],
						"0.125": [0.4557, -1.0383, 0.8913],
						"0.2917": [-3, 0, 0],
						"0.375": [0, 0, 0]
					},
					"position": {
						"0.0": [0, 0, 0],
						"0.1667": [0, -1.5, -1.4],
						"0.375": [0, 0, 0]
					}
				},
				"arms": {
					"rotation": {
						"0.0": [0, 0, 0],
						"0.125": [-65, 0, 0],
						"0.2917": [17, 0, 0],
						"0.4167": [0, 0, 0]
					},
					"position": {
						"0.0": [0, 0, 0],
						"0.125": [0, -0.5, 0],
						"0.2917": [0, 0, 0]
					}
				},
				"head": {
					"rotation": {
						"0.0": [0, 0, 0],
						"0.125": [16.93902, -1.46016, 6.1826],
						"0.25": [-17.14, 0, 0],
						"0.4167": [0, 0, 0]
					},
					"position": {
						"0.0": [0, 0, 0],
						"0.125": [0, 0, -0.8],
						"0.3333": [0, 0, -0.6],
						"0.4167": [0, 0, 0]
					}
				},
				"nose": {
					"rotation": {
						"0.0": [0, 0, 0],
						"0.0833": [-25.75, 0, 0],
						"0.2083": [-48, 0, 0],
						"0.3333": [13, 0, 0],
						"0.4167": [0, 0, 0]
					},
					"position": {
						"0.0": [0, 0, 0],
						"0.2083": [0, 0, 0.5],
						"0.4167": [0, 0, 0]
					}
				},
				"right": {
					"scale": {
						"0.0": [1, 2.03, 1],
						"0.3333": [1, 2.03, 1],
						"0.4167": [1, 2.03, 1]
					}
				},
				"eye_layer_x": {
					"scale": {
						"0.0": [1, 2.05, 1],
						"0.3333": [1, 2.05, 1],
						"0.4167": [1, 2.05, 1]
					}
				},
				"top": {
					"position": {
						"0.0": [0, 1, 0],
						"0.3333": [0, 1, 0],
						"0.4167": [0, 1, 0]
					}
				},
				"left": {
					"scale": {
						"0.0": [1, 2.03, 1],
						"0.3333": [1, 2.03, 1],
						"0.4167": [1, 2.03, 1]
					}
				},
				"eye_layer_x2": {
					"scale": {
						"0.0": [1, 2.05, 1],
						"0.3333": [1, 2.05, 1],
						"0.4167": [1, 2.05, 1]
					}
				},
				"top2": {
					"position": {
						"0.0": [0, 1, 0],
						"0.3333": [0, 1, 0],
						"0.4167": [0, 1, 0]
					}
				},
				"eyelid_right": {
					"position": {
						"0.0": [0, 0.7, 0],
						"0.3333": [0, 0.7, 0]
					}
				},
				"eyelid_left": {
					"position": {
						"0.0": [0, 0.8, 0],
						"0.3333": [0, 0.8, 0]
					}
				},
				"eyebrown": {
					"position": {
						"0.0": [0, 0.7, 0],
						"0.3333": [0, 0.7, 0],
						"0.4167": [0, 0, 0]
					}
				},
				"eyeball_right": {
					"scale": {
						"0.0": [0.67, 0.63, 1],
						"0.2917": [0.67, 0.63, 1],
						"0.375": [1, 1, 1]
					}
				},
				"eyeball_left": {
					"scale": {
						"0.0": [0.82, 0.8, 1],
						"0.2917": [0.82, 0.8, 1],
						"0.375": [1, 1, 1]
					}
				}
			}
		},
		"animation.villager.baby": {
			"loop": true,
			"bones": {
				"head": {
					"scale": 1.5
				}
			}
		},
		"animation.villager.looking": {
			"loop": "hold_on_last_frame",
			"bones": {
				"body": {
					"rotation": [0, "math.clamp(query.target_y_rotation, -35, 35)*0.188", "math.clamp(query.target_y_rotation, -5, 5)*-0.024"]
				},
				"head": {
					"rotation": ["query.target_x_rotation", "query.target_y_rotation", "math.clamp(query.target_y_rotation, -55, 55)*0.09"]
				},
				"eyeball_right": {
					"position": ["math.clamp(-variable.eye_target_x, -290, 15)*0.0092", "-variable.eye_target_y*0.008", 0]
				},
				"eyeball_left": {
					"position": ["math.clamp(-variable.eye_target_x, -15, 290)*0.0092", "-variable.eye_target_y*0.008", 0]
				},
				"nose": {
					"rotation": [0, 0, "math.clamp(-variable.eye_target_x, -140, 140)*0.175"]
				}
			}
		}
	}
}