{
	"format_version": "1.8.0",
	"animations": {
		"animation.vindicator.base_face": {
			"loop": true,
			"animation_length": 10,
			"bones": {
				"eyelid_layer": {
					"position": [0, 0.8, 0]
				},
				"right": {
					"scale": [1, 1.83, 1]
				},
				"eye_layer_x": {
					"scale": [1, 1.82, 1]
				},
				"top": {
					"position": [0, 0.8, 0]
				},
				"left": {
					"scale": [1, 1.83, 1]
				},
				"eye_layer_x2": {
					"scale": [1, 1.82, 1]
				},
				"top2": {
					"position": [0, 0.8, 0]
				},
				"eyelid_layer2": {
					"position": [0, 0.8, 0]
				},
				"eyebrown_right": {
					"rotation": [0, 0, "math.clamp(-variable.eye_target_x, -45, 0)*-0.13"],
					"position": [
						0.01,
						"-0.02+math.clamp(-variable.eye_target_x, -35, 0)*-0.003+math.clamp(variable.eye_target_y, -55, 0)*-0.008+math.clamp(variable.eye_target_y, 0, 90)*-0.0066+math.clamp(-variable.eye_target_x, 0, 35)*-0.0065",
						0
					]
				},
				"eyebrown_left": {
					"rotation": [0, 0, "math.clamp(-variable.eye_target_x, 0, 45)*-0.13"],
					"position": [
						-0.01,
						"-0.02+math.clamp(-variable.eye_target_x, 0, 35)*0.003+math.clamp(variable.eye_target_y, -55, 0)*-0.008+math.clamp(variable.eye_target_y, 0, 90)*-0.0066+math.clamp(-variable.eye_target_x, -35, 0)*0.0065",
						0
					]
				},
				"eyelid_left": {
					"position": {
						"1.0": [
							0,
							"math.clamp(-variable.eye_target_x, 0, 35)*0.0095+math.clamp(variable.eye_target_y, 0, 70)*-0.0062+math.clamp(variable.eye_target_y, -140, 0)*-0.02+math.clamp(-variable.eye_target_x, -35, 0)*0.0055",
							0
						],
						"1.125": [0, -1, 0],
						"1.2917": [
							0,
							"math.clamp(-variable.eye_target_x, 0, 35)*0.0095+math.clamp(variable.eye_target_y, 0, 70)*-0.0062+math.clamp(variable.eye_target_y, -140, 0)*-0.02+math.clamp(-variable.eye_target_x, -35, 0)*0.0055",
							0
						],
						"6.5": [
							0,
							"math.clamp(-variable.eye_target_x, 0, 35)*0.0095+math.clamp(variable.eye_target_y, 0, 70)*-0.0062+math.clamp(variable.eye_target_y, -140, 0)*-0.02+math.clamp(-variable.eye_target_x, -35, 0)*0.0055",
							0
						],
						"6.625": [0, -1, 0],
						"6.7917": [
							0,
							"math.clamp(-variable.eye_target_x, 0, 35)*0.0095+math.clamp(variable.eye_target_y, 0, 70)*-0.0062+math.clamp(variable.eye_target_y, -140, 0)*-0.02+math.clamp(-variable.eye_target_x, -35, 0)*0.0055",
							0
						]
					},
					"scale": {
						"1.0": [1, 1.83, 1],
						"1.125": [1, 1.83, 1],
						"1.2917": [1, 1.83, 1],
						"6.5": [1, 1.83, 1],
						"6.625": [1, 1.83, 1],
						"6.7917": [1, 1.83, 1]
					}
				},
				"eyelid_right": {
					"position": {
						"1.0": [
							0,
							"math.clamp(-variable.eye_target_x, -35, 0)*-0.0095+math.clamp(variable.eye_target_y, 0, 70)*-0.0062+math.clamp(variable.eye_target_y, -140, 0)*-0.02+math.clamp(-variable.eye_target_x, 0, 35)*-0.0055",
							0
						],
						"1.125": [0, -1, 0],
						"1.2917": [
							0,
							"math.clamp(-variable.eye_target_x, -35, 0)*-0.0095+math.clamp(variable.eye_target_y, 0, 70)*-0.0062+math.clamp(variable.eye_target_y, -140, 0)*-0.02+math.clamp(-variable.eye_target_x, 0, 35)*-0.0055",
							0
						],
						"6.5": [
							0,
							"math.clamp(-variable.eye_target_x, -35, 0)*-0.0095+math.clamp(variable.eye_target_y, 0, 70)*-0.0062+math.clamp(variable.eye_target_y, -140, 0)*-0.02+math.clamp(-variable.eye_target_x, 0, 35)*-0.0055",
							0
						],
						"6.625": [0, -1, 0],
						"6.7917": [
							0,
							"math.clamp(-variable.eye_target_x, -35, 0)*-0.0095+math.clamp(variable.eye_target_y, 0, 70)*-0.0062+math.clamp(variable.eye_target_y, -140, 0)*-0.02+math.clamp(-variable.eye_target_x, 0, 35)*-0.0055",
							0
						]
					},
					"scale": {
						"1.0": [1, 1.83, 1],
						"1.125": [1, 1.83, 1],
						"1.2917": [1, 1.83, 1],
						"6.5": [1, 1.83, 1],
						"6.625": [1, 1.83, 1],
						"6.7917": [1, 1.83, 1]
					}
				}
			}
		},
		"animation.vindicator.base": {
			"loop": true,
			"animation_length": 3,
			"bones": {
				"head": {
					"rotation": {
						"0.0": [3, 0, 0],
						"0.25": [3.2, 0, 0],
						"1.5": [1.5, 0, 0],
						"1.75": [1.8, 0, 0],
						"3.0": [3, 0, 0]
					},
					"position": {
						"0.0": [0, 0, -0.2],
						"0.25": [0, 0, -0.2],
						"1.5": [0, -0.08, -0.2],
						"1.75": [0, -0.08, -0.2],
						"3.0": [0, 0, -0.2]
					}
				},
				"rightArm": {
					"rotation": {
						"0.0": [3.98552, -2.11731, 8.53583],
						"1.5": [3.90934, -2.25501, 10.0325],
						"3.0": [3.98552, -2.11731, 8.53583]
					},
					"position": {
						"0.0": [-0.15, -0.3, 0],
						"0.3333": [-0.15, -0.34, 0],
						"1.5": [-0.15, -0.2, 0],
						"1.8333": [-0.15, -0.06, 0],
						"3.0": [-0.15, -0.3, 0]
					}
				},
				"leftArm": {
					"rotation": {
						"0.0": [1.00243, 1.99513, -3.86043],
						"1.5": [0.96745, 2.01232, -5.3609],
						"3.0": [1.00243, 1.99513, -3.86043]
					},
					"position": {
						"0.0": [0.3, -0.1, 0],
						"0.3333": [0.3, -0.24, 0],
						"1.5": [0.3, 0, 0],
						"1.8333": [0.3, 0.14, 0],
						"3.0": [0.3, -0.1, 0]
					}
				},
				"upper_body": {
					"rotation": {
						"0.0": [-1.5, 0, 0],
						"3.0": [-1.5, 0, 0]
					},
					"position": {
						"0.0": [0, -0.15, 0],
						"1.5": [0, 0.3, 0],
						"3.0": [0, -0.15, 0]
					}
				},
				"leg0": {
					"rotation": [-2.06702, -1.89413, 2.99927],
					"position": [-0.3, 0, -1]
				},
				"leg1": {
					"rotation": [2.64394, -12.9702, -5.11919],
					"position": [0.2, 0, 0.1]
				},
				"nose": {
					"position": {
						"0.0": [0, 0, 0],
						"1.5": [0, 0.1, 0],
						"3.0": [0, 0, 0]
					}
				},
				"arms": {
					"scale": 0
				},
				"rightItem": {
					"position": [0, 0, 1.5]
				},
				"body1": {
					"scale": {
						"0.0": [1, 1, 1],
						"1.5": [1, 1, 1.025],
						"3.0": [1, 1, 1]
					}
				}
			}
		},
		"animation.vindicator.walking": {
			"loop": true,
			"animation_length": 1.5,
			"anim_time_update": "query.modified_distance_moved * 0.156",
			"bones": {
				"head": {
					"rotation": {
						"0.0": [-3, 0.4, -0.1],
						"0.375": [-6, 0, 0],
						"0.75": [-3, -0.4, 0.1],
						"1.125": [-6, 0, 0],
						"1.5": [-3, 0.4, -0.1]
					},
					"position": {
						"0.0": [0, 0, -0.4],
						"0.375": [0, -0.3, -0.4],
						"0.75": [0, 0, -0.4],
						"1.125": [0, -0.3, -0.4],
						"1.5": [0, 0, -0.4]
					}
				},
				"nose": {
					"rotation": {
						"0.0": [-1, 0, -2.8],
						"0.25": [-1, 0, -3.1],
						"0.75": [-1, 0, 2.8],
						"1.0": [-1, 0, 3.1],
						"1.5": [-1, 0, -2.8]
					},
					"position": {
						"0.0": [0, 0, 0],
						"0.25": [0, 0, 0],
						"0.75": [0, 0, 0],
						"1.0": [0, 0, 0],
						"1.5": [0, 0, 0]
					}
				},
				"arms": {
					"scale": 0
				},
				"rightArm": {
					"rotation": {
						"0.0": [26, 4, 7],
						"0.125": [13, 4, 7],
						"0.75": [-32.2792, -4.252, 4.2124],
						"0.875": [-20.2792, -4.552, 4.2124],
						"1.5": [26, 4, 7]
					},
					"position": {
						"0.0": [-0.3, 0, 0.2],
						"0.1667": [0, -0.2, 0.2],
						"0.375": [-0.3, 0.1, -0.55],
						"0.5417": [-0.43, 0.2, -0.88],
						"0.75": [-0.6, -0.3, -1.3],
						"0.9167": [-0.43, -0.6, -0.88],
						"1.125": [-0.31, -0.33, -0.57],
						"1.2917": [-0.21, -0.22, -0.31],
						"1.5": [-0.3, 0, 0.2]
					}
				},
				"rightItem": {
					"rotation": [13, 0, 0],
					"position": [0, 0, 1.5]
				},
				"leftArm": {
					"rotation": {
						"0.0": [-32.27918, 4.252, -4.2124],
						"0.125": [-20.27918, 4.55201, -4.2124],
						"0.75": [26, -4, -7],
						"0.875": [13, -4, -7],
						"1.5": [-32.2792, 4.252, -4.2124]
					},
					"position": {
						"0.0": [0.6, -0.3, -1.3],
						"0.1667": [0.43, -0.6, -0.88],
						"0.375": [0.28, -0.33, -0.49],
						"0.5417": [0.16, -0.22, -0.18],
						"0.75": [0.3, 0, 0.2],
						"0.9167": [0.13, -0.2, -0.13],
						"1.125": [0.3, -0.1, -0.55],
						"1.2917": [0.43, 0.2, -0.88],
						"1.5": [0.6, -0.3, -1.3]
					}
				},
				"upper_body": {
					"rotation": {
						"0.0": [7.5733, 1.56953, -1.2979],
						"0.4167": [6.7465, -1.56887, -1.2995],
						"0.75": [7.5733, 1.56953, 1.2979],
						"1.1667": [6.7465, -1.56887, 1.2979],
						"1.5": [7.5733, 1.56953, -1.2979]
					},
					"position": {
						"0.0": [0, -0.3, 0.85],
						"0.2083": [0, -0.5, 0.85],
						"0.4167": [0, 0.7, -0.55],
						"0.5833": [0, 0.9, -0.55],
						"0.75": [0, -0.3, 0.85],
						"0.9583": [0, -0.5, 0.85],
						"1.1667": [0, 0.7, -0.55],
						"1.3333": [0, 0.9, -0.55],
						"1.5": [0, -0.3, 0.85]
					}
				},
				"leg0": {
					"rotation": {
						"0.0": [-20.0536, 4.2407, -0.78412],
						"0.25": [-5.36908, 3.4938, -0.52275],
						"0.75": [20, 2, 0],
						"1.0": [38.6185, 2.74689, -0.26138],
						"1.2083": [6.4672, 3.3693, -0.4792],
						"1.5": [-20.0536, 4.2407, -0.78412]
					},
					"position": {
						"0.0": [-0.2, -0.3, -1.9],
						"0.25": [-0.2, -0.28, -2.07],
						"0.75": [-0.2, -0.25, 1.3],
						"1.0": [-0.2, 0, -2.97],
						"1.2083": [-0.2, 1.9, -3.45],
						"1.5": [-0.2, -0.3, -1.9]
					}
				},
				"leg1": {
					"rotation": {
						"0.0": [20, -2, 0],
						"0.25": [38.61847, -2.7469, 0.26137],
						"0.4583": [6.4672, -3.36932, 0.47919],
						"0.75": [-20.0536, -4.2407, 0.78412],
						"1.0": [-5.3691, -3.4938, 0.5227],
						"1.5": [20, -2, 0]
					},
					"position": {
						"0.0": [0.2, -0.25, 1.1],
						"0.25": [0.2, 0, -2.97],
						"0.4583": [0.2, 1.9, -3.45],
						"0.75": [0.2, -0.3, -1.9],
						"1.0": [0.2, -0.28, -2.07],
						"1.5": [0.2, -0.25, 1.1]
					}
				},
				"Root": {
					"position": {
						"0.0": [0, 0, 0],
						"0.25": [0, 0.32, 0],
						"0.4583": [0, 0.19, 0],
						"0.75": [0, 0, 0],
						"1.0": [0, 0.32, 0],
						"1.2083": [0, 0.19, 0],
						"1.5": [0, 0, 0]
					}
				},
				"body": {
					"rotation": {
						"0.0": [0, 2, 0],
						"0.75": [0, -2, 0],
						"1.5": [0, 2, 0]
					},
					"position": {
						"0.0": [0, 0, 0],
						"0.375": [0, 0, -0.25],
						"0.75": [0, 0, 0],
						"1.125": [0, 0, -0.25],
						"1.5": [0, 0, 0]
					}
				}
			}
		},
		"animation.vindicator.angry_run": {
			"loop": true,
			"animation_length": 1.5,
			"anim_time_update": "query.modified_distance_moved * 0.188",
			"bones": {
				"rightArm": {
					"rotation": {
						"0.0": [-138.2295, 13.88403, -4.99693],
						"0.375": [-128.2295, 13.88403, -4.99693],
						"0.75": [-138.2295, 13.88403, -4.99693],
						"1.125": [-128.2295, 13.88403, -4.99693],
						"1.5": [-138.2295, 13.88403, -4.99693]
					},
					"position": {
						"0.0": [0, 1, -0.9],
						"0.1667": [0, 0.95, -0.9],
						"0.375": [0, 1.1, -0.9],
						"0.5417": [0, 1.15, -0.9],
						"0.75": [0, 1, -0.9],
						"0.9167": [0, 0.95, -0.9],
						"1.125": [0, 1.1, -0.9],
						"1.2917": [0, 1.15, -0.9],
						"1.5": [0, 1, -0.9]
					}
				},
				"leftArm": {
					"rotation": {
						"0.0": [-38.008, 3.00472, -21.99169],
						"0.0833": [-41.008, 3.00472, -21.99169],
						"0.75": [19.01048, -2.51405, -17.6838],
						"0.8333": [22.0105, -2.51405, -17.6838],
						"1.5": [-38.008, 3.00472, -21.99169]
					},
					"position": {
						"0.0": [-0.2, -0.5, 0],
						"0.1667": [-0.2, -0.65, 0],
						"0.375": [-0.2, -0.33, 0],
						"0.5417": [-0.2, -0.38, 0],
						"0.75": [-0.2, -0.5, 0],
						"0.9167": [-0.2, -0.65, 0],
						"1.125": [-0.2, -0.33, 0],
						"1.2917": [-0.2, -0.38, 0],
						"1.5": [-0.2, -0.5, 0]
					}
				},
				"upper_body": {
					"rotation": {
						"0.0": [11, 0, 1.5],
						"0.375": [8, 0, 0],
						"0.75": [11, 0, -1.5],
						"1.125": [8, 0, 0],
						"1.5": [11, 0, 1.5]
					},
					"position": {
						"0.0": [0, -0.3, -0.7],
						"0.1667": [0, -0.6, -0.7],
						"0.375": [0, 0.4, -1.5],
						"0.5833": [0, 0.5, -1.2],
						"0.7083": [0, -0.3, -0.7],
						"0.9167": [0, -0.6, -0.7],
						"1.125": [0, 0.4, -1.5],
						"1.3333": [0, 0.5, -1.2],
						"1.5": [0, -0.3, -0.7]
					}
				},
				"leg0": {
					"rotation": {
						"0.0": [-17.99601, 0.5446, 0.8387],
						"0.75": [23.9961, 0.5299, -0.5481],
						"1.0": [48.332, 0.5348, -0.08583],
						"1.2083": [9.2787, 0.53888, 0.29939],
						"1.5": [-17.996, 0.5446, 0.8387]
					},
					"position": {
						"0.0": [-0.2, -0.3, -4],
						"0.375": [-0.2, 0.3, -1.1],
						"0.75": [-0.2, -0.3, -0.5],
						"1.0": [-0.2, 0.6, -4.5],
						"1.2083": [-0.2, 2.14, -5.5],
						"1.5": [-0.2, -0.3, -4]
					}
				},
				"leg1": {
					"rotation": {
						"0.0": [23.99608, -0.5299, 0.5481],
						"0.25": [48.33205, -0.53481, 0.08583],
						"0.4583": [9.27869, -0.5389, -0.2994],
						"0.75": [-17.996, -0.54462, -0.8387],
						"1.5": [23.9961, -0.5299, 0.5481]
					},
					"position": {
						"0.0": [0.2, -0.3, -0.5],
						"0.25": [0.2, -0.6, -4.5],
						"0.4583": [0.2, 2.14, -5.5],
						"0.75": [0.2, -0.3, -4],
						"1.125": [0.2, 0.3, -1.1],
						"1.5": [0.2, -0.3, -0.5]
					}
				},
				"body": {
					"rotation": {
						"0.0": [0, 2.5, 0],
						"0.75": [0, -2.5, 0],
						"1.5": [0, 2.5, 0]
					},
					"position": {
						"0.0": [0, 0, 0],
						"0.375": [0, 0, -0.5],
						"0.75": [0, 0, 0],
						"1.125": [0, 0, -0.5],
						"1.5": [0, 0, 0]
					}
				},
				"Root": {
					"position": {
						"0.0": [0, -0.2, 0],
						"0.375": [0, 0.5, 0],
						"0.75": [0, -0.2, 0],
						"1.125": [0, 0.5, 0],
						"1.5": [0, -0.2, 0]
					}
				},
				"head": {
					"rotation": {
						"0.0": [-6.5, 0, 1.3],
						"0.375": [1.5, 0, 0],
						"0.75": [-6.5, 0, -1.3],
						"1.0833": [1.5, 0, 0],
						"1.5": [-6.5, 0, 1.3]
					},
					"position": {
						"0.0": [0, 0, 0],
						"0.375": [0, -0.3, -0.2],
						"0.75": [0, 0, 0],
						"1.0833": [0, -0.3, -0.2],
						"1.5": [0, 0, 0]
					}
				},
				"nose": {
					"rotation": {
						"0.0": [-1, 0, -7.5],
						"0.1667": [-1, 0, -8.5],
						"0.75": [-1, 0, 7.5],
						"0.9167": [-1, 0, 8.5],
						"1.5": [-1, 0, -7.5]
					},
					"position": {
						"0.0": [0, 0, 0],
						"0.1667": [0, 0, 0],
						"0.75": [0, 0, 0],
						"0.9167": [0, 0, 0],
						"1.5": [0, 0, 0]
					}
				},
				"arms": {
					"scale": 0
				}
			}
		},
		"animation.vindicator.angry_face": {
			"loop": true,
			"animation_length": 8,
			"bones": {
				"right": {
					"scale": [1, 1.83, 1]
				},
				"eye_layer_x": {
					"scale": [1, 1.82, 1]
				},
				"top": {
					"position": [0, 0.8, 0]
				},
				"eyelid_layer": {
					"position": [0, 0.8, 0]
				},
				"left": {
					"scale": [1, 1.83, 1]
				},
				"eye_layer_x2": {
					"scale": [1, 1.82, 1]
				},
				"top2": {
					"position": [0, 0.8, 0]
				},
				"eyelid_layer2": {
					"position": [0, 0.8, 0]
				},
				"eyebrown_right": {
					"rotation": [0, 0, 16],
					"position": [
						0.1,
						"-0.6+math.clamp(-variable.eye_target_x, -35, 0)*-0.008+math.clamp(variable.eye_target_y, -65, 0)*-0.012+math.clamp(variable.eye_target_y, 0, 50)*-0.005+math.clamp(-variable.eye_target_x, 0, 35)*-0.0055",
						0
					]
				},
				"eyebrown_left": {
					"rotation": [0, 0, -16],
					"position": [
						-0.1,
						"-0.6+math.clamp(-variable.eye_target_x, 0, 35)*0.008+math.clamp(variable.eye_target_y, -65, 0)*-0.012+math.clamp(variable.eye_target_y, 0, 50)*-0.005+math.clamp(-variable.eye_target_x, -35, 0)*0.0055",
						0
					]
				},
				"eyelid_left": {
					"position": {
						"1.0": [
							0,
							"math.clamp(-variable.eye_target_x, 0, 35)*0.0095+math.clamp(variable.eye_target_y, 0, 75)*-0.0062+math.clamp(variable.eye_target_y, -140, 0)*-0.02+math.clamp(-variable.eye_target_x, -35, 0)*0.0055",
							0
						],
						"1.125": [0, -1, 0],
						"1.2917": [
							0,
							"math.clamp(-variable.eye_target_x, 0, 35)*0.0095+math.clamp(variable.eye_target_y, 0, 75)*-0.0062+math.clamp(variable.eye_target_y, -140, 0)*-0.02+math.clamp(-variable.eye_target_x, -35, 0)*0.0055",
							0
						],
						"5.0": [
							0,
							"math.clamp(-variable.eye_target_x, 0, 35)*0.0095+math.clamp(variable.eye_target_y, 0, 75)*-0.0062+math.clamp(variable.eye_target_y, -140, 0)*-0.02+math.clamp(-variable.eye_target_x, -35, 0)*0.0055",
							0
						],
						"5.125": [0, -1, 0],
						"5.2917": [
							0,
							"math.clamp(-variable.eye_target_x, 0, 35)*0.0095+math.clamp(variable.eye_target_y, 0, 75)*-0.0062+math.clamp(variable.eye_target_y, -140, 0)*-0.02+math.clamp(-variable.eye_target_x, -35, 0)*0.0055",
							0
						]
					},
					"scale": {
						"1.0": [1, 1.83, 1],
						"1.125": [1, 1.83, 1],
						"1.2917": [1, 1.83, 1],
						"5.0": [1, 1.83, 1],
						"5.125": [1, 1.83, 1],
						"5.2917": [1, 1.83, 1]
					}
				},
				"eyelid_right": {
					"position": {
						"1.0": [
							0,
							"math.clamp(-variable.eye_target_x, -35, 0)*-0.0095+math.clamp(variable.eye_target_y, 0, 75)*-0.0062+math.clamp(variable.eye_target_y, -140, 0)*-0.02+math.clamp(-variable.eye_target_x, 0, 35)*-0.0055",
							0
						],
						"1.125": [0, -1, 0],
						"1.2917": [
							0,
							"math.clamp(-variable.eye_target_x, -35, 0)*-0.0095+math.clamp(variable.eye_target_y, 0, 75)*-0.0062+math.clamp(variable.eye_target_y, -140, 0)*-0.02+math.clamp(-variable.eye_target_x, 0, 35)*-0.0055",
							0
						],
						"5.0": [
							0,
							"math.clamp(-variable.eye_target_x, -35, 0)*-0.0095+math.clamp(variable.eye_target_y, 0, 75)*-0.0062+math.clamp(variable.eye_target_y, -140, 0)*-0.02+math.clamp(-variable.eye_target_x, 0, 35)*-0.0055",
							0
						],
						"5.125": [0, -1, 0],
						"5.2917": [
							0,
							"math.clamp(-variable.eye_target_x, -35, 0)*-0.0095+math.clamp(variable.eye_target_y, 0, 75)*-0.0062+math.clamp(variable.eye_target_y, -140, 0)*-0.02+math.clamp(-variable.eye_target_x, 0, 35)*-0.0055",
							0
						]
					},
					"scale": {
						"1.0": [1, 1.83, 1],
						"1.125": [1, 1.83, 1],
						"1.2917": [1, 1.83, 1],
						"5.0": [1, 1.83, 1],
						"5.125": [1, 1.83, 1],
						"5.2917": [1, 1.83, 1]
					}
				}
			}
		},
		"animation.vindicator.attack_time": {
			"loop": "hold_on_last_frame",
			"animation_length": 0.70833,
			"bones": {
				"arms": {
					"scale": 0
				},
				"rightArm": {
					"rotation": {
						"0.0": [-138.2295, 13.88403, -4.99693],
						"0.0833": [-191.95973, 7.13312, -15.21322],
						"0.1667": [-41.96456, 6.68132, -2.4899],
						"0.375": [-138.2295, 13.88403, -4.99693],
						"0.7083": [-128.2295, 13.88403, -4.99693]
					},
					"position": {
						"0.0": [0, 1, -0.9],
						"0.0833": [-0.3, 2.07, 0.8],
						"0.2083": [0.6, -0.9, -0.9],
						"0.25": [0, 1.15, -0.9],
						"0.375": [0, 1, -0.9],
						"0.5417": [0, 0.95, -0.9],
						"0.7083": [0, 1.1, -0.9]
					}
				},
				"leftArm": {
					"rotation": {
						"0.0": [-38.008, 3.00472, -21.99169],
						"0.125": [15.43901, 7.78479, -38.38379],
						"0.3333": [19.01048, -2.51405, -17.6838],
						"0.5417": [-38.008, 3.00472, -21.99169],
						"0.7083": [19.01048, -2.51405, -17.6838]
					},
					"position": {
						"0.0": [-0.2, -0.5, 0],
						"0.125": [-0.2, -0.65, 0],
						"0.25": [-0.2, -0.38, 0],
						"0.3333": [-0.2, -0.5, 0],
						"0.5417": [-0.2, -0.5, 0],
						"0.7083": [-0.2, -0.5, 0]
					}
				},
				"Root": {
					"position": {
						"0.0": [0, -0.2, 0],
						"0.1667": [0, -0.3, 0],
						"0.3333": [0, -0.2, 0],
						"0.5417": [0, 0.5, 0],
						"0.7083": [0, -0.2, 0]
					}
				},
				"upper_body": {
					"rotation": {
						"0.0": [11, 0, 1.5],
						"0.0833": [12, 0, 1],
						"0.1667": [5, 0, 0],
						"0.3333": [15, 0, -1.5],
						"0.5": [8, 0, 0],
						"0.7083": [11, 0, 1.5]
					},
					"position": {
						"0.0": [0, -0.5, 0],
						"0.0833": [0, -1.4, 0],
						"0.1667": [0, 0.4, 0],
						"0.25": [0, 0.5, 0],
						"0.3333": [0, -0.5, 0],
						"0.4167": [0, -0.6, 0],
						"0.5": [0, 0.4, 0],
						"0.5833": [0, 0.5, 0],
						"0.7083": [0, -0.5, 0]
					}
				},
				"nose": {
					"rotation": {
						"0.0": [-0.99939, 0.0349, -5.5003],
						"0.125": [-35, 0, -8.5],
						"0.2083": [7.53333, 0, -4.23333],
						"0.375": [-12.96995, -0.695, 2.54842],
						"0.5417": [-9.9374, 1.03811, 8.90056],
						"0.7083": [-1, 0, -7.5]
					},
					"position": {
						"0.0": [0, 0, 0],
						"0.125": [0, 0, 0],
						"0.375": [0, 0, 0],
						"0.7083": [0, 0, 0]
					}
				},
				"head": {
					"rotation": {
						"0.0": [-5, 0, 1.3],
						"0.125": [14, 0, 0.86667],
						"0.375": [-4.45455, 0, 0.94545]
					},
					"position": {
						"0.0": [0, 0, 0],
						"0.375": [0, -0.1, -0.2]
					}
				},
				"body": {
					"rotation": {
						"0.0": [0, 1, 0],
						"0.1667": [0, -8, 0],
						"0.3333": [0, -1, 0],
						"0.7083": [0, 1, 0]
					},
					"position": {
						"0.0": [0, 0, 0],
						"0.1667": [0, 0, -0.1],
						"0.3333": [0, 0, 0],
						"0.4583": [0, 0, -0.1],
						"0.7083": [0, 0, 0]
					}
				},
				"rightItem": {
					"rotation": {
						"0.0": [0, 0, 0],
						"0.1667": [42.5, 0, 0],
						"0.25": [0, 0, 0]
					}
				}
			}
		},
		"animation.vindicator.attack_time_legs": {
			"loop": true,
			"animation_length": 1,
			"anim_time_update": "query.modified_distance_moved * 0.12",
			"bones": {
				"leg1": {
					"rotation": {
						"0.0": [31.99608, -0.5299, 0.5481],
						"0.1667": [38.61847, -2.7469, 0.26137],
						"0.2917": [6.27869, -0.5389, -0.2994],
						"0.5": [-32.99601, -0.54462, -0.8387],
						"1.0": [31.99608, -0.5299, 0.5481]
					},
					"position": {
						"0.0": [0.2, -0.3, -0.5],
						"0.1667": [0.2, 0, -2.97],
						"0.2917": [0.2, 2.44, -4.53],
						"0.5": [0.2, -0.3, -1.7],
						"0.75": [0.2, 0.3, -1.1],
						"1.0": [0.2, -0.3, -0.5]
					}
				},
				"leg0": {
					"rotation": {
						"0.0": [-32.99601, 0.5446, 0.8387],
						"0.5": [31.99608, 0.5299, -0.5481],
						"0.7083": [38.6185, 2.74689, -0.26138],
						"0.8333": [6.27869, 0.53888, 0.29939],
						"1.0": [-32.99601, 0.5446, 0.8387]
					},
					"position": {
						"0.0": [-0.2, -0.3, -1.7],
						"0.25": [-0.2, 0.3, -1.1],
						"0.5": [-0.2, -0.3, -0.5],
						"0.7083": [-0.2, 0, -2.97],
						"0.8333": [-0.2, 2.44, -4.53],
						"1.0": [-0.2, -0.3, -1.7]
					}
				}
			}
		},
		"animation.vindicator.attack_face": {
			"loop": "hold_on_last_frame",
			"animation_length": 0.5,
			"bones": {
				"eyebrown_right": {
					"rotation": [0, 0, 13],
					"position": [0.1, 0.3, 0]
				},
				"eyebrown_left": {
					"rotation": [0, 0, -13],
					"position": [-0.1, 0.3, 0]
				},
				"eyelids": {
					"position": [0, 0.9, 0]
				},
				"right": {
					"scale": [1, 1.83, 1]
				},
				"eye_layer_x": {
					"scale": [1, 1.91, 1]
				},
				"top": {
					"position": [0, 0.8, 0]
				},
				"eyelid_layer": {
					"position": [0, 1, 0]
				},
				"left": {
					"scale": [1, 1.86, 1]
				},
				"eye_layer_x2": {
					"scale": [1, 1.79, 1]
				},
				"top2": {
					"position": [0, 0.8, 0]
				},
				"eyelid_layer2": {
					"position": [0, 1, 0]
				},
				"eyeball_right": {
					"position": [0, 0, 0],
					"scale": [0.9, 0.9, 1]
				},
				"eyeball_left": {
					"position": [0, 0, 0],
					"scale": [0.9, 0.9, 1]
				}
			}
		},
		"animation.vindicator.swimming": {
			"loop": true,
			"animation_length": 2,
			"bones": {
				"Root": {
					"rotation": [8, 0, 0],
					"position": {
						"0.0": [0, -13, 0],
						"0.5": [0, -12.3, 0],
						"1.0": [0, -13, 0],
						"1.5": [0, -12.3, 0],
						"2.0": [0, -13, 0]
					}
				},
				"upper_body": {
					"rotation": {
						"0.0": [3, 0, 0],
						"0.5": [6, 0, 0],
						"1.0": [3, 0, 0],
						"1.5": [6, 0, 0],
						"2.0": [3, 0, 0]
					},
					"position": {
						"0.0": [0, 0, 0.5],
						"0.5": [0, -0.7, 0.2],
						"1.0": [0, 0, 0.5],
						"1.5": [0, -0.7, 0.2],
						"2.0": [0, 0, 0.5]
					}
				},
				"body": {
					"rotation": {
						"0.0": [0, 5, 0],
						"0.1667": [0, 7, 0],
						"1.0": [0, -5, 0],
						"1.1667": [0, -7, 0],
						"2.0": [0, 5, 0]
					}
				},
				"rightArm": {
					"rotation": {
						"0.0": [-82.18606, -31.61364, 125.02357],
						"0.4583": [-49.26945, -73.33497, 68.63654],
						"0.75": [29.31345, -54.52172, -0.0241],
						"1.25": [-14.9593, -22.7905, 76.4305],
						"1.5": [-42.57005, -14.8945, 83.3295],
						"1.6667": [-50.2334, -21.615, 80.8603],
						"1.7917": [-65.57553, -26.1598, 100.9345],
						"2.0": [-82.18606, -31.61364, 125.02357]
					},
					"position": {
						"0.0": [-1.7, -1.1, 0],
						"1.25": [-0.9, 0.2, 1],
						"2.0": [-1.7, -1.1, 0]
					}
				},
				"leg1": {
					"rotation": {
						"0.0": [34, 0, 0],
						"0.125": [38, 0, 0],
						"0.4167": [45, -0.85714, 0.12857],
						"1.0": [-18, -2, 0.3],
						"1.125": [-22, 0, -0.5],
						"1.4167": [-21.33333, 0, -0.4048],
						"2.0": [34, 0, 0]
					},
					"position": {
						"0.0": [0.15, 0, 0.6],
						"0.4167": [0.15, -1.4, -2.45],
						"1.0": [0.15, 0, -2.3],
						"1.4167": [0.15, -0.5, 0.05],
						"2.0": [0.15, 0, 0.6]
					}
				},
				"leg0": {
					"rotation": {
						"0.0": [-18, 2, -0.3],
						"0.125": [-22, 0, 0.5],
						"0.4167": [-21.33333, 0, 0.40476],
						"1.0": [34, 0, 0],
						"1.125": [38, 0, 0],
						"1.4167": [45, 0.8571, -0.1286],
						"2.0": [-18, 2, -0.3]
					},
					"position": {
						"0.0": [-0.15, 0, -2.3],
						"0.4167": [-0.15, -0.5, 0.05],
						"1.0": [-0.15, 0, 0.6],
						"1.4167": [-0.15, -1.4, -2.45],
						"2.0": [-0.15, 0, -2.3]
					}
				},
				"leftArm": {
					"rotation": {
						"0.0": [-82.1861, 31.6136, -125.0236],
						"0.4583": [-49.26945, 73.335, -68.6365],
						"0.75": [29.31345, 54.5217, -0.0241],
						"1.25": [-14.9593, 22.79047, -76.4305],
						"1.5": [-42.57005, 14.89453, -83.32952],
						"1.6667": [-50.2334, 21.61503, -80.86026],
						"1.7917": [-65.57553, 26.15983, -100.9345],
						"2.0": [-82.1861, 31.6136, -125.0236]
					},
					"position": {
						"0.0": [1.7, -1.1, 0],
						"1.25": [0.9, 0.2, 1],
						"2.0": [1.7, -1.1, 0]
					}
				},
				"head": {
					"rotation": {
						"0.0": [-6, 3, -0.7],
						"0.5": [-11, 0, 0],
						"1.0": [-6, -3, 0.7],
						"1.5": [-11, 0, 0],
						"2.0": [-6, 3, -0.7]
					},
					"position": {
						"0.0": [0, 0, -0.3],
						"1.0": [0, -0.15, -0.1],
						"2.0": [0, 0, -0.3]
					}
				},
				"nose": {
					"position": {
						"0.0": [0, 0, 0],
						"1.0": [0, 0.1, 0],
						"2.0": [0, 0, 0]
					}
				},
				"arms": {
					"scale": 0
				},
				"rightItem": {
					"scale": 0
				}
			}
		},
		"animation.vindicator.swimming_angry": {
			"loop": true,
			"animation_length": 2,
			"bones": {
				"arms": {
					"scale": 0
				},
				"rightArm": {
					"rotation": {
						"0.0": [-119.01617, 20.34074, 9.37994],
						"0.4583": [-114.01617, 20.34074, 9.37994],
						"1.0": [-119.01617, 20.34074, 9.37994],
						"1.5": [-114.01617, 20.34074, 9.37994],
						"2.0": [-119.01617, 20.34074, 9.37994]
					},
					"position": {
						"0.0": [-1, 0.7, 0],
						"1.0": [-1, 0.7, 0],
						"2.0": [-1, 0.7, 0]
					}
				},
				"leftArm": {
					"rotation": {
						"0.0": [-82.1861, 31.6136, -125.0236],
						"0.4583": [-49.26945, 73.335, -68.6365],
						"0.75": [29.31345, 54.5217, -0.0241],
						"1.25": [-14.9593, 22.79047, -76.4305],
						"1.5": [-42.57005, 14.89453, -83.32952],
						"1.6667": [-50.2334, 21.61503, -80.86026],
						"1.7917": [-65.57553, 26.15983, -100.9345],
						"2.0": [-82.1861, 31.6136, -125.0236]
					},
					"position": {
						"0.0": [1.7, -1.1, 0],
						"1.25": [0.9, 0.2, 1],
						"2.0": [1.7, -1.1, 0]
					}
				},
				"Root": {
					"rotation": [8, 0, 0],
					"position": {
						"0.0": [0, -13, 0],
						"0.5": [0, -12.3, 0],
						"1.0": [0, -13, 0],
						"1.5": [0, -12.3, 0],
						"2.0": [0, -13, 0]
					}
				},
				"upper_body": {
					"rotation": {
						"0.0": [3, 0, 0],
						"0.5": [6, 0, 0],
						"1.0": [3, 0, 0],
						"1.5": [6, 0, 0],
						"2.0": [3, 0, 0]
					},
					"position": {
						"0.0": [0, 0, 0.5],
						"0.5": [0, -0.7, 0.2],
						"1.0": [0, 0, 0.5],
						"1.5": [0, -0.7, 0.2],
						"2.0": [0, 0, 0.5]
					}
				},
				"head": {
					"rotation": {
						"0.0": [-6, 3, -0.7],
						"0.5": [-11, 0, 0],
						"1.0": [-6, -3, 0.7],
						"1.5": [-11, 0, 0],
						"2.0": [-6, 3, -0.7]
					},
					"position": {
						"0.0": [0, 0, -0.3],
						"1.0": [0, -0.15, -0.1],
						"2.0": [0, 0, -0.3]
					}
				},
				"nose": {
					"position": {
						"0.0": [0, 0, 0],
						"1.0": [0, 0.1, 0],
						"2.0": [0, 0, 0]
					}
				},
				"body": {
					"rotation": {
						"0.0": [0, 5, 0],
						"0.1667": [0, 7, 0],
						"1.0": [0, -5, 0],
						"1.1667": [0, -7, 0],
						"2.0": [0, 5, 0]
					}
				},
				"leg1": {
					"rotation": {
						"0.0": [34, 0, 0],
						"0.125": [38, 0, 0],
						"0.4167": [45, -0.85714, 0.12857],
						"1.0": [-18, -2, 0.3],
						"1.125": [-22, 0, -0.5],
						"1.4167": [-21.33333, 0, -0.4048],
						"2.0": [34, 0, 0]
					},
					"position": {
						"0.0": [0.15, 0, 0.6],
						"0.4167": [0.15, -1.4, -2.45],
						"1.0": [0.15, 0, -2.3],
						"1.4167": [0.15, -0.5, 0.05],
						"2.0": [0.15, 0, 0.6]
					}
				},
				"leg0": {
					"rotation": {
						"0.0": [-18, 2, -0.3],
						"0.125": [-22, 0, 0.5],
						"0.4167": [-21.33333, 0, 0.40476],
						"1.0": [34, 0, 0],
						"1.125": [38, 0, 0],
						"1.4167": [45, 0.8571, -0.1286],
						"2.0": [-18, 2, -0.3]
					},
					"position": {
						"0.0": [-0.15, 0, -2.3],
						"0.4167": [-0.15, -0.5, 0.05],
						"1.0": [-0.15, 0, 0.6],
						"1.4167": [-0.15, -1.4, -2.45],
						"2.0": [-0.15, 0, -2.3]
					}
				}
			}
		},
		"animation.vindicator.swimming_attack": {
			"loop": "hold_on_last_frame",
			"animation_length": 1.75,
			"bones": {
				"Root": {
					"rotation": [8, 0, 0],
					"position": {
						"0.0": [0, -13, 0],
						"0.4167": [0, -12.3, 0],
						"0.9167": [0, -13, 0],
						"1.3333": [0, -12.3, 0],
						"1.75": [0, -13, 0]
					}
				},
				"upper_body": {
					"rotation": {
						"0.0": [3, 0, 0],
						"0.125": [13.5, 0, 0],
						"0.5": [6, 0, 0],
						"0.9583": [3, 0, 0],
						"1.375": [6, 0, 0],
						"1.75": [3, 0, 0]
					},
					"position": {
						"0.0": [0, 0, 0.5],
						"0.5": [0, -0.7, 0.2],
						"0.9583": [0, 0, 0.5],
						"1.375": [0, -0.7, 0.2],
						"1.75": [0, 0, 0.5]
					}
				},
				"head": {
					"rotation": {
						"0.0": [-9, 0, 0],
						"0.0833": [-15, 0, 0],
						"0.2083": [-1, 0, 0],
						"0.3333": [-9, 0, 0]
					},
					"position": {
						"0.0": [0, 0, -0.3],
						"0.9167": [0, -0.15, -0.1],
						"1.75": [0, 0, -0.3]
					}
				},
				"nose": {
					"rotation": {
						"0.0": [-0.99939, 0.0349, 0],
						"0.125": [-35, 0, 0],
						"0.2083": [7.53333, 0, 0],
						"0.375": [-7.96995, -0.695, 0],
						"0.5417": [0, 0, 0]
					},
					"position": {
						"0.9167": [0, 0.1, 0],
						"1.75": [0, 0, 0]
					}
				},
				"arms": {
					"scale": 0
				},
				"rightArm": {
					"rotation": {
						"0.0": [-119.01617, 20.34074, 9.37994],
						"0.0417": [-146.10708, 20.34074, 9.37994],
						"0.1667": [-55.94599, -5.55526, -1.4562],
						"0.4583": [-114.01617, 20.34074, 9.37994],
						"0.9167": [-119.01617, 20.34074, 9.37994],
						"1.3333": [-114.01617, 20.34074, 9.37994],
						"1.75": [-119.01617, 20.34074, 9.37994]
					},
					"position": {
						"0.0": [-1, 0.7, 0],
						"0.1667": [-0.8, -0.6, 0],
						"0.9167": [-1, 0.7, 0],
						"1.75": [-1, 0.7, 0]
					}
				},
				"rightItem": {
					"rotation": {
						"0.0": [0, 0, 0],
						"0.1667": [42.5, 0, 0],
						"0.25": [0, 0, 0]
					}
				},
				"leftArm": {
					"rotation": {
						"0.0": [-82.1861, 31.6136, -125.0236],
						"0.25": [37.18335, 63.65709, -16.72793],
						"0.625": [29.31345, 54.5217, -0.0241],
						"1.0": [-14.9593, 22.79047, -76.4305],
						"1.25": [-50.2334, 21.61503, -80.86026],
						"1.4583": [-65.57553, 26.15983, -100.9345],
						"1.7083": [-82.1861, 31.6136, -125.0236]
					},
					"position": {
						"0.0": [0.9, -1.1, 0],
						"0.25": [0.9, -0.94, 1.13],
						"1.0": [0.9, 0.2, 1],
						"1.7083": [0.9, -1.1, 0]
					}
				},
				"body": {
					"rotation": {
						"0.0": [0, 5, 0],
						"0.125": [0, 7, 0],
						"1.0": [0, -5, 0],
						"1.125": [0, -7, 0],
						"1.75": [0, 5, 0]
					}
				},
				"leg1": {
					"rotation": {
						"0.0": [34, 0, 0],
						"0.125": [38, 0, 0],
						"0.3333": [45, -0.85714, 0.12857],
						"0.875": [-18, -2, 0.3],
						"1.0": [-22, 0, -0.5],
						"1.2083": [-21.33333, 0, -0.4048],
						"1.75": [34, 0, 0]
					},
					"position": {
						"0.0": [0.15, 0, 0.6],
						"0.3333": [0.15, -1.4, -2.45],
						"0.875": [0.15, 0, -2.3],
						"1.2083": [0.15, -0.5, 0.05],
						"1.75": [0.15, 0, 0.6]
					}
				},
				"leg0": {
					"rotation": {
						"0.0": [-18, 2, -0.3],
						"0.125": [-22, 0, 0.5],
						"0.3333": [-21.33333, 0, 0.40476],
						"0.875": [34, 0, 0],
						"1.0": [38, 0, 0],
						"1.2083": [45, 0.8571, -0.1286],
						"1.75": [-18, 2, -0.3]
					},
					"position": {
						"0.0": [-0.15, 0, -2.3],
						"0.3333": [-0.15, -0.5, 0.05],
						"0.875": [-0.15, 0, 0.6],
						"1.2083": [-0.15, -1.4, -2.45],
						"1.75": [-0.15, 0, -2.3]
					}
				}
			}
		},
		"animation.vindicator.ride_leg": {
			"loop": true,
			"bones": {
				"leg1": {
					"rotation": ["-72.0 - this", "-18.0 - this", "-this"]
				},
				"leg0": {
					"rotation": ["-72.0 - this", "18.0 - this", "-this"]
				}
			}
		},
		"animation.vindicator.ride_arms": {
			"loop": true,
			"animation_length": 3,
			"bones": {
				"upper_body": {
					"rotation": {
						"0.0": [-1.5, 0, 0],
						"3.0": [-1.5, 0, 0]
					},
					"position": {
						"0.0": [0, -0.15, 0],
						"1.5": [0, 0.3, 0],
						"3.0": [0, -0.15, 0]
					}
				},
				"head": {
					"rotation": {
						"0.0": [3, 0, 0],
						"0.25": [3.2, 0, 0],
						"1.5": [1.5, 0, 0],
						"1.75": [1.8, 0, 0],
						"3.0": [3, 0, 0]
					},
					"position": {
						"0.0": [0, 0, -0.2],
						"0.25": [0, 0, -0.2],
						"1.5": [0, -0.08, -0.2],
						"1.75": [0, -0.08, -0.2],
						"3.0": [0, 0, -0.2]
					}
				},
				"nose": {
					"rotation": [0, 0, "math.clamp(-variable.eye_target_x, -140, 140)*0.175"],
					"position": {
						"0.0": [0, 0, 0],
						"1.5": [0, 0.1, 0],
						"3.0": [0, 0, 0]
					}
				},
				"arms": {
					"scale": 0
				},
				"rightArm": {
					"rotation": {
						"0.0": [3.98552, -2.11731, 8.53583],
						"1.5": [3.90934, -2.25501, 10.0325],
						"3.0": [3.98552, -2.11731, 8.53583]
					},
					"position": {
						"0.0": [-0.15, -0.3, 0],
						"0.3333": [-0.15, -0.34, 0],
						"1.5": [-0.15, -0.2, 0],
						"1.8333": [-0.15, -0.06, 0],
						"3.0": [-0.15, -0.3, 0]
					}
				},
				"leftArm": {
					"rotation": {
						"0.0": [1.00243, 1.99513, -3.86043],
						"1.5": [0.96745, 2.01232, -5.3609],
						"3.0": [1.00243, 1.99513, -3.86043]
					},
					"position": {
						"0.0": [0.3, -0.1, 0],
						"0.3333": [0.3, -0.24, 0],
						"1.5": [0.3, 0, 0],
						"1.8333": [0.3, 0.14, 0],
						"3.0": [0.3, -0.1, 0]
					}
				},
				"body1": {
					"scale": {
						"0.0": [1, 1, 1],
						"1.5": [1, 1, 1.025],
						"3.0": [1, 1, 1]
					}
				}
			}
		},
		"animation.vindicator.ride_arms_angry": {
			"loop": true,
			"animation_length": 2.58333,
			"bones": {
				"upper_body": {
					"rotation": [-0.05, 0, 0],
					"position": {
						"0.0": [0, 0, 0],
						"1.3333": [0, 0.3, 0],
						"2.5833": [0, 0, 0]
					}
				},
				"head": {
					"rotation": {
						"0.0": [3, 0, 0],
						"0.25": [3.2, 0, 0],
						"1.3333": [1.5, 0, 0],
						"1.5833": [1.8, 0, 0],
						"2.5833": [3, 0, 0]
					},
					"position": {
						"0.0": [0, 0, -0.2],
						"0.25": [0, 0, -0.2],
						"1.3333": [0, -0.08, -0.2],
						"1.5833": [0, -0.08, -0.2],
						"2.5833": [0, 0, -0.2]
					}
				},
				"nose": {
					"rotation": [0, 0, "math.clamp(-variable.eye_target_x, -140, 140)*0.175"],
					"position": {
						"0.0": [0, 0, 0],
						"1.3333": [0, 0.1, 0],
						"2.5833": [0, 0, 0]
					}
				},
				"arms": {
					"scale": 0
				},
				"rightArm": {
					"rotation": {
						"0.0": [-141.35442, 5.10732, -6.91724],
						"1.3333": [-144.35442, 5.10732, -6.91724],
						"2.5833": [-141.35442, 5.10732, -6.91724]
					},
					"position": {
						"0.0": [0, 0.4, -0.2],
						"0.4167": [0, 0.3, -0.2],
						"1.3333": [0, 0.4, -0.2],
						"1.7917": [0, 0.55, -0.2],
						"2.5833": [0, 0.4, -0.2]
					}
				},
				"rightItem": {
					"rotation": [40, 0, 0],
					"position": [0.7, -0.7, -0.4]
				},
				"leftArm": {
					"rotation": {
						"0.0": [0.92465, -4.60262, -4.82008],
						"1.3333": [0.00516, -4.60324, -5.82332],
						"2.5833": [0.92465, -4.60262, -4.82008]
					},
					"position": {
						"0.0": [0.3, -0.2, -0.2],
						"0.4167": [0.3, -0.3, -0.2],
						"1.3333": [0.3, -0.2, -0.2],
						"1.7917": [0.3, -0.05, -0.2],
						"2.5833": [0.3, -0.2, -0.2]
					}
				}
			}
		},
		"animation.vindicator.ride_arms_attack": {
			"loop": "hold_on_last_frame",
			"animation_length": 0.33333,
			"bones": {
				"upper_body": {
					"rotation": {
						"0.0": [-0.05, 0, 0],
						"0.125": [1.95, 0, 0],
						"0.2083": [-0.05, 0, 0]
					},
					"position": {
						"0.0": [0, 0, 0],
						"0.2083": [0, 0, 0]
					}
				},
				"head": {
					"rotation": {
						"0.0": ["6+query.target_x_rotation", "query.target_y_rotation", 0],
						"0.0833": [11, "query.target_y_rotation", 0],
						"0.2083": ["6+query.target_x_rotation", "query.target_y_rotation", 0]
					}
				},
				"nose": {
					"rotation": {
						"0.0": [0, 0, 0],
						"0.125": [-19, 0, 0],
						"0.2083": [5, 0, 0],
						"0.3333": [0, 0, 0]
					},
					"position": {
						"0.0": [0, 0, 0],
						"0.2083": [0, 0, 0],
						"0.3333": [0, 0, 0]
					}
				},
				"arms": {
					"scale": 0
				},
				"rightArm": {
					"rotation": {
						"0.0": [-141.35442, 5.10732, -6.91724],
						"0.0833": [-52.70709, 0.34514, -30.20739],
						"0.2083": [-141.35442, 5.10732, -6.91724]
					},
					"position": {
						"0.0": [0, 0.4, -0.2],
						"0.0833": [0, -0.9, -2.1],
						"0.2083": [0, 0.4, -0.2]
					}
				},
				"rightItem": {
					"rotation": {
						"0.0": [0, 0, 0],
						"0.0833": [73, 0, 0],
						"0.2917": [0, 0, 0]
					},
					"position": [1.1, -1, 0]
				},
				"leftArm": {
					"rotation": {
						"0.0": [0.92465, -4.60262, -4.82008],
						"0.0833": [8.40838, -6.44517, -9.98339],
						"0.2083": [0.92465, -4.60262, -4.82008]
					},
					"position": {
						"0.0": [0.3, -0.2, -0.2],
						"0.2083": [0.3, -0.2, -0.2]
					}
				}
			}
		},
		"animation.vindicator.hurt": {
			"animation_length": 0.41667,
			"bones": {
				"upper_body": {
					"rotation": {
						"0.0": [0, 0, 0],
						"0.125": [-0.4557, -1.0383, -0.8913],
						"0.2917": [3, 0, 0],
						"0.375": [0, 0, 0]
					},
					"position": {
						"0.0": [0, 0, 0],
						"0.1667": [0, -1.5, 1.4],
						"0.375": [0, 0, 0]
					}
				},
				"head": {
					"rotation": {
						"0.0": [0, 0, 0],
						"0.0833": [-16.93902, -1.46016, -5.7826],
						"0.2083": [17.14, 0, 0],
						"0.375": [0, 0, 0]
					},
					"position": {
						"0.0": [0, 0, 0],
						"0.0833": [0, 0, 0.8],
						"0.2917": [0, 0, 0.6],
						"0.375": [0, 0, 0]
					}
				},
				"nose": {
					"rotation": {
						"0.0": [0, 0, 0],
						"0.0417": [17.25, 0, 0],
						"0.125": [-0.92, 0, 0],
						"0.2083": [-48, 0, 0],
						"0.3333": [13, 0, 0],
						"0.4167": [0, 0, 0]
					},
					"position": {
						"0.0": [0, 0, 0],
						"0.2083": [0, 0, 0.5],
						"0.4167": [0, 0, 0]
					}
				},
				"eyebrown_right": {
					"rotation": {
						"0.0": [0, 0, 0],
						"0.3333": [0, 0, 0]
					},
					"position": {
						"0.0": [0, 0.6, 0],
						"0.3333": [0, 0.6, 0],
						"0.4167": [0, 0, 0]
					}
				},
				"eyebrown_left": {
					"rotation": {
						"0.0": [0, 0, 0],
						"0.3333": [0, 0, 0]
					},
					"position": {
						"0.0": [0, 0.6, 0],
						"0.3333": [0, 0.6, 0],
						"0.4167": [0, 0, 0]
					}
				},
				"right": {
					"scale": {
						"0.0": [1, 1.83, 1],
						"0.2917": [1, 1.83, 1]
					}
				},
				"eye_layer_x": {
					"scale": {
						"0.0": [1, 1.82, 1],
						"0.2917": [1, 1.82, 1]
					}
				},
				"top": {
					"position": {
						"0.0": [0, 0.8, 0],
						"0.2917": [0, 0.8, 0]
					}
				},
				"eyelid_layer": {
					"position": {
						"0.0": [0, 0.8, 0],
						"0.2917": [0, 0.8, 0]
					}
				},
				"left": {
					"scale": {
						"0.0": [1, 1.83, 1],
						"0.2917": [1, 1.83, 1]
					}
				},
				"eye_layer_x2": {
					"scale": {
						"0.0": [1, 1.82, 1],
						"0.2917": [1, 1.82, 1]
					}
				},
				"top2": {
					"position": {
						"0.0": [0, 0.8, 0],
						"0.2917": [0, 0.8, 0]
					}
				},
				"eyelid_layer2": {
					"position": {
						"0.0": [0, 0.8, 0],
						"0.2917": [0, 0.8, 0]
					}
				},
				"eyelid_left": {
					"position": {
						"0.0": [0, 0.8, 0],
						"0.3333": [0, 0.8, 0],
						"0.4167": [0, 0, 0]
					}
				},
				"eyelid_right": {
					"position": {
						"0.0": [0, 0.8, 0],
						"0.3333": [0, 0.8, 0],
						"0.4167": [0, 0, 0]
					}
				},
				"eyeball_right": {
					"scale": {
						"0.0": [0.7, 0.7, 1],
						"0.2917": [0.7, 0.7, 1],
						"0.375": [1, 1, 1]
					}
				},
				"eyeball_left": {
					"scale": {
						"0.0": [0.7, 0.7, 1],
						"0.2917": [0.7, 0.7, 1],
						"0.375": [1, 1, 1]
					}
				},
				"rightArm": {
					"rotation": {
						"0.0": [0, 0, 0],
						"0.125": [-55, 0, 0],
						"0.2917": [0, 0, 0]
					},
					"position": {
						"0.0": [0, 0, 0],
						"0.1667": [0, -1.6, 0],
						"0.2917": [0, 0, 0]
					}
				},
				"leftArm": {
					"rotation": {
						"0.0": [0, 0, 0],
						"0.125": [-55, 0, 0],
						"0.2917": [0, 0, 0]
					},
					"position": {
						"0.0": [0, 0, 0],
						"0.1667": [0, -1.5, 0],
						"0.2917": [0, 0, 0]
					}
				}
			}
		},
		"animation.vindicator.hurt2": {
			"animation_length": 0.41667,
			"bones": {
				"upper_body": {
					"rotation": {
						"0.0": [0, 0, 0],
						"0.125": [0.4557, -1.0383, 0.8913],
						"0.2917": [-3, 0, 0],
						"0.375": [0, 0, 0]
					},
					"position": {
						"0.0": [0, 0, 0],
						"0.1667": [0, -1.5, -1.4],
						"0.375": [0, 0, 0]
					}
				},
				"head": {
					"rotation": {
						"0.0": [0, 0, 0],
						"0.0833": [16.93902, -1.46016, 6.1826],
						"0.2083": [-17.14, 0, 0],
						"0.375": [0, 0, 0]
					},
					"position": {
						"0.0": [0, 0, 0],
						"0.0833": [0, 0, -0.8],
						"0.2917": [0, 0, -0.6],
						"0.375": [0, 0, 0]
					}
				},
				"nose": {
					"rotation": {
						"0.0": [0, 0, 0],
						"0.0833": [-25.75, 0, 0],
						"0.2083": [-48, 0, 0],
						"0.3333": [13, 0, 0],
						"0.4167": [0, 0, 0]
					},
					"position": {
						"0.0": [0, 0, 0],
						"0.2083": [0, 0, 0.5],
						"0.4167": [0, 0, 0]
					}
				},
				"eyebrown_right": {
					"rotation": {
						"0.0": [0, 0, 0],
						"0.3333": [0, 0, 0]
					},
					"position": {
						"0.0": [0, 0.6, 0],
						"0.3333": [0, 0.6, 0],
						"0.4167": [0, 0, 0]
					}
				},
				"eyebrown_left": {
					"rotation": {
						"0.0": [0, 0, 0],
						"0.3333": [0, 0, 0]
					},
					"position": {
						"0.0": [0, 0.6, 0],
						"0.3333": [0, 0.6, 0],
						"0.4167": [0, 0, 0]
					}
				},
				"right": {
					"scale": {
						"0.0": [1, 1.83, 1],
						"0.2917": [1, 1.83, 1]
					}
				},
				"eye_layer_x": {
					"scale": {
						"0.0": [1, 1.82, 1],
						"0.2917": [1, 1.82, 1]
					}
				},
				"top": {
					"position": {
						"0.0": [0, 0.8, 0],
						"0.2917": [0, 0.8, 0]
					}
				},
				"eyelid_layer": {
					"position": {
						"0.0": [0, 0.8, 0],
						"0.2917": [0, 0.8, 0]
					}
				},
				"left": {
					"scale": {
						"0.0": [1, 1.83, 1],
						"0.2917": [1, 1.83, 1]
					}
				},
				"eye_layer_x2": {
					"scale": {
						"0.0": [1, 1.82, 1],
						"0.2917": [1, 1.82, 1]
					}
				},
				"top2": {
					"position": {
						"0.0": [0, 0.8, 0],
						"0.2917": [0, 0.8, 0]
					}
				},
				"eyelid_layer2": {
					"position": {
						"0.0": [0, 0.8, 0],
						"0.2917": [0, 0.8, 0]
					}
				},
				"eyelid_left": {
					"position": {
						"0.0": [0, 0.8, 0],
						"0.3333": [0, 0.8, 0],
						"0.4167": [0, 0, 0]
					}
				},
				"eyelid_right": {
					"position": {
						"0.0": [0, 0.8, 0],
						"0.3333": [0, 0.8, 0],
						"0.4167": [0, 0, 0]
					}
				},
				"eyeball_right": {
					"scale": {
						"0.0": [0.7, 0.7, 1],
						"0.2917": [0.7, 0.7, 1],
						"0.375": [1, 1, 1]
					}
				},
				"eyeball_left": {
					"scale": {
						"0.0": [0.7, 0.7, 1],
						"0.2917": [0.7, 0.7, 1],
						"0.375": [1, 1, 1]
					}
				},
				"rightArm": {
					"rotation": {
						"0.0": [0, 0, 0],
						"0.125": [-55, 0, 0],
						"0.2917": [0, 0, 0]
					},
					"position": {
						"0.0": [0, 0, 0],
						"0.1667": [0, -1.6, 0],
						"0.2917": [0, 0, 0]
					}
				},
				"leftArm": {
					"rotation": {
						"0.0": [0, 0, 0],
						"0.125": [-55, 0, 0],
						"0.2917": [0, 0, 0]
					},
					"position": {
						"0.0": [0, 0, 0],
						"0.1667": [0, -1.5, 0],
						"0.2917": [0, 0, 0]
					}
				}
			}
		},
		"animation.vindicator.death_face": {
			"loop": "hold_on_last_frame",
			"animation_length": 0.16667,
			"bones": {
				"eyebrown_right": {
					"position": {
						"0.0": [0, 0, 0],
						"0.1667": [0, -0.2, 0]
					}
				},
				"eyebrown_left": {
					"position": {
						"0.0": [0, 0, 0],
						"0.1667": [0, -0.2, 0]
					}
				},
				"eyelid_left": {
					"position": {
						"0.0": [0, 0, 0],
						"0.1667": [0, -1, 0]
					}
				},
				"eyelid_right": {
					"position": {
						"0.0": [0, 0, 0],
						"0.1667": [0, -1, 0]
					}
				}
			}
		},
		"animation.vindicator.looking": {
			"loop": "hold_on_last_frame",
			"animation_length": 1.75,
			"bones": {
				"head": {
					"rotation": ["query.target_x_rotation", "query.target_y_rotation", "math.clamp(query.target_y_rotation, -55, 55)*0.09"]
				},
				"nose": {
					"rotation": [0, 0, "math.clamp(-variable.eye_target_x, -140, 140)*0.175"]
				},
				"body": {
					"rotation": [0, "math.clamp(query.target_y_rotation, -35, 35)*0.188", "math.clamp(query.target_y_rotation, -5, 5)*-0.024"]
				},
				"eyeball_right": {
					"position": ["math.clamp(-variable.eye_target_x, -290, 15)*0.0092", "-variable.eye_target_y*0.008", 0]
				},
				"eyeball_left": {
					"position": ["math.clamp(-variable.eye_target_x, -15, 290)*0.0092", "-variable.eye_target_y*0.008", 0]
				}
			}
		}
	}
}