{
	"format_version": "1.8.0",
	"animations": {
		"animation.witch.base": {
			"loop": true,
			"animation_length": 3,
			"bones": {
				"upper_body": {
					"rotation": {
						"0.0": [4.4, 0, 0],
						"1.5": [3.5, 0, 0],
						"3.0": [4.4, 0, 0]
					},
					"position": {
						"0.0": [0, 0, 0],
						"1.5": [0, 0.3, 0],
						"3.0": [0, 0, 0]
					}
				},
				"arms": {
					"rotation": {
						"0.0": [-52.00436, 0.70709, 0],
						"0.6667": [-48.6919, 0.70709, 0],
						"1.5": [-52.0044, 0.70709, 0],
						"2.2083": [-56.6919, 0.70709, 0],
						"3.0": [-52.00436, 0.70709, 0]
					},
					"position": {
						"0.0": [0, -1.9, -0.5],
						"0.4167": [0, -2.01, -0.5],
						"1.5": [0, -1.7, -0.5],
						"3.0": [0, -1.9, -0.5]
					}
				},
				"head": {
					"rotation": {
						"0.0": [1.8, 0, 0],
						"0.25": [2.1, 0, 0],
						"1.5": [-0.4, 0, 0],
						"1.75": [-1, 0, 0],
						"3.0": [1.8, 0, 0]
					},
					"position": {
						"0.0": [0, -0.1, -0.5],
						"0.25": [0, -0.1, -0.5],
						"1.5": [0, -0.14, -0.6],
						"1.75": [0, -0.14, -0.6],
						"3.0": [0, -0.1, -0.5]
					}
				},
				"nose": {
					"position": {
						"0.0": [0, 0, 0],
						"1.5": [0, 0.06, 0],
						"3.0": [0, 0, 0]
					}
				},
				"leg0": {
					"rotation": [-0.8, 4, 0.4],
					"position": [-0.26, 0, -0.5]
				},
				"leg1": {
					"rotation": [2.00918, -6.49816, -0.50533],
					"position": [0.06, 0, -0.1]
				},
				"body1": {
					"scale": {
						"0.0": [1, 1, 1],
						"1.5": [1, 1, 1.025],
						"3.0": [1, 1, 1]
					}
				}
			}
		},
		"animation.witch.walking": {
			"loop": true,
			"animation_length": 1.5,
			"anim_time_update": "query.modified_distance_moved * 0.185",
			"bones": {
				"Root": {
					"position": {
						"0.0": [0, 0, 0],
						"0.0833": [0, 0.4, 0],
						"0.1667": [0, 0.29, 0],
						"0.75": [0, 0, 0],
						"0.8333": [0, 0.4, 0],
						"0.9167": [0, 0.29, 0],
						"1.5": [0, 0, 0]
					}
				},
				"upper_body": {
					"rotation": {
						"0.0": [8.99865, 0.15643, -1.11],
						"0.75": [6.49902, -0.1132, 1.11],
						"1.5": [8.99865, 0.15643, -1.11]
					},
					"position": {
						"0.0": [0, -0.5, 0],
						"0.1667": [0, -0.7, 0],
						"0.375": [0, 0.5, 0.5],
						"0.5417": [0, 0.7, 0.5],
						"0.75": [0, -0.5, 0],
						"0.9167": [0, -0.7, 0],
						"1.125": [0, 0.5, 0.5],
						"1.2917": [0, 0.7, 0.5],
						"1.5": [0, -0.5, 0]
					}
				},
				"arms": {
					"rotation": {
						"0.0": [-66.00303, 0, 0],
						"0.25": [-58.003, 0, 0],
						"0.5": [-69.5, 0, 0],
						"0.7917": [-66.00303, 0, 0],
						"1.0417": [-58.003, 0, 0],
						"1.2917": [-69.5, 0, 0],
						"1.5": [-66.00303, 0, 0]
					},
					"position": {
						"0.0": [0, -1.9, -0.9],
						"0.25": [0, -2.2, -0.9],
						"0.5": [0, -1.71, -0.9],
						"0.7917": [0, -1.9, -0.9],
						"1.0417": [0, -2.2, -0.9],
						"1.2917": [0, -1.71, -0.9],
						"1.5": [0, -1.9, -0.9]
					}
				},
				"head": {
					"rotation": {
						"0.0": [-5.2988, 0.0698, -0.7988],
						"0.375": [-1.6012, 0.0698, 0],
						"0.75": [-5.2988, -0.0698, 0.7988],
						"1.125": [-1.6012, 0.0698, 0],
						"1.5": [-5.2988, 0.0698, -0.7988]
					},
					"position": {
						"0.0": [0, 0, -0.8],
						"0.375": [0, -0.2, -0.9],
						"0.75": [0, 0, -0.8],
						"1.125": [0, -0.2, -0.9],
						"1.5": [0, 0, -0.8]
					}
				},
				"nose": {
					"rotation": {
						"0.0": [-1, 0, -3],
						"0.1667": [-1, 0, -3.5],
						"0.75": [-1, 0, 3],
						"0.9167": [-1, 0, 3.5],
						"1.5": [-1, 0, -3]
					},
					"position": {
						"0.0": [0, 0, 0],
						"0.1667": [0, 0, 0],
						"0.75": [0, 0, 0],
						"0.9167": [0, 0, 0],
						"1.5": [0, 0, 0]
					}
				},
				"leg0": {
					"rotation": {
						"0.0": [-11.94565, 3.8527, -0.62411],
						"0.75": [11.99, 0, 0.4],
						"1.0": [21.5, 0, 0],
						"1.5": [-11.94565, 3.8527, -0.62411]
					},
					"position": {
						"0.0": [-0.2, 0, -1.5],
						"0.75": [0, 0, -0.1],
						"1.0": [0, 1.5, -2.03],
						"1.2083": [0.25, 1.1, -2.11],
						"1.5": [-0.2, 0, -1.5]
					}
				},
				"leg1": {
					"rotation": {
						"0.0": [11.99845, 0.37681, -0.93447],
						"0.25": [21.5, 0, 0],
						"0.75": [-12.33119, -0.53457, -0.95637],
						"1.5": [11.99845, 0.37681, -0.93447]
					},
					"position": {
						"0.0": [0, 0, -0.15],
						"0.25": [0, 1.5, -2.03],
						"0.4583": [0.25, 1.1, -2.11],
						"0.75": [0.4, 0, -1.3],
						"1.5": [0, 0, -0.15]
					}
				},
				"hat2": {
					"rotation": {
						"0.0": [0, 0, 0],
						"0.1667": [-1, 0, 0],
						"0.75": [5, 0, 0],
						"0.9583": [7, 0, 0],
						"1.5": [0, 0, 0]
					}
				},
				"hat3": {
					"rotation": {
						"0.0": [0, 0, 0],
						"0.1667": [-1, 0, 0],
						"0.75": [5, 0, 0],
						"0.9583": [7, 0, 0],
						"1.5": [0, 0, 0]
					}
				},
				"hat4": {
					"rotation": {
						"0.0": [0, 0, 0],
						"0.1667": [-1, 0, 0],
						"0.75": [5, 0, 0],
						"0.9583": [7, 0, 0],
						"1.5": [0, 0, 0]
					}
				},
				"body": {
					"rotation": {
						"0.0": [0, 0.9, 0],
						"0.75": [0, -0.4, 0],
						"1.5": [0, 0.4, 0]
					},
					"position": {
						"0.0": [0, 0, 0],
						"0.375": [0, 0, -0.3],
						"0.75": [0, 0, 0],
						"1.125": [0, 0, -0.3],
						"1.5": [0, 0, 0]
					}
				}
			}
		},
		"animation.witch.base_face": {
			"loop": true,
			"animation_length": 10,
			"bones": {
				"right": {
					"scale": [1, 2.03, 1]
				},
				"eye_layer_x": {
					"scale": [1, 2.05, 1]
				},
				"top": {
					"position": [0, 1, 0]
				},
				"left": {
					"scale": [1, 2.03, 1]
				},
				"eye_layer_x2": {
					"scale": [1, 2.05, 1]
				},
				"top2": {
					"position": [0, 1, 0]
				},
				"eyelid_right": {
					"position": {
						"1.0": [
							0,
							"math.clamp(-variable.eye_target_x, -40, 0)*-0.0065+math.clamp(variable.eye_target_y, 0, 90)*-0.0065+math.clamp(variable.eye_target_y, -140, 0)*-0.021+math.clamp(-variable.eye_target_x, 0, 40)*0.0065",
							0
						],
						"1.125": [0, -1, 0],
						"1.2917": [
							0,
							"math.clamp(-variable.eye_target_x, -40, 0)*-0.0065+math.clamp(variable.eye_target_y, 0, 90)*-0.0065+math.clamp(variable.eye_target_y, -140, 0)*-0.021+math.clamp(-variable.eye_target_x, 0, 40)*0.0065",
							0
						],
						"6.5": [
							0,
							"math.clamp(-variable.eye_target_x, -40, 0)*-0.0065+math.clamp(variable.eye_target_y, 0, 90)*-0.0065+math.clamp(variable.eye_target_y, -140, 0)*-0.021+math.clamp(-variable.eye_target_x, 0, 40)*0.0065",
							0
						],
						"6.625": [0, -1, 0],
						"6.7917": [
							0,
							"math.clamp(-variable.eye_target_x, -40, 0)*-0.0065+math.clamp(variable.eye_target_y, 0, 90)*-0.0065+math.clamp(variable.eye_target_y, -140, 0)*-0.021+math.clamp(-variable.eye_target_x, 0, 40)*0.0065",
							0
						]
					},
					"scale": {
						"1.0": [1, 1.83, 1],
						"1.125": [1, 2.03, 1],
						"1.2917": [1, 1.83, 1],
						"6.5": [1, 1.83, 1],
						"6.625": [1, 2.03, 1],
						"6.7917": [1, 1.83, 1]
					}
				},
				"eyelid_left": {
					"position": {
						"1.0": [
							0,
							"math.clamp(-variable.eye_target_x, 0, 40)*0.0065+math.clamp(variable.eye_target_y, 0, 90)*-0.0065+math.clamp(variable.eye_target_y, -140, 0)*-0.021+math.clamp(-variable.eye_target_x, -40, 0)*-0.0065",
							0
						],
						"1.125": [0, -1, 0],
						"1.2917": [
							0,
							"math.clamp(-variable.eye_target_x, 0, 40)*0.0065+math.clamp(variable.eye_target_y, 0, 90)*-0.0065+math.clamp(variable.eye_target_y, -140, 0)*-0.021+math.clamp(-variable.eye_target_x, -40, 0)*-0.0065",
							0
						],
						"6.5": [
							0,
							"math.clamp(-variable.eye_target_x, 0, 40)*0.0065+math.clamp(variable.eye_target_y, 0, 90)*-0.0065+math.clamp(variable.eye_target_y, -140, 0)*-0.021+math.clamp(-variable.eye_target_x, -40, 0)*-0.0065",
							0
						],
						"6.625": [0, -1, 0],
						"6.7917": [
							0,
							"math.clamp(-variable.eye_target_x, 0, 40)*0.0065+math.clamp(variable.eye_target_y, 0, 90)*-0.0065+math.clamp(variable.eye_target_y, -140, 0)*-0.021+math.clamp(-variable.eye_target_x, -40, 0)*-0.0065",
							0
						]
					},
					"scale": {
						"1.0": [1, 1.83, 1],
						"1.125": [1, 2.03, 1],
						"1.2917": [1, 1.83, 1],
						"6.5": [1, 1.83, 1],
						"6.625": [1, 2.03, 1],
						"6.7917": [1, 1.83, 1]
					}
				},
				"eyebrown": {
					"position": [
						0,
						"math.clamp(-variable.eye_target_x, -45, 0)*0.0058+math.clamp(variable.eye_target_y, -55, 0)*-0.0088+math.clamp(variable.eye_target_y, 0, 77)*-0.0065+math.clamp(-variable.eye_target_x, 0, 45)*-0.0058",
						0
					]
				}
			}
		},
		"animation.witch.sleep_face": {
			"loop": "hold_on_last_frame",
			"animation_length": 0.20833,
			"bones": {
				"right": {
					"scale": [1, 2.03, 1]
				},
				"eye_layer_x": {
					"scale": [1, 2.05, 1]
				},
				"top": {
					"position": [0, 1, 0]
				},
				"left": {
					"scale": [1, 2.03, 1]
				},
				"eye_layer_x2": {
					"scale": [1, 2.05, 1]
				},
				"top2": {
					"position": [0, 1, 0]
				},
				"eyelid_right": {
					"position": {
						"0.0": [0, 0, 0],
						"0.2083": [0, -1, 0]
					},
					"scale": [1, 2.03, 1]
				},
				"eyelid_left": {
					"position": {
						"0.0": [0, 0, 0],
						"0.2083": [0, -1, 0]
					},
					"scale": [1, 2.03, 1]
				},
				"eyebrown": {
					"position": {
						"0.0": [0, 0, 0],
						"0.2083": [0, -0.1, 0]
					}
				}
			}
		},
		"animation.witch.sleep_bed": {
			"loop": true,
			"animation_length": 2.375,
			"bones": {
				"Root": {
					"rotation": [-90, 0, 0],
					"position": [0, 1.8, -15]
				},
				"upper_body": {
					"position": {
						"0.0": [0, 0, 0],
						"1.1667": [0, 0, -0.19],
						"2.375": [0, 0, 0]
					}
				},
				"arms": {
					"rotation": {
						"0.0": [-52.00436, 0.70709, 0],
						"1.1667": [-53.00436, 0.70709, 0],
						"2.375": [-52.00436, 0.70709, 0]
					},
					"position": {
						"0.0": [0, -1.3, -0.5],
						"1.1667": [0, -1.3, -0.7],
						"2.375": [0, -1.3, -0.5]
					}
				},
				"nose": {
					"position": {
						"0.0": [0, 0, 0],
						"1.125": [0, 0.1, 0],
						"2.375": [0, 0, 0]
					}
				},
				"leg0": {
					"rotation": [0, 3.5, 0],
					"position": [-0.1, 0, 0]
				},
				"leg1": {
					"rotation": [0, -3.5, 0],
					"position": [0.1, 0, 0]
				}
			}
		},
		"animation.witch.riding": {
			"loop": true,
			"animation_length": 3,
			"bones": {
				"upper_body": {
					"rotation": {
						"0.0": [4.4, 0, 0],
						"1.5": [3.5, 0, 0],
						"3.0": [4.4, 0, 0]
					},
					"position": {
						"0.0": [0, 0, 0],
						"1.5": [0, 0.3, 0],
						"3.0": [0, 0, 0]
					}
				},
				"head": {
					"rotation": {
						"0.0": [1.8, 0, 0],
						"0.25": [2.1, 0, 0],
						"1.5": [-0.4, 0, 0],
						"1.75": [-1, 0, 0],
						"3.0": [1.8, 0, 0]
					},
					"position": {
						"0.0": [0, -0.1, -0.5],
						"0.25": [0, -0.1, -0.5],
						"1.5": [0, -0.14, -0.6],
						"1.75": [0, -0.14, -0.6],
						"3.0": [0, -0.1, -0.5]
					}
				},
				"nose": {
					"position": {
						"0.0": [0, 0, 0],
						"1.5": [0, 0.06, 0],
						"3.0": [0, 0, 0]
					}
				},
				"leg0": {
					"rotation": ["-72.0 - this", "18.0 - this", "-this"],
					"position": [0.25, 0, 0]
				},
				"leg1": {
					"rotation": ["-72.0 - this", "-18.0 - this", "-this"],
					"position": [-0.25, 0, 0]
				},
				"Root": {
					"position": [0, -7.5, 0]
				},
				"body1": {
					"scale": {
						"0.0": [1, 1, 1],
						"1.5": [1, 1, 1.025],
						"3.0": [1, 1, 1]
					}
				},
				"body": {
					"rotation": [0, 0, 0]
				},
				"arms": {
					"rotation": {
						"0.0": [-52.00436, 0.70709, 0],
						"0.6667": [-48.6919, 0.70709, 0],
						"1.5": [-52.0044, 0.70709, 0],
						"2.2083": [-56.6919, 0.70709, 0],
						"3.0": [-52.00436, 0.70709, 0]
					},
					"position": {
						"0.0": [0, -1.9, -0.5],
						"0.4167": [0, -2.01, -0.5],
						"1.5": [0, -1.7, -0.5],
						"3.0": [0, -1.9, -0.5]
					}
				}
			}
		},
		"animation.witch.death_face": {
			"loop": "hold_on_last_frame",
			"animation_length": 0.16667,
			"bones": {
				"right": {
					"scale": [1, 2.03, 1]
				},
				"eye_layer_x": {
					"scale": [1, 2.05, 1]
				},
				"top": {
					"position": [0, 1, 0]
				},
				"left": {
					"scale": [1, 2.03, 1]
				},
				"eye_layer_x2": {
					"scale": [1, 2.05, 1]
				},
				"top2": {
					"position": [0, 1, 0]
				},
				"eyelid_right": {
					"position": {
						"0.0": [0, 0, 0],
						"0.1667": [0, -1, 0]
					},
					"scale": [1, 2.03, 1]
				},
				"eyelid_left": {
					"position": {
						"0.0": [0, 0, 0],
						"0.1667": [0, -1, 0]
					},
					"scale": [1, 2.03, 1]
				},
				"eyebrown": {
					"position": {
						"0.0": [0, 0, 0],
						"0.1667": [0, -0.1, 0]
					}
				}
			}
		},
		"animation.witch.swimming": {
			"loop": true,
			"animation_length": 2,
			"bones": {
				"Root": {
					"rotation": {
						"0.0": [14, 0, 0],
						"1.0": [16, 0, 0],
						"2.0": [14, 0, 0]
					},
					"position": {
						"0.0": [0, -10.85, 0],
						"0.5": [0, -10.25, 0],
						"1.0": [0, -10.85, 0],
						"1.5417": [0, -10.25, 0],
						"2.0": [0, -10.85, 0]
					}
				},
				"upper_body": {
					"rotation": {
						"0.0": [-1, 0, 0],
						"0.5417": [-2.90865, 0.05075, 0.38],
						"0.9167": [-4, 0, 0],
						"1.375": [-2.90865, 0.05075, -0.38],
						"2.0": [-1, 0, 0]
					},
					"position": {
						"0.0": [0, 0, 0],
						"0.4583": [0, -0.3, 0],
						"0.9167": [0, 0, 0],
						"1.4583": [0, -0.3, 0],
						"2.0": [0, 0, 0]
					}
				},
				"body": {
					"rotation": {
						"0.0": [0, 2.9, 0],
						"1.0": [0, -2.9, 0],
						"2.0": [0, 2.9, 0]
					}
				},
				"head": {
					"rotation": {
						"0.0": [-6, 0, 0.5],
						"0.5": [-10, 0, 0],
						"1.0": [-6, 0, -0.5],
						"1.5": [-10, 0, 0],
						"2.0": [-6, 0, 0.5]
					},
					"position": {
						"0.0": [0, 0, -0.2],
						"1.0": [0, 0, -0.3],
						"2.0": [0, 0, -0.2]
					}
				},
				"nose": {
					"rotation": [0, 0, "math.clamp(-variable.eye_target_x, -140, 140)*0.175"],
					"position": {
						"0.0": [0, 0, 0],
						"0.9583": [0, 0.1, 0],
						"2.0": [0, 0, 0]
					}
				},
				"leg0": {
					"rotation": {
						"0.0": [-10.0012, 0.99027, -0.13919],
						"0.125": [-13.0012, 0.99027, -0.13919],
						"0.375": [-21.40058, 0.69318, -0.09743],
						"0.9583": [9, 0, 0],
						"1.0833": [11, 0, 0],
						"1.3333": [17.68919, 0.4456, -0.0626],
						"2.0": [-10.0012, 0.99027, -0.13919]
					},
					"position": {
						"0.0": [-0.3, 0, -0.5],
						"0.125": [-0.3, 0, -0.5],
						"0.375": [-0.3, 0.1, 0.67],
						"0.9583": [-0.3, 0, 0.4],
						"1.0833": [-0.3, 0, 0.4],
						"1.3333": [-0.3, 0.5, -0.35],
						"2.0": [-0.3, 0, -0.5]
					}
				},
				"leg1": {
					"rotation": {
						"0.0": [9, 0, 0],
						"0.125": [11, 0, 0],
						"0.375": [17.68919, -0.44564, 0.06264],
						"0.9583": [-11.912, -0.99027, 0.13919],
						"1.0833": [-13.0012, -0.9903, 0.1392],
						"1.3333": [-21.40058, -0.6932, 0.0974],
						"2.0": [9, 0, 0]
					},
					"position": {
						"0.0": [0.3, 0, 0.6],
						"0.125": [0.3, 0, 0.6],
						"0.375": [0.3, 0.5, -0.35],
						"0.9583": [0.3, 0, -0.4],
						"1.0833": [0.3, 0, -0.5],
						"1.3333": [0.3, 0.1, 0.67],
						"2.0": [0.3, 0, 0.6]
					}
				},
				"hat2": {
					"rotation": {
						"0.0": [0, 0, 0],
						"1.0": [2.5, 0, 0],
						"2.0": [0, 0, 0]
					}
				},
				"hat3": {
					"rotation": {
						"0.0": [0, 0, 0],
						"1.0": [1.5, 0, 0],
						"2.0": [0, 0, 0]
					}
				},
				"hat4": {
					"rotation": {
						"0.0": [0, 0, 0],
						"1.0": [1.5, 0, 0],
						"2.0": [0, 0, 0]
					}
				},
				"arms": {
					"rotation": {
						"0.0": [-83.01688, 0.48709, -6.9703],
						"0.125": [-80.53052, 0.61949, -7.22203],
						"0.5": [-73.0088, -0.3007, -0.08618],
						"1.0": [-76.02796, -0.82728, 6.8127],
						"1.125": [-75.36366, -1.21173, 7.15597],
						"1.5417": [-73.0088, -0.3007, -0.08618],
						"2.0": [-83.01688, 0.48709, -6.9703]
					},
					"position": {
						"0.0": [0, -0.7, -0.9],
						"0.125": [0, -0.91, -0.92],
						"0.3333": [0, -1.25, -0.95],
						"0.7083": [0, -0.77, -0.77],
						"1.125": [0, -1.3, -1],
						"1.375": [0, -0.85, -0.95],
						"1.75": [0, -0.77, -0.77],
						"2.0": [0, -0.7, -0.9]
					}
				}
			}
		},
		"animation.witch.hurt": {
			"animation_length": 0.41667,
			"bones": {
				"upper_body": {
					"rotation": {
						"0.0": [0, 0, 0],
						"0.125": [-0.4557, -1.0383, -0.8913],
						"0.2917": [3, 0, 0],
						"0.375": [0, 0, 0]
					},
					"position": {
						"0.0": [0, 0, 0],
						"0.1667": [0, -1.5, 1.4],
						"0.375": [0, 0, 0]
					}
				},
				"arms": {
					"rotation": {
						"0.0": [0, 0, 0],
						"0.125": [-65, 0, 0],
						"0.2917": [17, 0, 0],
						"0.4167": [0, 0, 0]
					},
					"position": {
						"0.0": [0, 0, 0],
						"0.125": [0, -0.5, 0],
						"0.2917": [0, 0, 0]
					}
				},
				"head": {
					"rotation": {
						"0.0": [0, 0, 0],
						"0.125": [-16.93902, -1.46016, -5.7826],
						"0.25": [17.14, 0, 0],
						"0.375": [0, 0, 0]
					},
					"position": {
						"0.0": [0, 0, 0],
						"0.125": [0, 0, 0.8],
						"0.2917": [0, 0, 0.6],
						"0.375": [0, 0, 0]
					}
				},
				"nose": {
					"rotation": {
						"0.0": [0, 0, 0],
						"0.0417": [17.25, 0, 0],
						"0.125": [-0.92, 0, 0],
						"0.2083": [-48, 0, 0],
						"0.3333": [13, 0, 0],
						"0.4167": [0, 0, 0]
					},
					"position": {
						"0.0": [0, 0, 0],
						"0.2083": [0, 0, 0.5],
						"0.4167": [0, 0, 0]
					}
				},
				"right": {
					"scale": {
						"0.0": [1, 2.03, 1],
						"0.3333": [1, 2.03, 1]
					}
				},
				"eye_layer_x": {
					"scale": {
						"0.0": [1, 2.05, 1],
						"0.3333": [1, 2.05, 1]
					}
				},
				"top": {
					"position": {
						"0.0": [0, 1, 0],
						"0.3333": [0, 1, 0]
					}
				},
				"left": {
					"scale": {
						"0.0": [1, 2.03, 1],
						"0.3333": [1, 2.03, 1]
					}
				},
				"eye_layer_x2": {
					"scale": {
						"0.0": [1, 2.05, 1],
						"0.3333": [1, 2.05, 1]
					}
				},
				"top2": {
					"position": {
						"0.0": [0, 1, 0],
						"0.3333": [0, 1, 0]
					}
				},
				"eyelid_right": {
					"position": {
						"0.0": [0, 0.7, 0],
						"0.3333": [0, 0.7, 0],
						"0.4167": [0, 0, 0]
					}
				},
				"eyelid_left": {
					"position": {
						"0.0": [0, 0.8, 0],
						"0.3333": [0, 0.8, 0],
						"0.4167": [0, 0, 0]
					}
				},
				"eyebrown": {
					"position": {
						"0.0": [0, 0.7, 0],
						"0.3333": [0, 0.7, 0],
						"0.4167": [0, 0, 0]
					}
				},
				"eyeball_right": {
					"scale": {
						"0.0": [0.67, 0.63, 1],
						"0.2917": [0.67, 0.63, 1],
						"0.375": [1, 1, 1]
					}
				},
				"eyeball_left": {
					"scale": {
						"0.0": [0.82, 0.8, 1],
						"0.2917": [0.82, 0.8, 1],
						"0.375": [1, 1, 1]
					}
				},
				"hat": {
					"rotation": {
						"0.0": [0, 0, 0],
						"0.0417": [10.85873, 3.17533, -5.09351],
						"0.1667": [-11.66556, 2.22273, -3.56546],
						"0.25": [-11.66556, 2.22273, -3.56546],
						"0.3333": [22.81016, 1.27013, -2.0374],
						"0.4167": [0, 0, 0]
					},
					"position": {
						"0.0": [0, 0, 0],
						"0.0833": [0, 3.15, -1.65],
						"0.1667": [0, 3.22, -0.34],
						"0.25": [0, 2.82, -0.34],
						"0.3333": [0, 1.31, -1.13],
						"0.4167": [0, 0, 0]
					}
				}
			}
		},
		"animation.witch.hurt2": {
			"animation_length": 0.41667,
			"bones": {
				"upper_body": {
					"rotation": {
						"0.0": [0, 0, 0],
						"0.125": [0.4557, -1.0383, 0.8913],
						"0.2917": [-3, 0, 0],
						"0.375": [0, 0, 0]
					},
					"position": {
						"0.0": [0, 0, 0],
						"0.1667": [0, -1.5, -1.4],
						"0.375": [0, 0, 0]
					}
				},
				"arms": {
					"rotation": {
						"0.0": [0, 0, 0],
						"0.125": [-65, 0, 0],
						"0.2917": [17, 0, 0],
						"0.4167": [0, 0, 0]
					},
					"position": {
						"0.0": [0, 0, 0],
						"0.125": [0, -0.5, 0],
						"0.2917": [0, 0, 0]
					}
				},
				"head": {
					"rotation": {
						"0.0": [0, 0, 0],
						"0.125": [16.93902, -1.46016, 6.1826],
						"0.2083": [-17.14, 0, 0],
						"0.375": [0, 0, 0]
					},
					"position": {
						"0.0": [0, 0, 0],
						"0.125": [0, 0, -0.8],
						"0.2917": [0, 0, -0.6],
						"0.375": [0, 0, 0]
					}
				},
				"nose": {
					"rotation": {
						"0.0": [0, 0, 0],
						"0.0833": [-25.75, 0, 0],
						"0.2083": [-48, 0, 0],
						"0.3333": [13, 0, 0],
						"0.4167": [0, 0, 0]
					},
					"position": {
						"0.0": [0, 0, 0],
						"0.2083": [0, 0, 0.5],
						"0.4167": [0, 0, 0]
					}
				},
				"right": {
					"scale": {
						"0.0": [1, 2.03, 1],
						"0.3333": [1, 2.03, 1]
					}
				},
				"eye_layer_x": {
					"scale": {
						"0.0": [1, 2.05, 1],
						"0.3333": [1, 2.05, 1]
					}
				},
				"top": {
					"position": {
						"0.0": [0, 1, 0],
						"0.3333": [0, 1, 0]
					}
				},
				"left": {
					"scale": {
						"0.0": [1, 2.03, 1],
						"0.3333": [1, 2.03, 1]
					}
				},
				"eye_layer_x2": {
					"scale": {
						"0.0": [1, 2.05, 1],
						"0.3333": [1, 2.05, 1]
					}
				},
				"top2": {
					"position": {
						"0.0": [0, 1, 0],
						"0.3333": [0, 1, 0]
					}
				},
				"eyelid_right": {
					"position": {
						"0.0": [0, 0.7, 0],
						"0.3333": [0, 0.7, 0],
						"0.4167": [0, 0, 0]
					}
				},
				"eyelid_left": {
					"position": {
						"0.0": [0, 0.8, 0],
						"0.3333": [0, 0.8, 0],
						"0.4167": [0, 0, 0]
					}
				},
				"eyebrown": {
					"position": {
						"0.0": [0, 0.7, 0],
						"0.3333": [0, 0.7, 0],
						"0.4167": [0, 0, 0]
					}
				},
				"eyeball_right": {
					"scale": {
						"0.0": [0.67, 0.63, 1],
						"0.2917": [0.67, 0.63, 1],
						"0.375": [1, 1, 1]
					}
				},
				"eyeball_left": {
					"scale": {
						"0.0": [0.82, 0.8, 1],
						"0.2917": [0.82, 0.8, 1],
						"0.375": [1, 1, 1]
					}
				},
				"hat": {
					"rotation": {
						"0.0": [0, 0, 0],
						"0.0417": [-14.8587, 3.17533, -5.09351],
						"0.1667": [15.33444, 2.22273, -3.56546],
						"0.25": [-25.66556, 2.22273, -3.56546],
						"0.3333": [0, 0, 0]
					},
					"position": {
						"0.0": [0, 0, 0],
						"0.0833": [0, 3.15, 1.85],
						"0.1667": [0, 3.22, -2.44],
						"0.25": [0, 1.92, 0.96],
						"0.3333": [0, 0, 0]
					}
				}
			}
		},
		"animation.witch.looking": {
			"loop": "hold_on_last_frame",
			"bones": {
				"head": {
					"rotation": ["query.target_x_rotation", "query.target_y_rotation", "math.clamp(query.target_y_rotation, -55, 55)*0.09"]
				},
				"nose": {
					"rotation": ["variable.isholdingitem ? -25.7831", 0, "math.clamp(-variable.eye_target_x, -140, 140)*0.175"]
				},
				"body": {
					"rotation": [0, "math.clamp(query.target_y_rotation, -35, 35)*0.192", "math.clamp(query.target_y_rotation, -5, 5)*-0.084"]
				},
				"eyeball_right": {
					"position": ["math.clamp(-variable.eye_target_x, -290, 15)*0.0092", "-variable.eye_target_y*0.008", 0]
				},
				"eyeball_left": {
					"position": ["math.clamp(-variable.eye_target_x, -15, 290)*0.0092", "-variable.eye_target_y*0.008", 0]
				}
			}
		}
	}
}