{
	"format_version": "1.8.0",
	"animations": {
		"animation.zombie.v1.8.base": {
			"loop": true,
			"animation_length": 3,
			"bones": {
				"head": {
					"rotation": {
						"0.0": [6.9688, 1.0331, 3.1412],
						"0.2083": [7.2688, 1.0331, 3.1412],
						"1.5417": [4.9688, 1.0331, 3.1412],
						"1.7083": [4.6688, 1.0331, 3.1412],
						"3.0": [6.9688, 1.0331, 3.1412]
					},
					"position": {
						"0.0": [0, -0.4, -0.3],
						"0.2083": [0, -0.4, -0.3],
						"1.5417": [0, -0.12, -0.4],
						"1.7083": [0, -0.12, -0.4],
						"3.0": [0, -0.4, -0.3]
					}
				},
				"upper_body": {
					"rotation": {
						"0.0": [11, 0, 0],
						"1.5417": [8.5, 0, 0],
						"3.0": [11, 0, 0]
					},
					"position": {
						"0.0": [0, 0, 0],
						"1.5417": [0, 0.25, 0],
						"3.0": [0, 0, 0]
					}
				},
				"rightArm": {
					"rotation": {
						"0.0": [-10.8414, -6.35944, 2.76869],
						"0.3333": [-11.2414, -6.35944, 2.76869],
						"1.5417": [-7.2489, -6.13604, 3.9805],
						"1.875": [-6.5489, -6.13604, 3.9805],
						"3.0": [-10.8414, -6.35944, 2.76869]
					},
					"position": {
						"0.0": [-0.2, -0.7, -1],
						"0.4167": [-0.2, -0.85, -1],
						"1.5417": [-0.2, -0.4, -1],
						"1.9167": [-0.2, -0.25, -1],
						"3.0": [-0.2, -0.7, -1]
					}
				},
				"leftArm": {
					"rotation": {
						"0.0": [-12.59756, -6.85117, -2.41248],
						"0.3333": [-13.1976, -6.85117, -2.41248],
						"1.5417": [-8.2288, -7.39352, -4.386],
						"1.875": [-7.5288, -7.39352, -4.386],
						"3.0": [-12.59756, -6.85117, -2.41248]
					},
					"position": {
						"0.0": [-0.1, -1.3, -1],
						"0.4167": [-0.1, -1.45, -1],
						"1.5417": [-0.1, -1, -1],
						"1.9167": [-0.1, -0.85, -1],
						"3.0": [-0.1, -1.3, -1]
					}
				},
				"rightLeg": {
					"rotation": [2.37272, 2.97735, 3.25839],
					"position": [-0.3, 0, 0.3]
				},
				"leftLeg": {
					"rotation": [-1.90516, -10.85508, -0.91357],
					"position": [0.3, 0, -0.6]
				},
				"body1": {
					"scale": {
						"0.0": [1, 1, 1],
						"1.5": [1, 1, 1.025],
						"3.0": [1, 1, 1]
					}
				},
				"body": {
					"rotation": [0, 0, 0]
				}
			}
		},
		"animation.zombie.v1.8.base_face": {
			"loop": true,
			"animation_length": 10,
			"bones": {
				"eyelid_right": {
					"position": {
						"1.0": [
							0,
							"math.clamp(-variable.eye_target_x, -35, 0)*-0.0050+math.clamp(variable.eye_target_y, 0, 70)*-0.0062+math.clamp(variable.eye_target_y, -35, 0)*-0.005",
							0
						],
						"1.125": [0, -1, 0],
						"1.2917": [
							0,
							"math.clamp(-variable.eye_target_x, -35, 0)*-0.0050+math.clamp(variable.eye_target_y, 0, 70)*-0.0062+math.clamp(variable.eye_target_y, -35, 0)*-0.005",
							0
						],
						"6.5": [
							0,
							"math.clamp(-variable.eye_target_x, -35, 0)*-0.0050+math.clamp(variable.eye_target_y, 0, 70)*-0.0062+math.clamp(variable.eye_target_y, -35, 0)*-0.005",
							0
						],
						"6.625": [0, -1, 0],
						"6.7917": [
							0,
							"math.clamp(-variable.eye_target_x, -35, 0)*-0.0050+math.clamp(variable.eye_target_y, 0, 70)*-0.0062+math.clamp(variable.eye_target_y, -35, 0)*-0.005",
							0
						]
					},
					"scale": {
						"1.0": [1, 1.83, 1],
						"1.125": [1, 2.03, 1],
						"1.2917": [1, 1.83, 1],
						"6.5": [1, 1.83, 1],
						"6.625": [1, 2.03, 1],
						"6.7917": [1, 1.83, 1]
					}
				},
				"eyelid_left": {
					"position": {
						"1.0": [
							0,
							"math.clamp(-variable.eye_target_x, 0, 35)*0.0050+math.clamp(variable.eye_target_y, 0, 70)*-0.0062+math.clamp(variable.eye_target_y, -35, 0)*-0.005",
							0
						],
						"1.125": [0, -1, 0],
						"1.2917": [
							0,
							"math.clamp(-variable.eye_target_x, 0, 35)*0.0050+math.clamp(variable.eye_target_y, 0, 70)*-0.0062+math.clamp(variable.eye_target_y, -35, 0)*-0.005",
							0
						],
						"6.5": [
							0,
							"math.clamp(-variable.eye_target_x, 0, 35)*0.0050+math.clamp(variable.eye_target_y, 0, 70)*-0.0062+math.clamp(variable.eye_target_y, -35, 0)*-0.005",
							0
						],
						"6.625": [0, -1, 0],
						"6.7917": [
							0,
							"math.clamp(-variable.eye_target_x, 0, 35)*0.0050+math.clamp(variable.eye_target_y, 0, 70)*-0.0062+math.clamp(variable.eye_target_y, -35, 0)*-0.005",
							0
						]
					},
					"scale": {
						"1.0": [1, 1.83, 1],
						"1.125": [1, 2.03, 1],
						"1.2917": [1, 1.83, 1],
						"6.5": [1, 1.83, 1],
						"6.625": [1, 2.03, 1],
						"6.7917": [1, 1.83, 1]
					}
				},
				"right": {
					"scale": [1, 2.03, 1]
				},
				"eye_layer_x": {
					"scale": [1, 2.12, 1]
				},
				"top": {
					"position": [0, 1, 0]
				},
				"eyelid_layer": {
					"position": [0, "math.clamp(-variable.eye_target_x, -35, 0)*-0.0050+math.clamp(variable.eye_target_y, -35, 0)*-0.005", 0]
				},
				"left": {
					"scale": [1, 2.03, 1]
				},
				"eye_layer_x2": {
					"scale": [1, 2.12, 1]
				},
				"top2": {
					"position": [0, 1, 0]
				},
				"eyelid_layer2": {
					"position": [0, "math.clamp(-variable.eye_target_x, 0, 35)*0.0050+math.clamp(variable.eye_target_y, -35, 0)*-0.005", 0]
				}
			}
		},
		"animation.zombie.v1.8.death_face": {
			"loop": "hold_on_last_frame",
			"animation_length": 0.125,
			"bones": {
				"eyelid_right": {
					"position": {
						"0.0": [0, 0, 0],
						"0.125": [0, -1, 0]
					}
				},
				"eyelid_left": {
					"position": {
						"0.0": [0, 0, 0],
						"0.125": [0, -1, 0]
					}
				}
			}
		},
		"animation.zombie.v1.8.walking": {
			"loop": true,
			"animation_length": 2,
			"anim_time_update": "query.modified_distance_moved * 0.22",
			"bones": {
				"waist": {
					"position": {
						"0.0": [0, 0, 0],
						"0.4583": [0, 0.35, 0],
						"1.0": [0, 0, 0],
						"1.5": [0, 0.35, 0],
						"2.0": [0, 0, 0]
					}
				},
				"upper_body": {
					"rotation": {
						"0.0": [10.4843, 0.45245, -2.5744],
						"0.5": [5.5993, 0.12228, -2.5744],
						"1.0": [10.4843, 0.45245, 2.5744],
						"1.5": [5.5993, 0.12228, 2.5744],
						"2.0": [10.4843, 0.45245, -2.5744]
					},
					"position": {
						"0.0": [0, -0.25, 0],
						"0.1667": [0, -0.65, 0],
						"0.5": [0, 0.1, 0],
						"1.0": [0, -0.25, 0],
						"1.1667": [0, -0.65, 0],
						"1.5": [0, 0.1, 0],
						"2.0": [0, -0.25, 0]
					}
				},
				"head": {
					"rotation": {
						"0.0": [12.0003, 0.7898, 4.5266],
						"0.5": [8.0003, 0, 1.011],
						"1.0": [12.0003, -0.7898, -2.5046],
						"1.5": [8.0003, 0, 1.011],
						"2.0": [12.0003, 0.7898, 4.5266]
					},
					"position": {
						"0.0": [0, 0, 0],
						"0.5": [0, 0.02, -0.1],
						"1.0": [0, 0, 0],
						"1.5": [0, 0.02, -0.1],
						"2.0": [0, 0, 0]
					}
				},
				"body": {
					"rotation": {
						"0.0": [0, 3, 0],
						"1.0": [0, -3, 0],
						"2.0": [0, 3, 0]
					},
					"position": {
						"0.0": [0, 0, 0.1],
						"0.5": [0, 0, -0.1],
						"1.0": [0, 0, 0.1],
						"1.5": [0, 0, -0.1],
						"2.0": [0, 0, 0.1]
					}
				},
				"rightArm": {
					"rotation": {
						"0.0": [-97.94662, 4.3927, -5.71612],
						"0.5": [-80.4462, 4.3927, -5.71236],
						"1.0": [-97.94662, 4.3927, -5.71612],
						"1.5": [-80.4462, 4.3927, -5.71236],
						"2.0": [-97.94662, 4.3927, -5.71612]
					},
					"position": {
						"0.0": [0, -0.8, -1.1],
						"1.0": [0, -0.8, -1.1],
						"2.0": [0, -0.8, -1.1]
					}
				},
				"leftArm": {
					"rotation": {
						"0.0": [-97.9121, -6.9927, 3.80617],
						"0.5": [-80.4121, -6.9927, 3.80617],
						"1.0": [-97.9121, -6.9927, 3.80617],
						"1.5": [-80.4121, -6.9927, 3.80617],
						"2.0": [-97.9121, -6.9927, 3.80617]
					},
					"position": {
						"0.0": [0, -0.9, -0.9],
						"1.0": [0, -0.9, -0.9],
						"2.0": [0, -0.9, -0.9]
					}
				},
				"rightLeg": {
					"rotation": {
						"0.0": [-21, 0, 0],
						"1.0": [18, 0, 0],
						"1.3333": [37.5, 0, 0],
						"2.0": [-21, 0, 0]
					},
					"position": {
						"0.0": [-0.2, 0, -1.2],
						"0.4583": [-0.17, 0, 0.53],
						"1.0": [-0.1, 0, 0.9],
						"1.3333": [0, -0.3, -1.07],
						"1.6667": [-0.3, 2.6, -3.05],
						"2.0": [-0.2, 0, -1.2]
					}
				},
				"leftLeg": {
					"rotation": {
						"0.0": [18, 0, 0],
						"0.3333": [37.5, 0, 0],
						"1.0": [-21, 0, 0],
						"2.0": [18, 0, 0]
					},
					"position": {
						"0.0": [0.1, 0, 0.9],
						"0.3333": [0, -0.3, -1.07],
						"0.6667": [0.3, 2.6, -3.05],
						"1.0": [0.2, 0, -1.2],
						"1.4583": [0.17, 0, 0.53],
						"2.0": [0.1, 0, 0.9]
					}
				}
			}
		},
		"animation.zombie.v1.8.attack_time": {
			"loop": "hold_on_last_frame",
			"animation_length": 1,
			"bones": {
				"waist": {
					"position": {
						"0.0": [0, 0, 0],
						"0.125": [0, 0.45, 0],
						"0.2917": [0, 0.07, 0],
						"0.5": [0, 0, 0],
						"0.75": [0, 0.25, 0],
						"1.0": [0, 0, 0]
					}
				},
				"upper_body": {
					"rotation": {
						"0.0": [10.4843, 0.45245, -3.4744],
						"0.125": [-11.81994, 0.37626, -2.33008],
						"0.25": [28.30774, 0.27467, -0.80433],
						"0.5417": [0.49926, 0.12228, 1.4843],
						"1.0": [10.4843, 0.45245, -3.4744]
					},
					"position": {
						"0.0": [0, 0, 0],
						"0.125": [0, 0.07, 0],
						"0.2083": [0, 0.45, 0],
						"0.2917": [0, -0.66, 0],
						"0.5417": [0, 0, 0],
						"0.75": [0, 0.45, 0],
						"1.0": [0, 0, 0]
					}
				},
				"head": {
					"rotation": {
						"0.0": ["6.9498+query.target_x_rotation", "1.1543+query.target_y_rotation", 2.14839],
						"0.0833": ["36.9498+query.target_x_rotation", "1.1543+query.target_y_rotation", 2.14839],
						"0.25": [-15.50028, "2.2001+query.target_y_rotation", 3.85392],
						"0.375": ["29.7669+query.target_x_rotation", "4.5563+query.target_y_rotation", -1.52081],
						"0.5": ["6.9498+query.target_x_rotation", "1.1543+query.target_y_rotation", 2.14839]
					},
					"position": {
						"0.0": [0, 0, 0],
						"0.1667": [0, 0.08, -1.2],
						"0.5": [0, 0, 0],
						"0.75": [0, 0.08, -0.4],
						"1.0": [0, 0, 0]
					}
				},
				"body": {
					"position": {
						"0.0": [0, 0, 0.4],
						"0.25": [0, 0, -0.47],
						"0.5": [0, 0, 0.4],
						"0.75": [0, 0, -0.47],
						"1.0": [0, 0, 0.4]
					}
				},
				"rightArm": {
					"rotation": {
						"0.0": [-84.96714, 8.82801, -5.91818],
						"0.0833": [-123.07863, 3.30205, 2.46667],
						"0.125": [-123.07863, 3.30205, 2.46667],
						"0.25": [-54.17212, 2.31002, -14.49296],
						"0.4167": [-62.58203, 12.61792, -7.58861],
						"0.5417": [-85.78465, 10.33532, -4.8326],
						"0.7917": [-89.36949, 11.88248, -1.89541],
						"1.0": [-84.96714, 8.82801, -5.91818]
					},
					"position": {
						"0.0": [0, -1, -1.4],
						"0.0833": [0, 0.3, -1.4],
						"0.1667": [0, -0.63, -2.7],
						"0.25": [0, -1.1, -1.6],
						"0.5417": [0, -0.7, -1.3],
						"1.0": [0, -1, -1.4]
					}
				},
				"leftArm": {
					"rotation": {
						"0.0": [-81.91206, -8.3927, 3.80617],
						"0.0833": [-120.03848, -8.95226, 4.64455],
						"0.125": [-120.03848, -8.95226, 4.64455],
						"0.25": [-35.05803, 0.16186, 17.84809],
						"0.375": [-46.3666, -19.42186, -1.90528],
						"0.5": [-77.87929, -9.37047, 3.59393],
						"0.75": [-91.49789, -10.17835, -2.58012],
						"1.0": [-81.91206, -8.3927, 3.80617]
					},
					"position": {
						"0.0": [0, -0.7, -0.9],
						"0.0833": [0, 0.6, -0.9],
						"0.1667": [0, -0.3, -2.3],
						"0.25": [0, -1.9, -1.3],
						"0.5": [0, -1.3, -1.1],
						"1.0": [0, -0.7, -0.9]
					}
				}
			}
		},
		"animation.zombie.v1.8.attack_walk": {
			"loop": true,
			"animation_length": 2,
			"anim_time_update": "query.modified_distance_moved * 0.2",
			"bones": {
				"rightLeg": {
					"rotation": {
						"0.0": [-21, 0, 0],
						"1.0": [18, 0, 0],
						"1.3333": [37.5, 0, 0],
						"2.0": [-21, 0, 0]
					},
					"position": {
						"0.0": [-0.2, 0, -1.2],
						"0.4583": [-0.17, 0, 0.53],
						"1.0": [-0.1, 0, 0.9],
						"1.3333": [0, -0.3, -1.07],
						"1.6667": [-0.3, 2.6, -3.05],
						"2.0": [-0.2, 0, -1.2]
					}
				},
				"leftLeg": {
					"rotation": {
						"0.0": [18, 0, 0],
						"0.3333": [37.5, 0, 0],
						"1.0": [-21, 0, 0],
						"2.0": [18, 0, 0]
					},
					"position": {
						"0.0": [0.1, 0, 0.9],
						"0.3333": [0, -0.3, -1.07],
						"0.6667": [0.3, 2.6, -3.05],
						"1.0": [0.2, 0, -1.2],
						"1.4583": [0.17, 0, 0.53],
						"2.0": [0.1, 0, 0.9]
					}
				}
			}
		},
		"animation.zombie.v1.8.riding_leg": {
			"loop": true,
			"bones": {
				"rightLeg": {
					"rotation": ["-72.0 - this", "18.0 - this", "-this"]
				},
				"leftLeg": {
					"rotation": ["-72.0 - this", "-18.0 - this", "-this"]
				}
			}
		},
		"animation.zombie.v1.8.riding_arms": {
			"loop": true,
			"animation_length": 3,
			"bones": {
				"upper_body": {
					"rotation": {
						"0.0": [11, 0, 0],
						"1.5417": [8.5, 0, 0],
						"3.0": [11, 0, 0]
					},
					"position": {
						"0.0": [0, 0, 0],
						"1.5417": [0, 0.25, 0],
						"3.0": [0, 0, 0]
					}
				},
				"head": {
					"rotation": {
						"0.0": [6.9688, 1.0331, 3.1412],
						"0.2083": [7.2688, 1.0331, 3.1412],
						"1.5417": [4.9688, 1.0331, 3.1412],
						"1.7083": [4.6688, 1.0331, 3.1412],
						"3.0": [6.9688, 1.0331, 3.1412]
					},
					"position": {
						"0.0": [0, -0.4, -0.3],
						"0.2083": [0, -0.4, -0.3],
						"1.5417": [0, -0.12, -0.4],
						"1.7083": [0, -0.12, -0.4],
						"3.0": [0, -0.4, -0.3]
					}
				},
				"rightArm": {
					"rotation": {
						"0.0": [-10.8414, -6.35944, 2.76869],
						"0.3333": [-11.2414, -6.35944, 2.76869],
						"1.5417": [-7.2489, -6.13604, 3.9805],
						"1.875": [-6.5489, -6.13604, 3.9805],
						"3.0": [-10.8414, -6.35944, 2.76869]
					},
					"position": {
						"0.0": [-0.2, -0.7, -1],
						"0.4167": [-0.2, -0.85, -1],
						"1.5417": [-0.2, -0.4, -1],
						"1.9167": [-0.2, -0.25, -1],
						"3.0": [-0.2, -0.7, -1]
					}
				},
				"leftArm": {
					"rotation": {
						"0.0": [-12.59756, -6.85117, -2.41248],
						"0.3333": [-13.1976, -6.85117, -2.41248],
						"1.5417": [-8.2288, -7.39352, -4.386],
						"1.875": [-7.5288, -7.39352, -4.386],
						"3.0": [-12.59756, -6.85117, -2.41248]
					},
					"position": {
						"0.0": [-0.1, -1.3, -1],
						"0.4167": [-0.1, -1.45, -1],
						"1.5417": [-0.1, -1, -1],
						"1.9167": [-0.1, -0.85, -1],
						"3.0": [-0.1, -1.3, -1]
					}
				},
				"body1": {
					"scale": {
						"0.0": [1, 1, 1],
						"1.5": [1, 1, 1.025],
						"3.0": [1, 1, 1]
					}
				},
				"body": {
					"rotation": [0, 0, 0]
				}
			}
		},
		"animation.zombie.v1.8.riding_has_target": {
			"loop": true,
			"animation_length": 3,
			"bones": {
				"upper_body": {
					"rotation": {
						"0.0": [11, 0, 0],
						"1.5417": [8.5, 0, 0],
						"3.0": [11, 0, 0]
					},
					"position": {
						"0.0": [0, 0, 0],
						"1.5417": [0, 0.25, 0],
						"3.0": [0, 0, 0]
					}
				},
				"head": {
					"rotation": {
						"0.0": [6.9688, 1.0331, 3.1412],
						"0.2083": [7.2688, 1.0331, 3.1412],
						"1.5417": [4.9688, 1.0331, 3.1412],
						"1.7083": [4.6688, 1.0331, 3.1412],
						"3.0": [6.9688, 1.0331, 3.1412]
					},
					"position": {
						"0.0": [0, -0.4, -0.3],
						"0.2083": [0, -0.4, -0.3],
						"1.5417": [0, -0.12, -0.4],
						"1.7083": [0, -0.12, -0.4],
						"3.0": [0, -0.4, -0.3]
					}
				},
				"rightArm": {
					"rotation": {
						"0.0": [-97.94662, 4.3927, -5.71612],
						"0.1667": [-97.94662, 4.3927, -5.71612],
						"1.5": [-90.94662, 4.3927, -5.71612],
						"1.6667": [-90.94662, 4.3927, -5.71612],
						"3.0": [-97.94662, 4.3927, -5.71612]
					},
					"position": {
						"0.0": [0, -0.8, -1.1],
						"0.4167": [0, -0.95, -1],
						"1.5417": [0, -0.5, -1],
						"1.9167": [0, -0.35, -1],
						"3.0": [0, -0.8, -1.1]
					}
				},
				"leftArm": {
					"rotation": {
						"0.0": [-97.9121, -6.9927, 3.80617],
						"0.1667": [-97.9121, -6.9927, 3.80617],
						"1.5": [-91.9121, -6.9927, 3.80617],
						"1.6667": [-91.9121, -6.9927, 3.80617],
						"3.0": [-97.9121, -6.9927, 3.80617]
					},
					"position": {
						"0.0": [0, -0.9, -0.9],
						"0.4167": [-0.1, -1.05, -1],
						"1.5417": [-0.1, -0.6, -1],
						"1.875": [-0.1, -0.45, -1],
						"3.0": [0, -0.9, -0.9]
					}
				},
				"body1": {
					"scale": {
						"0.0": [1, 1, 1],
						"1.5": [1, 1, 1.025],
						"3.0": [1, 1, 1]
					}
				},
				"body": {
					"rotation": [0, 0, 0]
				}
			}
		},
		"animation.zombie.v1.8.baby": {
			"loop": true,
			"bones": {
				"head": {
					"scale": 1.4
				}
			}
		},
		"animation.zombie.v1.8.hurt": {
			"animation_length": 0.375,
			"bones": {
				"upper_body": {
					"rotation": {
						"0.0": [0, 0, 0],
						"0.0833": [-7.9362, -1.24529, -5.86981],
						"0.2083": [7, 0, 0],
						"0.2917": [0, 0, 0]
					},
					"position": {
						"0.0": [0, 0, 0],
						"0.125": [0, -1.5, 1.4],
						"0.2917": [0, 0, 0]
					}
				},
				"head": {
					"rotation": {
						"0.0": [0, 0, 0],
						"0.0833": [-25, 0, 0],
						"0.2083": [16.14, 0, 0],
						"0.375": [0, 0, 0]
					},
					"position": {
						"0.0": [0, 0, 0],
						"0.0833": [0, 0, 0.8],
						"0.2917": [0, 0, 0.6],
						"0.375": [0, 0, 0]
					}
				},
				"eyelid_right": {
					"position": {
						"0.0": [0, 0, 0],
						"0.0417": [0, 0.4, 0],
						"0.125": [0, 0.4, 0],
						"0.2083": [0, 0, 0]
					},
					"scale": {
						"0.0": [1, 1.83, 1],
						"0.2083": [1, 1.83, 1]
					}
				},
				"eyelid_left": {
					"position": {
						"0.0": [0, 0, 0],
						"0.0417": [0, 0.2, 0],
						"0.125": [0, 0.2, 0],
						"0.2083": [0, 0, 0]
					},
					"scale": {
						"0.0": [1, 1.83, 1],
						"0.2083": [1, 1.83, 1]
					}
				},
				"right": {
					"scale": [1, 2.03, 1]
				},
				"eye_layer_x": {
					"scale": [1, 2.12, 1]
				},
				"top": {
					"position": [0, 1, 0]
				},
				"eyelid_layer": {
					"position": {
						"0.0": [0, 0, 0],
						"0.0417": [0, 0.4, 0],
						"0.125": [0, 0.4, 0],
						"0.2083": [0, 0, 0]
					}
				},
				"left": {
					"scale": [1, 2.03, 1]
				},
				"eye_layer_x2": {
					"scale": [1, 2.12, 1]
				},
				"top2": {
					"position": [0, 1, 0]
				},
				"eyelid_layer2": {
					"position": {
						"0.0": [0, 0, 0],
						"0.0417": [0, 0.2, 0],
						"0.125": [0, 0.2, 0],
						"0.2083": [0, 0, 0]
					}
				},
				"rightArm": {
					"rotation": {
						"0.0": [0, 0, 0],
						"0.125": [-55, 0, 0],
						"0.2917": [0, 0, 0]
					},
					"position": {
						"0.0": [0, 0, 0],
						"0.1667": [0, -1.6, 0],
						"0.2917": [0, 0, 0]
					}
				},
				"leftArm": {
					"rotation": {
						"0.0": [0, 0, 0],
						"0.125": [-55, 0, 0],
						"0.2917": [0, 0, 0]
					},
					"position": {
						"0.0": [0, 0, 0],
						"0.1667": [0, -1.5, 0],
						"0.2917": [0, 0, 0]
					}
				}
			}
		},
		"animation.zombie.v1.8.hurt2": {
			"animation_length": 0.375,
			"bones": {
				"upper_body": {
					"rotation": {
						"0.0": [0, 0, 0],
						"0.0833": [7.9362, -1.24529, 5.86981],
						"0.2083": [-7, 0, 0],
						"0.2917": [0, 0, 0]
					},
					"position": {
						"0.0": [0, 0, 0],
						"0.125": [0, -1.5, -1.4],
						"0.2917": [0, 0, 0]
					}
				},
				"head": {
					"rotation": {
						"0.0": [0, 0, 0],
						"0.0833": [26, 0, 0],
						"0.2083": [-16.14, 0, 0],
						"0.375": [0, 0, 0]
					},
					"position": {
						"0.0": [0, 0, 0],
						"0.0833": [0, 0, -0.8],
						"0.2917": [0, 0, -0.6],
						"0.375": [0, 0, 0]
					}
				},
				"eyelid_right": {
					"position": {
						"0.0": [0, 0, 0],
						"0.0417": [0, 0.4, 0],
						"0.125": [0, 0.4, 0],
						"0.2083": [0, 0, 0]
					},
					"scale": {
						"0.0": [1, 1.83, 1],
						"0.2083": [1, 1.83, 1]
					}
				},
				"eyelid_left": {
					"position": {
						"0.0": [0, 0, 0],
						"0.0417": [0, 0.2, 0],
						"0.125": [0, 0.2, 0],
						"0.2083": [0, 0, 0]
					},
					"scale": {
						"0.0": [1, 1.83, 1],
						"0.2083": [1, 1.83, 1]
					}
				},
				"right": {
					"scale": [1, 2.03, 1]
				},
				"eye_layer_x": {
					"scale": [1, 2.12, 1]
				},
				"top": {
					"position": [0, 1, 0]
				},
				"eyelid_layer": {
					"position": {
						"0.0": [0, 0, 0],
						"0.0417": [0, 0.4, 0],
						"0.125": [0, 0.4, 0],
						"0.2083": [0, 0, 0]
					}
				},
				"left": {
					"scale": [1, 2.03, 1]
				},
				"eye_layer_x2": {
					"scale": [1, 2.12, 1]
				},
				"top2": {
					"position": [0, 1, 0]
				},
				"eyelid_layer2": {
					"position": {
						"0.0": [0, 0, 0],
						"0.0417": [0, 0.2, 0],
						"0.125": [0, 0.2, 0],
						"0.2083": [0, 0, 0]
					}
				},
				"rightArm": {
					"rotation": {
						"0.0": [0, 0, 0],
						"0.125": [-55, 0, 0],
						"0.2917": [0, 0, 0]
					},
					"position": {
						"0.0": [0, 0, 0],
						"0.1667": [0, -1.6, 0],
						"0.2917": [0, 0, 0]
					}
				},
				"leftArm": {
					"rotation": {
						"0.0": [0, 0, 0],
						"0.125": [-55, 0, 0],
						"0.2917": [0, 0, 0]
					},
					"position": {
						"0.0": [0, 0, 0],
						"0.1667": [0, -1.5, 0],
						"0.2917": [0, 0, 0]
					}
				}
			}
		},
		"animation.zombie.v1.8.looking": {
			"loop": "hold_on_last_frame",
			"bones": {
				"head": {
					"rotation": ["query.target_x_rotation", "query.target_y_rotation", "math.clamp(query.target_y_rotation, -55, 55)*0.09"]
				},
				"body": {
					"rotation": [0, "math.clamp(query.target_y_rotation, -55, 55)*0.232", "math.clamp(query.target_y_rotation, -5, 5)*-0.024"]
				}
			}
		}
	}
}