{
	"format_version": "1.8.0",
	"animations": {
		"animation.zombie.villager_v2.base": {
			"loop": true,
			"animation_length": 3,
			"bones": {
				"upper_body": {
					"rotation": {
						"0.0": [7, 0, 0],
						"1.5": [6, 0, 0],
						"3.0": [7, 0, 0]
					},
					"position": {
						"0.0": [0, 0, 0.2],
						"1.5": [0, 0.35, 0.2],
						"3.0": [0, 0, 0.2]
					}
				},
				"rightArm": {
					"rotation": {
						"0.0": [-6.2693, -1.47891, 2.24591],
						"0.2917": [-7.236, -1.47891, 2.24591],
						"1.5": [-4.26933, -1.47891, 2.24591],
						"1.7917": [-3.2638, -1.47891, 2.24591],
						"3.0": [-6.2693, -1.47891, 2.24591]
					},
					"position": {
						"0.0": [-0.2, -0.8, -0.5],
						"0.4167": [-0.2, -0.95, -0.5],
						"1.5": [-0.2, -0.7, -0.5],
						"1.9167": [-0.2, -0.55, -0.5],
						"3.0": [-0.2, -0.8, -0.5]
					}
				},
				"leftArm": {
					"rotation": {
						"0.0": [-6.0305, -3.29991, -2.35367],
						"0.2917": [-7.0105, -3.29991, -2.35367],
						"1.5": [-4.01046, -3.29991, -2.35367],
						"1.7917": [-3.0271, -3.29991, -2.35367],
						"3.0": [-6.0305, -3.29991, -2.35367]
					},
					"position": {
						"0.0": [0.1, -1, -0.3],
						"0.4167": [0.1, -1.15, -0.3],
						"1.5": [0.1, -0.7, -0.3],
						"1.9167": [0.1, -0.55, -0.3],
						"3.0": [0.1, -1, -0.3]
					}
				},
				"head": {
					"rotation": {
						"0.0": [7.9988, 0.1392, -0.9903],
						"0.1667": [8.1988, 0.1392, -0.9903],
						"1.5": [5.9988, 0.1392, -0.9903],
						"1.6667": [5.6988, 0.1392, -0.9903],
						"3.0": [7.9988, 0.1392, -0.9903]
					},
					"position": {
						"0.0": [0, 0, 0],
						"0.1667": [0, 0, 0],
						"1.5": [0, -0.05, 0],
						"1.6667": [0, -0.05, 0],
						"3.0": [0, 0, 0]
					}
				},
				"rightLeg": {
					"rotation": [-0.18318, -8.99266, 1.32915],
					"position": [-0.1, 0, -0.4]
				},
				"leftLeg": {
					"rotation": [3.01101, -5.99633, -0.21016],
					"position": [0.1, 0, 0.7]
				},
				"nose": {
					"rotation": [-6, 0, 0],
					"position": {
						"0.0": [0, 0, 0],
						"1.4583": [0, 0.15, 0],
						"3.0": [0, 0, 0]
					}
				},
				"body1": {
					"scale": {
						"0.0": [1, 1, 1],
						"1.5": [1, 1, 1.025],
						"3.0": [1, 1, 1]
					}
				}
			}
		},
		"animation.zombie.villager_v2.base_face": {
			"loop": true,
			"animation_length": 10,
			"bones": {
				"eye_r": {
					"scale": [1, 2.03, 1]
				},
				"eye_layer_x": {
					"scale": [1, 1.9, 1]
				},
				"top": {
					"position": [0, 1.06, 0]
				},
				"left": {
					"scale": [1, 2.03, 1]
				},
				"eye_layer_x2": {
					"scale": [1, 1.9, 1]
				},
				"top2": {
					"position": [0, 1.06, 0]
				},
				"eyelid_right": {
					"position": {
						"1.0": [0, "math.clamp(variable.eye_target_y, 0, 90)*-0.0065+math.clamp(variable.eye_target_y, -140, 0)*-0.021", 0],
						"1.125": [0, -1.1, 0],
						"1.2917": [0, "math.clamp(variable.eye_target_y, 0, 90)*-0.0065+math.clamp(variable.eye_target_y, -140, 0)*-0.021", 0],
						"6.5": [0, "math.clamp(variable.eye_target_y, 0, 90)*-0.0065+math.clamp(variable.eye_target_y, -140, 0)*-0.021", 0],
						"6.625": [0, -1.1, 0],
						"6.7917": [0, "math.clamp(variable.eye_target_y, 0, 90)*-0.0065+math.clamp(variable.eye_target_y, -140, 0)*-0.021", 0]
					},
					"scale": {
						"1.0": [1, 1.83, 1],
						"1.125": [1, 2.03, 1],
						"1.2917": [1, 1.83, 1],
						"6.5": [1, 1.83, 1],
						"6.625": [1, 2.03, 1],
						"6.7917": [1, 1.83, 1]
					}
				},
				"eyelid_left": {
					"position": {
						"1.0": [0, "math.clamp(variable.eye_target_y, 0, 90)*-0.0065+math.clamp(variable.eye_target_y, -140, 0)*-0.021", 0],
						"1.125": [0, -1.1, 0],
						"1.2917": [0, "math.clamp(variable.eye_target_y, 0, 90)*-0.0065+math.clamp(variable.eye_target_y, -140, 0)*-0.021", 0],
						"6.5": [0, "math.clamp(variable.eye_target_y, 0, 90)*-0.0065+math.clamp(variable.eye_target_y, -140, 0)*-0.021", 0],
						"6.625": [0, -1.1, 0],
						"6.7917": [0, "math.clamp(variable.eye_target_y, 0, 90)*-0.0065+math.clamp(variable.eye_target_y, -140, 0)*-0.021", 0]
					},
					"scale": {
						"1.0": [1, 1.83, 1],
						"1.125": [1, 2.03, 1],
						"1.2917": [1, 1.83, 1],
						"6.5": [1, 1.83, 1],
						"6.625": [1, 2.03, 1],
						"6.7917": [1, 1.83, 1]
					}
				},
				"eyebrown": {
					"position": [0, "math.clamp(variable.eye_target_y, -70, 0)*-0.0075+math.clamp(variable.eye_target_y, 0, 90)*-0.0085", 0]
				}
			}
		},
		"animation.zombie.villager_v2.death_face": {
			"loop": "hold_on_last_frame",
			"animation_length": 0.125,
			"bones": {
				"eye_r": {
					"scale": [1, 2.03, 1]
				},
				"eye_layer_x": {
					"scale": [1, 1.9, 1]
				},
				"top": {
					"position": [0, 1.06, 0]
				},
				"left": {
					"scale": [1, 2.03, 1]
				},
				"eye_layer_x2": {
					"scale": [1, 1.9, 1]
				},
				"top2": {
					"position": [0, 1.06, 0]
				},
				"eyelid_right": {
					"position": {
						"0.0": [0, 0, 0],
						"0.125": [0, -1.1, 0]
					},
					"scale": {
						"0.0": [1, 1.83, 1],
						"0.125": [1, 2.03, 1]
					}
				},
				"eyelid_left": {
					"position": {
						"0.0": [0, 0, 0],
						"0.125": [0, -1.1, 0]
					},
					"scale": {
						"0.0": [1, 1.83, 1],
						"0.125": [1, 2.03, 1]
					}
				},
				"eyebrown": {
					"position": {
						"0.0": [0, 0, 0],
						"0.125": [0, -0.1, 0]
					}
				}
			}
		},
		"animation.zombie.villager_v2.walking": {
			"loop": true,
			"animation_length": 2,
			"anim_time_update": "query.modified_distance_moved * 0.23",
			"bones": {
				"waist": {
					"position": {
						"0.0": [0, 0, 0],
						"0.3333": [0, 0.4, 0],
						"1.0": [0, 0, 0],
						"1.3333": [0, 0.4, 0],
						"2.0": [0, 0, 0]
					}
				},
				"upper_body": {
					"rotation": {
						"0.0": [6, 0, -1],
						"0.5": [4, 0, -1],
						"1.0": [6, 0, 1],
						"1.5417": [4, 0, 1],
						"2.0": [6, 0, -1]
					},
					"position": {
						"0.0": [0, -0.3, 0],
						"0.1667": [0, -0.45, 0],
						"0.5": [0, 0.4, 0],
						"1.0": [0, -0.3, 0],
						"1.1667": [0, -0.45, 0],
						"1.5417": [0, 0.5, 0],
						"2.0": [0, -0.3, 0]
					}
				},
				"body": {
					"rotation": {
						"0.0": [0, 0.8, 0],
						"1.0": [0, -0.8, 0],
						"2.0": [0, 0.8, 0]
					},
					"position": {
						"0.0": [0, 0, 0],
						"0.5": [0, 0, -0.2],
						"1.0": [0, 0, 0],
						"1.5": [0, 0, -0.2],
						"2.0": [0, 0, 0]
					}
				},
				"rightArm": {
					"rotation": {
						"0.0": [-92.25875, 3.81148, -5.14723],
						"0.1667": [-93.2588, 3.81148, -5.14723],
						"0.5": [-85.2588, 3.81148, -5.14723],
						"0.6667": [-84.2588, 3.81148, -5.14723],
						"1.0": [-92.25875, 3.81148, -5.14723],
						"1.1667": [-93.2588, 3.81148, -5.14723],
						"1.5": [-85.2588, 3.81148, -5.14723],
						"1.6667": [-84.2588, 3.81148, -5.14723],
						"2.0": [-92.25875, 3.81148, -5.14723]
					},
					"position": {
						"0.0": [-0.17, -0.4, -1.2],
						"0.2083": [-0.17, -0.65, -1.2],
						"1.0": [-0.17, -0.3, -1.2],
						"1.1667": [-0.17, -0.55, -1.2],
						"2.0": [-0.17, -0.4, -1.2]
					}
				},
				"leftArm": {
					"rotation": {
						"0.0": [-90.99887, -2.92979, 4.05167],
						"0.1667": [-91.9989, -2.92979, 4.05167],
						"0.5": [-85.9989, -2.92979, 4.05167],
						"0.6667": [-84.9989, -2.92979, 4.05167],
						"1.0": [-90.99887, -2.92979, 4.05167],
						"1.1667": [-91.9989, -2.92979, 4.05167],
						"1.5": [-85.9989, -2.92979, 4.05167],
						"1.6667": [-84.9989, -2.92979, 4.05167],
						"2.0": [-90.99887, -2.92979, 4.05167]
					},
					"position": {
						"0.0": [0.17, -0.3, -1.2],
						"0.2083": [0.17, -0.55, -1.2],
						"1.0": [0.17, -0.4, -1.2],
						"1.2083": [0.17, -0.65, -1.2],
						"2.0": [0.17, -0.3, -1.2]
					}
				},
				"head": {
					"rotation": {
						"0.0": [-11.003, -0.1743, 1.9924],
						"0.5": [-13.003, -0.1743, 0],
						"1.0": [-11.003, -0.1743, -1.9924],
						"1.5417": [-13.003, 0.1743, 0],
						"2.0": [-11.003, -0.1743, 1.9924]
					},
					"position": {
						"0.0": [0, 0, 0],
						"0.5": [0, -0.05, 0],
						"1.0": [0, 0, 0],
						"1.5417": [0, -0.05, 0],
						"2.0": [0, 0, 0]
					}
				},
				"rightLeg": {
					"rotation": {
						"0.0": [-7, 0, 0],
						"1.0": [9, 0, 0],
						"1.375": [24, 0, 0],
						"1.625": [6.53, 0, 0],
						"2.0": [-7, 0, 0]
					},
					"position": {
						"0.0": [-0.07, 0, -1.2],
						"1.0": [-0.07, 0, 1],
						"1.375": [-0.07, 0.5, -1.2],
						"1.625": [-0.07, 1.87, -1.6],
						"2.0": [-0.07, 0, -1.2]
					}
				},
				"leftLeg": {
					"rotation": {
						"0.0": [9, 0, 0],
						"0.375": [24, 0, 0],
						"0.6667": [6.53, 0, 0],
						"1.0": [-7, 0, 0],
						"2.0": [9, 0, 0]
					},
					"position": {
						"0.0": [0.07, 0, 1],
						"0.375": [0.07, 0.5, -1.2],
						"0.6667": [0.07, 1.87, -1.6],
						"1.0": [0.07, 0, -1.2],
						"2.0": [0.07, 0, 1]
					}
				},
				"nose": {
					"rotation": {
						"0.0": [-8, 0, -2.8],
						"0.2083": [-8, 0, -3.1],
						"1.0": [-8, 0, 2.8],
						"1.2083": [-8, 0, 3.1],
						"2.0": [-8, 0, -2.8]
					},
					"position": {
						"0.0": [0, -0.2, 0],
						"0.2083": [0, -0.2, 0],
						"1.0": [0, -0.2, 0],
						"1.2083": [0, -0.2, 0],
						"2.0": [0, -0.2, 0]
					}
				}
			}
		},
		"animation.zombie.villager_v2.attack_time": {
			"loop": "hold_on_last_frame",
			"animation_length": 2,
			"bones": {
				"waist": {
					"position": {
						"0.0": [0, 0, 0],
						"0.3333": [0, 0.4, 0],
						"1.0": [0, 0, 0],
						"1.3333": [0, 0.4, 0],
						"2.0": [0, 0, 0]
					}
				},
				"upper_body": {
					"rotation": {
						"0.0": [6, 0, -1],
						"0.0833": [2.33333, 0, -1],
						"0.2083": [16.95833, 0, -1],
						"0.2917": [4, 0, -1],
						"1.0": [6, 0, 1],
						"1.5417": [4, 0, 1],
						"2.0": [6, 0, -1]
					},
					"position": {
						"0.0": [0, -0.3, 0],
						"0.0833": [0, -0.25, 0],
						"0.2083": [0, -0.63, 0],
						"0.2917": [0, 0.4, 0],
						"1.0": [0, -0.3, 0],
						"1.1667": [0, -0.45, 0],
						"1.5417": [0, 0.5, 0],
						"2.0": [0, -0.3, 0]
					}
				},
				"body": {
					"rotation": {
						"0.0": [0, 0.8, 0],
						"1.0": [0, -0.8, 0],
						"2.0": [0, 0.8, 0]
					},
					"position": {
						"0.0": [0, 0, 0],
						"0.5": [0, 0, -0.2],
						"1.0": [0, 0, 0],
						"1.5": [0, 0, -0.2],
						"2.0": [0, 0, 0]
					}
				},
				"rightArm": {
					"rotation": {
						"0.0": [-92.25875, 3.81148, -5.14723],
						"0.0833": [-163.2588, 3.81148, -5.14723],
						"0.125": [-163.2588, 3.81148, -5.14723],
						"0.2083": [-54.0088, 3.81148, -5.14723],
						"0.2917": [-54.0088, 3.81148, -5.14723],
						"0.5": [-85.2588, 3.81148, -5.14723],
						"0.6667": [-84.2588, 3.81148, -5.14723],
						"1.0": [-92.25875, 3.81148, -5.14723],
						"1.1667": [-93.2588, 3.81148, -5.14723],
						"1.5": [-85.2588, 3.81148, -5.14723],
						"1.6667": [-84.2588, 3.81148, -5.14723],
						"2.0": [-92.25875, 3.81148, -5.14723]
					},
					"position": {
						"0.0": [-0.2, -0.4, -1.2],
						"0.0833": [-0.2, 1.4, -1.2],
						"0.125": [-0.2, 1.4, -1.2],
						"0.2083": [-0.2, -0.75, -1.9],
						"0.2917": [-0.2, -0.75, -1.9],
						"1.0": [-0.2, -0.3, -1.2],
						"1.2083": [-0.2, -0.55, -1.2],
						"2.0": [-0.2, -0.4, -1.2]
					}
				},
				"leftArm": {
					"rotation": {
						"0.0": [-90.99887, -2.92979, 4.05167],
						"0.0833": [-165.9989, -2.92979, 4.05167],
						"0.125": [-165.9989, -2.92979, 4.05167],
						"0.2083": [-47.9989, -2.92979, 4.05167],
						"0.2917": [-47.9989, -2.92979, 4.05167],
						"0.5": [-85.9989, -2.92979, 4.05167],
						"0.6667": [-84.9989, -2.92979, 4.05167],
						"1.0": [-90.99887, -2.92979, 4.05167],
						"1.1667": [-91.9989, -2.92979, 4.05167],
						"1.5": [-85.9989, -2.92979, 4.05167],
						"1.6667": [-84.9989, -2.92979, 4.05167],
						"2.0": [-90.99887, -2.92979, 4.05167]
					},
					"position": {
						"0.0": [0.2, -0.3, -1.2],
						"0.0833": [0.2, 1.4, -1.2],
						"0.125": [0.2, 1.4, -1.2],
						"0.2083": [0.2, -0.57, -1.9],
						"0.2917": [0.2, -0.57, -1.9],
						"1.0": [0.2, -0.4, -1.2],
						"1.1667": [0.2, -0.65, -1.2],
						"2.0": [0.2, -0.3, -1.2]
					}
				},
				"head": {
					"rotation": {
						"0.0": [-11.003, "-0.1743+query.target_y_rotation", 1.9924],
						"0.125": [-17.003, "-0.1743+query.target_y_rotation", 1.9924],
						"0.2917": [15.997, "-0.1743+query.target_y_rotation", 1.9924],
						"0.4583": [-11.003, "-0.1743+query.target_y_rotation", 1.9924]
					},
					"position": {
						"0.0": [0, 0, 0],
						"0.5": [0, -0.05, 0],
						"1.0": [0, 0, 0],
						"1.5417": [0, -0.05, 0],
						"2.0": [0, 0, 0]
					}
				},
				"nose": {
					"rotation": {
						"0.0": [-8, 0, -2.8],
						"0.0833": [8.5, 0, -2.89],
						"0.2083": [-33, 0, -2.98],
						"0.25": [-33, 0, -2.98],
						"0.3333": [8, 0, -3.1],
						"0.4583": [-15.36842, 0, -2.47895],
						"0.5833": [-4.63467, 0, -1.23684]
					},
					"position": {
						"0.0": [0, -0.2, 0],
						"0.3333": [0, -0.2, 0]
					}
				}
			}
		},
		"animation.zombie.villager_v2.attack_walk": {
			"loop": true,
			"animation_length": 2,
			"anim_time_update": "query.modified_distance_moved * 0.22",
			"bones": {
				"rightLeg": {
					"rotation": {
						"0.0": [-7, 0, 0],
						"1.0": [9, 0, 0],
						"1.375": [24, 0, 0],
						"1.625": [6.53, 0, 0],
						"2.0": [-7, 0, 0]
					},
					"position": {
						"0.0": [-0.07, 0, -1.2],
						"1.0": [-0.07, 0, 1],
						"1.375": [-0.07, 0.5, -1.2],
						"1.625": [-0.07, 1.87, -1.6],
						"2.0": [-0.07, 0, -1.2]
					}
				},
				"leftLeg": {
					"rotation": {
						"0.0": [9, 0, 0],
						"0.375": [24, 0, 0],
						"0.6667": [6.53, 0, 0],
						"1.0": [-7, 0, 0],
						"2.0": [9, 0, 0]
					},
					"position": {
						"0.0": [0.07, 0, 1],
						"0.375": [0.07, 0.5, -1.2],
						"0.6667": [0.07, 1.87, -1.6],
						"1.0": [0.07, 0, -1.2],
						"2.0": [0.07, 0, 1]
					}
				}
			}
		},
		"animation.zombie.villager_v2.riding_leg": {
			"loop": true,
			"bones": {
				"rightLeg": {
					"rotation": ["-72.0 - this", "18.0 - this", "-this"]
				},
				"leftLeg": {
					"rotation": ["-72.0 - this", "-18.0 - this", "-this"]
				}
			}
		},
		"animation.zombie.villager_v2.riding_arms": {
			"loop": true,
			"animation_length": 3,
			"bones": {
				"upper_body": {
					"rotation": {
						"0.0": [7, 0, 0],
						"1.5": [6, 0, 0],
						"3.0": [7, 0, 0]
					},
					"position": {
						"0.0": [0, 0, 0.2],
						"1.5": [0, 0.35, 0.2],
						"3.0": [0, 0, 0.2]
					}
				},
				"rightArm": {
					"rotation": {
						"0.0": [-6.2693, -1.47891, 2.24591],
						"0.2917": [-7.236, -1.47891, 2.24591],
						"1.5": [-4.26933, -1.47891, 2.24591],
						"1.7917": [-3.2638, -1.47891, 2.24591],
						"3.0": [-6.2693, -1.47891, 2.24591]
					},
					"position": {
						"0.0": [-0.2, -0.8, -0.5],
						"0.3333": [-0.2, -0.95, -0.5],
						"1.5": [-0.2, -0.7, -0.5],
						"1.9167": [-0.2, -0.55, -0.5],
						"3.0": [-0.2, -0.8, -0.5]
					}
				},
				"leftArm": {
					"rotation": {
						"0.0": [-6.0305, -3.29991, -2.35367],
						"0.2917": [-7.0105, -3.29991, -2.35367],
						"1.5": [-4.01046, -3.29991, -2.35367],
						"1.7917": [-3.0271, -3.29991, -2.35367],
						"3.0": [-6.0305, -3.29991, -2.35367]
					},
					"position": {
						"0.0": [0.2, -1, -0.3],
						"0.4167": [0.2, -1.15, -0.3],
						"1.5": [0.2, -0.7, -0.3],
						"1.9167": [0.2, -0.55, -0.3],
						"3.0": [0.2, -1, -0.3]
					}
				},
				"head": {
					"rotation": {
						"0.0": [7.9988, 0.1392, -0.9903],
						"0.1667": [8.1988, 0.1392, -0.9903],
						"1.5": [5.9988, 0.1392, -0.9903],
						"1.6667": [5.6988, 0.1392, -0.9903],
						"3.0": [7.9988, 0.1392, -0.9903]
					},
					"position": {
						"0.0": [0, 0, 0],
						"0.1667": [0, 0, 0],
						"1.5": [0, -0.05, 0],
						"1.6667": [0, -0.05, 0],
						"3.0": [0, 0, 0]
					}
				},
				"nose": {
					"rotation": [-6, 0, 0],
					"position": {
						"0.0": [0, 0, 0],
						"1.4583": [0, 0.15, 0],
						"3.0": [0, 0, 0]
					}
				},
				"body1": {
					"scale": {
						"0.0": [1, 1, 1],
						"1.5": [1, 1, 1.025],
						"3.0": [1, 1, 1]
					}
				}
			}
		},
		"animation.zombie.villager_v2.riding_arms_attack": {
			"loop": true,
			"animation_length": 3,
			"bones": {
				"upper_body": {
					"rotation": {
						"0.0": [7, 0, 0],
						"1.5": [6, 0, 0],
						"3.0": [7, 0, 0]
					},
					"position": {
						"0.0": [0, 0, 0.2],
						"1.5": [0, 0.35, 0.2],
						"3.0": [0, 0, 0.2]
					}
				},
				"rightArm": {
					"rotation": {
						"0.0": [-92.25875, 3.81148, -5.14723],
						"1.5": [-88.25875, 3.81148, -5.14723],
						"3.0": [-92.25875, 3.81148, -5.14723]
					},
					"position": {
						"0.0": [-0.2, -0.8, -1.2],
						"0.4167": [-0.2, -0.95, -1.2],
						"1.5": [-0.2, -0.7, -1.2],
						"1.9167": [-0.2, -0.55, -1.2],
						"3.0": [-0.2, -0.8, -1.2]
					}
				},
				"leftArm": {
					"rotation": {
						"0.0": [-90.99887, -2.92979, 4.05167],
						"1.5": [-86.99887, -2.92979, 4.05167],
						"3.0": [-90.99887, -2.92979, 4.05167]
					},
					"position": {
						"0.0": [0.2, -1, -1.2],
						"0.4167": [0.2, -1.15, -1.2],
						"1.5": [0.2, -0.7, -1.2],
						"1.9167": [0.2, -0.55, -1.2],
						"3.0": [0.2, -1, -1.2]
					}
				},
				"head": {
					"rotation": {
						"0.0": [-3.0012, 0.1392, -0.9903],
						"1.5": [-1.0012, 0.1392, -0.9903],
						"3.0": [-3.0012, 0.1392, -0.9903]
					},
					"position": {
						"0.0": [0, 0, 0],
						"1.5": [0, -0.05, 0],
						"3.0": [0, 0, 0]
					}
				},
				"nose": {
					"rotation": [-6, 0, 0],
					"position": {
						"0.0": [0, 0, 0],
						"1.4583": [0, 0.15, 0],
						"3.0": [0, 0, 0]
					}
				},
				"body1": {
					"scale": {
						"0.0": [1, 1, 1],
						"1.5": [1, 1, 1.025],
						"3.0": [1, 1, 1]
					}
				}
			}
		},
		"animation.zombie.villager_v2.baby": {
			"loop": true,
			"bones": {
				"head": {
					"scale": 1.4
				}
			}
		},
		"animation.zombie.villager_v2.hurt": {
			"animation_length": 0.4167,
			"bones": {
				"upper_body": {
					"rotation": {
						"0.0": [0, 0, 0],
						"0.125": [-0.4557, -1.0383, -0.8913],
						"0.2917": [3, 0, 0],
						"0.375": [0, 0, 0]
					},
					"position": {
						"0.0": [0, 0, 0],
						"0.1667": [0, -1.5, 1.4],
						"0.375": [0, 0, 0]
					}
				},
				"rightArm": {
					"rotation": {
						"0.0": [0, 0, 0],
						"0.125": [-55, 0, 0],
						"0.2917": [0, 0, 0]
					},
					"position": {
						"0.0": [0, 0, 0],
						"0.1667": [0, -1.6, 0],
						"0.2917": [0, 0, 0]
					}
				},
				"leftArm": {
					"rotation": {
						"0.0": [0, 0, 0],
						"0.125": [-55, 0, 0],
						"0.2917": [0, 0, 0]
					},
					"position": {
						"0.0": [0, 0, 0],
						"0.1667": [0, -1.5, 0],
						"0.2917": [0, 0, 0]
					}
				},
				"head": {
					"rotation": {
						"0.0": [0, 0, 0],
						"0.125": [-16.93902, -1.46016, -5.7826],
						"0.25": [17.14, 0, 0],
						"0.375": [0, 0, 0]
					},
					"position": {
						"0.0": [0, 0, 0],
						"0.125": [0, 0, 0.8],
						"0.2917": [0, 0, 0.6],
						"0.375": [0, 0, 0]
					}
				},
				"nose": {
					"rotation": {
						"0.0": [0, 0, 0],
						"0.0417": [17.25, 0, 0],
						"0.125": [-0.92, 0, 0],
						"0.2083": [-48, 0, 0],
						"0.3333": [13, 0, 0],
						"0.4167": [0, 0, 0]
					},
					"position": {
						"0.0": [0, 0, 0],
						"0.2083": [0, 0, 0.5],
						"0.4167": [0, 0, 0]
					}
				},
				"eye_r": {
					"scale": [1, 2.03, 1]
				},
				"eye_layer_x": {
					"scale": [1, 1.9, 1]
				},
				"top": {
					"position": [0, 1.06, 0]
				},
				"left": {
					"scale": [1, 2.03, 1]
				},
				"eye_layer_x2": {
					"scale": [1, 1.9, 1]
				},
				"top2": {
					"position": [0, 1.06, 0]
				},
				"eyeball_right": {
					"position": {
						"0.0": [0, 0.3, 0],
						"0.2917": [0, 0.3, 0],
						"0.4167": [0, 0, 0]
					},
					"scale": {
						"0.0": [0.64, 0.64, 1],
						"0.2917": [0.64, 0.64, 1],
						"0.4167": [1, 1, 1]
					}
				},
				"eyeball_left": {
					"position": {
						"0.0": [0, 0.3, 0],
						"0.2917": [0, 0.3, 0],
						"0.4167": [0, 0, 0]
					},
					"scale": {
						"0.0": [0.7, 0.7, 1],
						"0.2917": [0.7, 0.7, 1],
						"0.4167": [1, 1, 1]
					}
				},
				"eyelid_right": {
					"position": [0, 1, 0]
				},
				"eyelid_left": {
					"position": [0, 1, 0]
				},
				"eyebrown": {
					"position": {
						"0.0": [0, 1, 0],
						"0.3333": [0, 1, 0],
						"0.4167": [0, 0, 0]
					}
				}
			}
		},
		"animation.zombie.villager_v2.hurt2": {
			"animation_length": 0.4167,
			"bones": {
				"upper_body": {
					"rotation": {
						"0.0": [0, 0, 0],
						"0.125": [0.4557, -1.0383, 0.8913],
						"0.2917": [-3, 0, 0],
						"0.375": [0, 0, 0]
					},
					"position": {
						"0.0": [0, 0, 0],
						"0.1667": [0, -1.5, -1.4],
						"0.375": [0, 0, 0]
					}
				},
				"rightArm": {
					"rotation": {
						"0.0": [0, 0, 0],
						"0.125": [-55, 0, 0],
						"0.2917": [0, 0, 0]
					},
					"position": {
						"0.0": [0, 0, 0],
						"0.1667": [0, -1.6, 0],
						"0.2917": [0, 0, 0]
					}
				},
				"leftArm": {
					"rotation": {
						"0.0": [0, 0, 0],
						"0.125": [-55, 0, 0],
						"0.2917": [0, 0, 0]
					},
					"position": {
						"0.0": [0, 0, 0],
						"0.1667": [0, -1.5, 0],
						"0.2917": [0, 0, 0]
					}
				},
				"head": {
					"rotation": {
						"0.0": [0, 0, 0],
						"0.125": [16.93902, -1.46016, 6.1826],
						"0.2083": [-17.14, 0, 0],
						"0.375": [0, 0, 0]
					},
					"position": {
						"0.0": [0, 0, 0],
						"0.125": [0, 0, -0.8],
						"0.2917": [0, 0, -0.6],
						"0.375": [0, 0, 0]
					}
				},
				"nose": {
					"rotation": {
						"0.0": [0, 0, 0],
						"0.0833": [-25.75, 0, 0],
						"0.2083": [-48, 0, 0],
						"0.3333": [13, 0, 0],
						"0.4167": [0, 0, 0]
					},
					"position": {
						"0.0": [0, 0, 0],
						"0.2083": [0, 0, 0.5],
						"0.4167": [0, 0, 0]
					}
				},
				"eye_r": {
					"scale": [1, 2.03, 1]
				},
				"eye_layer_x": {
					"scale": [1, 1.9, 1]
				},
				"top": {
					"position": [0, 1.06, 0]
				},
				"left": {
					"scale": [1, 2.03, 1]
				},
				"eye_layer_x2": {
					"scale": [1, 1.9, 1]
				},
				"top2": {
					"position": [0, 1.06, 0]
				},
				"eyeball_right": {
					"position": {
						"0.0": [0, 0.3, 0],
						"0.2917": [0, 0.3, 0],
						"0.4167": [0, 0, 0]
					},
					"scale": {
						"0.0": [0.64, 0.64, 1],
						"0.2917": [0.64, 0.64, 1],
						"0.4167": [1, 1, 1]
					}
				},
				"eyeball_left": {
					"position": {
						"0.0": [0, 0.3, 0],
						"0.2917": [0, 0.3, 0],
						"0.4167": [0, 0, 0]
					},
					"scale": {
						"0.0": [0.7, 0.7, 1],
						"0.2917": [0.7, 0.7, 1],
						"0.4167": [1, 1, 1]
					}
				},
				"eyelid_right": {
					"position": [0, 1, 0]
				},
				"eyelid_left": {
					"position": [0, 1, 0]
				},
				"eyebrown": {
					"position": {
						"0.0": [0, 1, 0],
						"0.3333": [0, 1, 0],
						"0.4167": [0, 0, 0]
					}
				}
			}
		},
		"animation.zombie.villager_v2.looking": {
			"loop": "hold_on_last_frame",
			"bones": {
				"head": {
					"rotation": ["query.target_x_rotation", "query.target_y_rotation", "math.clamp(query.target_y_rotation, -55, 55)*0.09"]
				},
				"nose": {
					"rotation": [0, 0, "math.clamp(-variable.eye_target_x, -140, 140)*0.175"]
				},
				"body": {
					"rotation": [0, "math.clamp(query.target_y_rotation, -35, 35)*0.192", "math.clamp(query.target_y_rotation, -5, 5)*-0.024"]
				},
				"eyeball_right": {
					"position": ["math.clamp(-variable.eye_target_x, -290, 15)*0.0092", "-variable.eye_target_y*0.008", 0]
				},
				"eyeball_left": {
					"position": ["math.clamp(-variable.eye_target_x, -15, 290)*0.0092", "-variable.eye_target_y*0.008", 0]
				}
			}
		}
	}
}