{
	"format_version": "1.19.0",
	"animation_controllers": {
		"controller.animation.evoker.common": {
			"states": {
				"default": {
					"animations": ["base"],
					"transitions": [
						{"base": "query.ground_speed < 0.3"},
						{"walk": "query.ground_speed > 0.3"},
						{"riding": "query.is_riding"},
						{"celebrate": "query.is_celebrating"}
					],
					"blend_transition": 0.2
				},
				"base": {
					"animations": ["base"],
					"transitions": [
						{"walk": "query.ground_speed > 0.3"},
						{"pre_casting": "query.is_casting"},
						{"swim": "query.is_in_water"},
						{"riding": "query.is_riding"},
						{"celebrate": "query.is_celebrating"}
					],
					"blend_transition": 0.2
				},
				"walk": {
					"animations": ["walking"],
					"transitions": [
						{"base": "query.ground_speed < 0.3"},
						{"pre_casting": "query.is_casting"},
						{"swim": "query.is_in_water"},
						{"riding": "query.is_riding"},
						{"celebrate": "query.is_celebrating"}
					],
					"blend_transition": 0.2
				},
				"pre_casting": {
					"transitions": [
						{"casting": "query.is_casting"},
						{"default": "!query.is_casting"}
					],
					"blend_transition": 0.07,
					"blend_via_shortest_path": true
				},
				"casting": {
					"animations": ["casting_spell", "casting_hands"],
					"particle_effects": [
						{
							"effect": "spell",
							"locator": "left_hand"
						},
						{
							"effect": "spell",
							"locator": "right_hand"
						}
					],
					"transitions": [
						{"default": "!query.is_casting"},
						{"swim": "query.is_in_water"},
						{"riding": "query.is_riding"},
						{"celebrate": "query.is_celebrating"}
					],
					"blend_transition": 0.2
				},
				"swim": {
					"animations": ["swimming"],
					"transitions": [
						{"default": "!query.is_in_water && query.is_on_ground"},
						{"riding": "query.is_riding"},
						{"pre_casting_swim": "query.is_casting"}
					],
					"blend_transition": 0.2
				},
				"pre_casting_swim": {
					"transitions": [
						{"swim_casting": "query.is_casting"},
						{"swim": "!query.is_casting"}
					],
					"blend_transition": 0.07,
					"blend_via_shortest_path": true
				},
				"swim_casting": {
					"animations": ["swimming_casting", "casting_hands"],
					"particle_effects": [
						{
							"effect": "spell",
							"locator": "left_hand"
						},
						{
							"effect": "spell",
							"locator": "right_hand"
						}
					],
					"transitions": [
						{"swim": "!query.is_casting && query.is_in_water"},
						{"default": "!query.is_in_water && query.is_on_ground"},
						{"riding_casting": "query.is_riding"}
					],
					"blend_transition": 0.2
				},
				"riding": {
					"animations": ["riding"],
					"transitions": [
						{"default": "!query.is_riding"},
						{"pre_casting_riding": "query.is_casting"}
					],
					"blend_transition": 0.2
				},
				"pre_casting_riding": {
					"transitions": [
						{"riding_casting": "query.is_casting"},
						{"riding": "!query.is_casting"}
					],
					"blend_transition": 0.07
				},
				"riding_casting": {
					"animations": ["riding_casting", "casting_hands"],
					"particle_effects": [
						{
							"effect": "spell",
							"locator": "left_hand"
						},
						{
							"effect": "spell",
							"locator": "right_hand"
						}
					],
					"transitions": [
						{"riding": "!query.is_casting || !query.is_riding"}
					],
					"blend_transition": 0.2
				},
				"celebrate": {
					"animations": ["celebrating"],
					"transitions": [
						{"default": "!query.is_celebrating"}
					],
					"blend_transition": 0.2
				}
			}
		},
		"controller.animation.evoker.facial": {
			"states": {
				"default": {
					"animations": ["base_face"],
					"transitions": [
						{"base_face": "query.ground_speed < 0.3"},
						{"walk_face": "query.ground_speed > 0.3"},
						{"casting_face": "query.is_casting"},
						{"death_face": "!query.is_alive"}
					],
					"blend_transition": 0.25
				},
				"base_face": {
					"animations": ["base_face"],
					"transitions": [
						{"default": "query.any_animation_finished"},
						{"casting_face": "query.is_casting"},
						{"death_face": "!query.is_alive"}
					],
					"blend_transition": 0.25
				},
				"walk_face": {
					"animations": ["base_face"],
					"transitions": [
						{"default": "query.any_animation_finished"},
						{"casting_face": "query.is_casting"},
						{"death_face": "!query.is_alive"}
					],
					"blend_transition": 0.25
				},
				"casting_face": {
					"animations": ["casting_face"],
					"transitions": [
						{"default": "!query.is_casting\n"},
						{"death_face": "!query.is_alive"}
					],
					"blend_transition": 0.25
				},
				"death_face": {
					"animations": ["death_face"]
				}
			}
		},
		"controller.animation.evoker.damage": {
			"states": {
				"default": {
					"transitions": [
						{"dmg1": "query.health == 23 && query.is_alive"},
						{"dmg2": "query.health == 22 && query.is_alive"},
						{"dmg3": "query.health == 21 && query.is_alive"},
						{"dmg4": "query.health == 20 && query.is_alive"},
						{"dmg5": "query.health == 19 && query.is_alive"},
						{"dmg6": "query.health == 18 && query.is_alive"},
						{"dmg7": "query.health == 17 && query.is_alive"},
						{"dmg8": "query.health == 16 && query.is_alive"},
						{"dmg9": "query.health == 15 && query.is_alive"},
						{"dmg10": "query.health == 14 && query.is_alive"},
						{"dmg11": "query.health == 13 && query.is_alive"},
						{"dmg12": "query.health == 12 && query.is_alive"},
						{"dmg13": "query.health == 11 && query.is_alive"},
						{"dmg14": "query.health == 10 && query.is_alive"},
						{"dmg15": "query.health == 9 && query.is_alive"},
						{"dmg16": "query.health == 8 && query.is_alive"},
						{"dmg17": "query.health == 7 && query.is_alive"},
						{"dmg18": "query.health == 6 && query.is_alive"},
						{"dmg19": "query.health == 5 && query.is_alive"},
						{"dmg20": "query.health == 4 && query.is_alive"},
						{"dmg21": "query.health == 3 && query.is_alive"},
						{"dmg22": "query.health == 2 && query.is_alive"},
						{"dmg23": "query.health == 1 && query.is_alive"}
					]
				},
				"dmg1": {
					"animations": [
						{"hurt": "v.hurt_anim == 1"},
						{"hurt2": "v.hurt_anim == 2"}
					],
					"on_entry": ["v.hurt_anim = math.random_integer(1, 2);"],
					"transitions": [
						{"default": "query.health != 23"}
					]
				},
				"dmg2": {
					"animations": [
						{"hurt": "v.hurt_anim == 1"},
						{"hurt2": "v.hurt_anim == 2"}
					],
					"on_entry": ["v.hurt_anim = math.random_integer(1, 2);"],
					"transitions": [
						{"default": "query.health != 22"}
					]
				},
				"dmg3": {
					"animations": [
						{"hurt": "v.hurt_anim == 1"},
						{"hurt2": "v.hurt_anim == 2"}
					],
					"on_entry": ["v.hurt_anim = math.random_integer(1, 2);"],
					"transitions": [
						{"default": "query.health != 21"}
					]
				},
				"dmg4": {
					"animations": [
						{"hurt": "v.hurt_anim == 1"},
						{"hurt2": "v.hurt_anim == 2"}
					],
					"on_entry": ["v.hurt_anim = math.random_integer(1, 2);"],
					"transitions": [
						{"default": "query.health != 20"}
					]
				},
				"dmg5": {
					"animations": [
						{"hurt": "v.hurt_anim == 1"},
						{"hurt2": "v.hurt_anim == 2"}
					],
					"on_entry": ["v.hurt_anim = math.random_integer(1, 2);"],
					"transitions": [
						{"default": "query.health != 19"}
					]
				},
				"dmg6": {
					"animations": [
						{"hurt": "v.hurt_anim == 1"},
						{"hurt2": "v.hurt_anim == 2"}
					],
					"on_entry": ["v.hurt_anim = math.random_integer(1, 2);"],
					"transitions": [
						{"default": "query.health != 18"}
					]
				},
				"dmg7": {
					"animations": [
						{"hurt": "v.hurt_anim == 1"},
						{"hurt2": "v.hurt_anim == 2"}
					],
					"on_entry": ["v.hurt_anim = math.random_integer(1, 2);"],
					"transitions": [
						{"default": "query.health != 17"}
					]
				},
				"dmg8": {
					"animations": [
						{"hurt": "v.hurt_anim == 1"},
						{"hurt2": "v.hurt_anim == 2"}
					],
					"on_entry": ["v.hurt_anim = math.random_integer(1, 2);"],
					"transitions": [
						{"default": "query.health != 16"}
					]
				},
				"dmg9": {
					"animations": [
						{"hurt": "v.hurt_anim == 1"},
						{"hurt2": "v.hurt_anim == 2"}
					],
					"on_entry": ["v.hurt_anim = math.random_integer(1, 2);"],
					"transitions": [
						{"default": "query.health != 15"}
					]
				},
				"dmg10": {
					"animations": [
						{"hurt": "v.hurt_anim == 1"},
						{"hurt2": "v.hurt_anim == 2"}
					],
					"on_entry": ["v.hurt_anim = math.random_integer(1, 2);"],
					"transitions": [
						{"default": "query.health != 14"}
					]
				},
				"dmg11": {
					"animations": [
						{"hurt": "v.hurt_anim == 1"},
						{"hurt2": "v.hurt_anim == 2"}
					],
					"on_entry": ["v.hurt_anim = math.random_integer(1, 2);"],
					"transitions": [
						{"default": "query.health != 13"}
					]
				},
				"dmg12": {
					"animations": [
						{"hurt": "v.hurt_anim == 1"},
						{"hurt2": "v.hurt_anim == 2"}
					],
					"on_entry": ["v.hurt_anim = math.random_integer(1, 2);"],
					"transitions": [
						{"default": "query.health != 12"}
					]
				},
				"dmg13": {
					"animations": [
						{"hurt": "v.hurt_anim == 1"},
						{"hurt2": "v.hurt_anim == 2"}
					],
					"on_entry": ["v.hurt_anim = math.random_integer(1, 2);"],
					"transitions": [
						{"default": "query.health != 11"}
					]
				},
				"dmg14": {
					"animations": [
						{"hurt": "v.hurt_anim == 1"},
						{"hurt2": "v.hurt_anim == 2"}
					],
					"on_entry": ["v.hurt_anim = math.random_integer(1, 2);"],
					"transitions": [
						{"default": "query.health != 10"}
					]
				},
				"dmg15": {
					"animations": [
						{"hurt": "v.hurt_anim == 1"},
						{"hurt2": "v.hurt_anim == 2"}
					],
					"on_entry": ["v.hurt_anim = math.random_integer(1, 2);"],
					"transitions": [
						{"default": "query.health != 9"}
					]
				},
				"dmg16": {
					"animations": [
						{"hurt": "v.hurt_anim == 1"},
						{"hurt2": "v.hurt_anim == 2"}
					],
					"on_entry": ["v.hurt_anim = math.random_integer(1, 2);"],
					"transitions": [
						{"default": "query.health != 8"}
					]
				},
				"dmg17": {
					"animations": [
						{"hurt": "v.hurt_anim == 1"},
						{"hurt2": "v.hurt_anim == 2"}
					],
					"on_entry": ["v.hurt_anim = math.random_integer(1, 2);"],
					"transitions": [
						{"default": "query.health != 7"}
					]
				},
				"dmg18": {
					"animations": [
						{"hurt": "v.hurt_anim == 1"},
						{"hurt2": "v.hurt_anim == 2"}
					],
					"on_entry": ["v.hurt_anim = math.random_integer(1, 2);"],
					"transitions": [
						{"default": "query.health != 6"}
					]
				},
				"dmg19": {
					"animations": [
						{"hurt": "v.hurt_anim == 1"},
						{"hurt2": "v.hurt_anim == 2"}
					],
					"on_entry": ["v.hurt_anim = math.random_integer(1, 2);"],
					"transitions": [
						{"default": "query.health != 5"}
					]
				},
				"dmg20": {
					"animations": [
						{"hurt": "v.hurt_anim == 1"},
						{"hurt2": "v.hurt_anim == 2"}
					],
					"on_entry": ["v.hurt_anim = math.random_integer(1, 2);"],
					"transitions": [
						{"default": "query.health != 4"}
					]
				},
				"dmg21": {
					"animations": [
						{"hurt": "v.hurt_anim == 1"},
						{"hurt2": "v.hurt_anim == 2"}
					],
					"on_entry": ["v.hurt_anim = math.random_integer(1, 2);"],
					"transitions": [
						{"default": "query.health != 3"}
					]
				},
				"dmg22": {
					"animations": [
						{"hurt": "v.hurt_anim == 1"},
						{"hurt2": "v.hurt_anim == 2"}
					],
					"on_entry": ["v.hurt_anim = math.random_integer(1, 2);"],
					"transitions": [
						{"default": "query.health != 2"}
					]
				},
				"dmg23": {
					"animations": [
						{"hurt": "v.hurt_anim == 1"},
						{"hurt2": "v.hurt_anim == 2"}
					],
					"on_entry": ["v.hurt_anim = math.random_integer(1, 2);"],
					"transitions": [
						{"default": "query.health != 1"}
					]
				}
			}
		},
		"controller.animation.evoker.look_target": {
			"states": {
				"default": {
					"transitions": [
						{"look": "query.is_alive"}
					]
				},
				"look": {
					"animations": ["looking"],
					"transitions": [
						{"default": "!query.is_alive"}
					]
				}
			}
		}
	}
}