{
	"format_version": "1.19.0",
	"animation_controllers": {
		"controller.animation.iron_golem.general": {
			"states": {
				"default": {
					"animations": ["base"],
					"transitions": [
						{"base": "query.ground_speed < 0.3 && query.health > 25"},
						{"walk": "query.ground_speed > 0.3 && query.health > 25 && !query.has_target"},
						{"walk_has_target": "query.has_target && query.ground_speed > 0.3 && query.health > 25"},
						{"base_craked": "query.ground_speed < 0.3 && query.health < 25"},
						{"walk_craked": "query.ground_speed > 0.3 && query.health < 25"},
						{"offer_flower": "v.offer_flower_tick > 0.0"}
					],
					"blend_transition": 0.2
				},
				"base": {
					"animations": ["base"],
					"transitions": [
						{"walk": "query.ground_speed > 0.3 && query.health > 25 && !query.has_target"},
						{"walk_has_target": "query.has_target && query.ground_speed > 0.3 && query.health > 25"},
						{"pre_attack": "variable.attack_animation_tick > 0"},
						{"base_craked": "query.ground_speed < 0.3 && query.health < 25"},
						{"walk_craked": "query.ground_speed > 0.3 && query.health < 25"},
						{"offer_flower": "v.offer_flower_tick > 0.0"}
					],
					"blend_transition": 0.2
				},
				"base_craked": {
					"animations": ["base_cracked"],
					"transitions": [
						{"walk_craked": "query.ground_speed > 0.3"},
						{"pre_attack": "variable.attack_animation_tick > 0"},
						{"default": "query.health > 25"},
						{"offer_flower": "v.offer_flower_tick > 0.0"}
					],
					"blend_transition": 0.2
				},
				"walk": {
					"animations": ["walking"],
					"transitions": [
						{"base": "query.ground_speed < 0.3 && query.health > 25"},
						{"walk_has_target": "query.has_target && query.ground_speed > 0.3 && query.health > 25"},
						{"base_craked": "query.ground_speed < 0.3 && query.health < 25"},
						{"walk_craked": "query.ground_speed > 0.3 && query.health < 25"},
						{"offer_flower": "v.offer_flower_tick > 0.0"}
					],
					"blend_transition": 0.2
				},
				"walk_craked": {
					"animations": ["walking_cracked"],
					"transitions": [
						{"base_craked": "query.ground_speed < 0.3"},
						{"pre_attack": "variable.attack_animation_tick > 0"},
						{"default": "query.health > 25"},
						{"offer_flower": "v.offer_flower_tick > 0.0"}
					],
					"blend_transition": 0.2
				},
				"walk_has_target": {
					"animations": ["walking_has_target"],
					"transitions": [
						{"default": "!query.has_target"},
						{"pre_attack": "variable.attack_animation_tick > 0"},
						{"walk_craked": "query.ground_speed > 0.3 && query.health < 25"},
						{"base": "query.ground_speed < 0.3 && query.has_target"}
					],
					"blend_transition": 0.2
				},
				"pre_attack": {
					"transitions": [
						{"attack_time": "variable.attack_animation_tick > 0"}
					],
					"blend_transition": 0.025,
					"blend_via_shortest_path": true
				},
				"attack_time": {
					"animations": ["attack_time", "attack_walk"],
					"transitions": [
						{"walk_has_target": "variable.attack_animation_tick == 0 && query.health > 25"},
						{"walk_craked": "variable.attack_animation_tick == 0 && query.health < 25"}
					],
					"blend_transition": 0.2
				},
				"offer_flower": {
					"animations": ["base_flower"],
					"transitions": [
						{"default": "v.offer_flower_tick <= 0.0"}
					],
					"blend_transition": 0.2
				}
			}
		},
		"controller.animation.iron_golem.facial": {
			"states": {
				"default": {
					"animations": ["base_face"],
					"transitions": [
						{"has_target_face": "query.has_target"},
						{"death_face": "!query.is_alive"}
					],
					"blend_transition": 0.25
				},
				"has_target_face": {
					"animations": ["has_target_face"],
					"transitions": [
						{"default": "!query.has_target"},
						{"death_face": "!query.is_alive"}
					],
					"blend_transition": 0.25
				},
				"death_face": {
					"animations": ["death_face"]
				}
			}
		},
		"controller.animation.iron_golem.damage": {
			"states": {
				"default": {
					"transitions": [
						{"dmg1": "query.health == 1 || query.health == 51"},
						{"dmg2": "query.health == 2 || query.health == 52"},
						{"dmg3": "query.health == 3 || query.health == 53"},
						{"dmg4": "query.health == 4 || query.health == 54"},
						{"dmg5": "query.health == 5 || query.health == 55"},
						{"dmg6": "query.health == 6 || query.health == 56"},
						{"dmg7": "query.health == 7 || query.health == 57"},
						{"dmg8": "query.health == 8 || query.health == 58"},
						{"dmg9": "query.health == 9 || query.health == 59"},
						{"dmg10": "query.health == 10 || query.health == 60"},
						{"dmg11": "query.health == 11 || query.health == 61"},
						{"dmg12": "query.health == 12 || query.health == 62"},
						{"dmg13": "query.health == 13 || query.health == 63"},
						{"dmg14": "query.health == 14 || query.health == 64"},
						{"dmg15": "query.health == 15 || query.health == 65"},
						{"dmg16": "query.health == 16 || query.health == 66"},
						{"dmg17": "query.health == 17 || query.health == 67"},
						{"dmg18": "query.health == 18 || query.health == 68"},
						{"dmg19": "query.health == 19 || query.health == 69"},
						{"dmg20": "query.health == 20 || query.health == 70"},
						{"dmg21": "query.health == 21 || query.health == 71"},
						{"dmg22": "query.health == 22 || query.health == 72"},
						{"dmg23": "query.health == 23 || query.health == 73"},
						{"dmg24": "query.health == 24 || query.health == 74"},
						{"dmg25": "query.health == 25 || query.health == 75"},
						{"dmg26": "query.health == 26 || query.health == 76"},
						{"dmg27": "query.health == 27 || query.health == 77"},
						{"dmg28": "query.health == 28 || query.health == 78"},
						{"dmg29": "query.health == 29 || query.health == 79"},
						{"dmg30": "query.health == 30 || query.health == 80"},
						{"dmg31": "query.health == 31 || query.health == 81"},
						{"dmg32": "query.health == 32 || query.health == 82"},
						{"dmg33": "query.health == 33 || query.health == 83"},
						{"dmg34": "query.health == 34 || query.health == 84"},
						{"dmg35": "query.health == 35 || query.health == 85"},
						{"dmg36": "query.health == 36 || query.health == 86"},
						{"dmg37": "query.health == 37 || query.health == 87"},
						{"dmg38": "query.health == 38 || query.health == 88"},
						{"dmg39": "query.health == 39 || query.health == 89"},
						{"dmg40": "query.health == 40 || query.health == 90"},
						{"dmg41": "query.health == 41 || query.health == 91"},
						{"dmg42": "query.health == 42 || query.health == 92"},
						{"dmg43": "query.health == 43 || query.health == 93"},
						{"dmg44": "query.health == 44 || query.health == 94"},
						{"dmg45": "query.health == 45 || query.health == 95"},
						{"dmg46": "query.health == 46 || query.health == 96"},
						{"dmg47": "query.health == 47 || query.health == 97"},
						{"dmg48": "query.health == 48 || query.health == 98"},
						{"dmg49": "query.health == 49 || query.health == 99"},
						{"dmg50": "query.health == 50"}
					]
				},
				"dmg1": {
					"animations": [
						{"hurt": "v.hurt_anim == 1"},
						{"hurt2": "v.hurt_anim == 2"}
					],
					"on_entry": ["v.hurt_anim = math.random_integer(1, 2);"],
					"transitions": [
						{"default": "query.health != 1 && query.health != 51"}
					]
				},
				"dmg2": {
					"animations": [
						{"hurt": "v.hurt_anim == 1"},
						{"hurt2": "v.hurt_anim == 2"}
					],
					"on_entry": ["v.hurt_anim = math.random_integer(1, 2);"],
					"transitions": [
						{"default": "query.health != 2 && query.health != 52"}
					]
				},
				"dmg3": {
					"animations": [
						{"hurt": "v.hurt_anim == 1"},
						{"hurt2": "v.hurt_anim == 2"}
					],
					"on_entry": ["v.hurt_anim = math.random_integer(1, 2);"],
					"transitions": [
						{"default": "query.health != 3 && query.health != 53"}
					]
				},
				"dmg4": {
					"animations": [
						{"hurt": "v.hurt_anim == 1"},
						{"hurt2": "v.hurt_anim == 2"}
					],
					"on_entry": ["v.hurt_anim = math.random_integer(1, 2);"],
					"transitions": [
						{"default": "query.health != 4 && query.health != 54"}
					]
				},
				"dmg5": {
					"animations": [
						{"hurt": "v.hurt_anim == 1"},
						{"hurt2": "v.hurt_anim == 2"}
					],
					"on_entry": ["v.hurt_anim = math.random_integer(1, 2);"],
					"transitions": [
						{"default": "query.health != 5 && query.health != 55"}
					]
				},
				"dmg6": {
					"animations": [
						{"hurt": "v.hurt_anim == 1"},
						{"hurt2": "v.hurt_anim == 2"}
					],
					"on_entry": ["v.hurt_anim = math.random_integer(1, 2);"],
					"transitions": [
						{"default": "query.health != 6 && query.health != 56"}
					]
				},
				"dmg7": {
					"animations": [
						{"hurt": "v.hurt_anim == 1"},
						{"hurt2": "v.hurt_anim == 2"}
					],
					"on_entry": ["v.hurt_anim = math.random_integer(1, 2);"],
					"transitions": [
						{"default": "query.health != 7 && query.health != 57"}
					]
				},
				"dmg8": {
					"animations": [
						{"hurt": "v.hurt_anim == 1"},
						{"hurt2": "v.hurt_anim == 2"}
					],
					"on_entry": ["v.hurt_anim = math.random_integer(1, 2);"],
					"transitions": [
						{"default": "query.health != 8 && query.health != 58"}
					]
				},
				"dmg9": {
					"animations": [
						{"hurt": "v.hurt_anim == 1"},
						{"hurt2": "v.hurt_anim == 2"}
					],
					"on_entry": ["v.hurt_anim = math.random_integer(1, 2);"],
					"transitions": [
						{"default": "query.health != 9 && query.health != 59"}
					]
				},
				"dmg10": {
					"animations": [
						{"hurt": "v.hurt_anim == 1"},
						{"hurt2": "v.hurt_anim == 2"}
					],
					"on_entry": ["v.hurt_anim = math.random_integer(1, 2);"],
					"transitions": [
						{"default": "query.health != 10 && query.health != 60"}
					]
				},
				"dmg11": {
					"animations": [
						{"hurt": "v.hurt_anim == 1"},
						{"hurt2": "v.hurt_anim == 2"}
					],
					"on_entry": ["v.hurt_anim = math.random_integer(1, 2);"],
					"transitions": [
						{"default": "query.health != 11 && query.health != 61"}
					]
				},
				"dmg12": {
					"animations": [
						{"hurt": "v.hurt_anim == 1"},
						{"hurt2": "v.hurt_anim == 2"}
					],
					"on_entry": ["v.hurt_anim = math.random_integer(1, 2);"],
					"transitions": [
						{"default": "query.health != 12 && query.health != 62"}
					]
				},
				"dmg13": {
					"animations": [
						{"hurt": "v.hurt_anim == 1"},
						{"hurt2": "v.hurt_anim == 2"}
					],
					"on_entry": ["v.hurt_anim = math.random_integer(1, 2);"],
					"transitions": [
						{"default": "query.health != 13 && query.health != 63"}
					]
				},
				"dmg14": {
					"animations": [
						{"hurt": "v.hurt_anim == 1"},
						{"hurt2": "v.hurt_anim == 2"}
					],
					"on_entry": ["v.hurt_anim = math.random_integer(1, 2);"],
					"transitions": [
						{"default": "query.health != 14 && query.health != 64"}
					]
				},
				"dmg15": {
					"animations": [
						{"hurt": "v.hurt_anim == 1"},
						{"hurt2": "v.hurt_anim == 2"}
					],
					"on_entry": ["v.hurt_anim = math.random_integer(1, 2);"],
					"transitions": [
						{"default": "query.health != 15 && query.health != 65"}
					]
				},
				"dmg16": {
					"animations": [
						{"hurt": "v.hurt_anim == 1"},
						{"hurt2": "v.hurt_anim == 2"}
					],
					"on_entry": ["v.hurt_anim = math.random_integer(1, 2);"],
					"transitions": [
						{"default": "query.health != 16 && query.health != 66"}
					]
				},
				"dmg17": {
					"animations": [
						{"hurt": "v.hurt_anim == 1"},
						{"hurt2": "v.hurt_anim == 2"}
					],
					"on_entry": ["v.hurt_anim = math.random_integer(1, 2);"],
					"transitions": [
						{"default": "query.health != 17 && query.health != 67"}
					]
				},
				"dmg18": {
					"animations": [
						{"hurt": "v.hurt_anim == 1"},
						{"hurt2": "v.hurt_anim == 2"}
					],
					"on_entry": ["v.hurt_anim = math.random_integer(1, 2);"],
					"transitions": [
						{"default": "query.health != 18 && query.health != 68"}
					]
				},
				"dmg19": {
					"animations": [
						{"hurt": "v.hurt_anim == 1"},
						{"hurt2": "v.hurt_anim == 2"}
					],
					"on_entry": ["v.hurt_anim = math.random_integer(1, 2);"],
					"transitions": [
						{"default": "query.health != 19 && query.health != 69"}
					]
				},
				"dmg20": {
					"animations": [
						{"hurt": "v.hurt_anim == 1"},
						{"hurt2": "v.hurt_anim == 2"}
					],
					"on_entry": ["v.hurt_anim = math.random_integer(1, 2);"],
					"transitions": [
						{"default": "query.health != 20 && query.health != 70"}
					]
				},
				"dmg21": {
					"animations": [
						{"hurt": "v.hurt_anim == 1"},
						{"hurt2": "v.hurt_anim == 2"}
					],
					"on_entry": ["v.hurt_anim = math.random_integer(1, 2);"],
					"transitions": [
						{"default": "query.health != 21 && query.health != 71"}
					]
				},
				"dmg22": {
					"animations": [
						{"hurt": "v.hurt_anim == 1"},
						{"hurt2": "v.hurt_anim == 2"}
					],
					"on_entry": ["v.hurt_anim = math.random_integer(1, 2);"],
					"transitions": [
						{"default": "query.health != 22 && query.health != 72"}
					]
				},
				"dmg23": {
					"animations": [
						{"hurt": "v.hurt_anim == 1"},
						{"hurt2": "v.hurt_anim == 2"}
					],
					"on_entry": ["v.hurt_anim = math.random_integer(1, 2);"],
					"transitions": [
						{"default": "query.health != 23 && query.health != 73"}
					]
				},
				"dmg24": {
					"animations": [
						{"hurt": "v.hurt_anim == 1"},
						{"hurt2": "v.hurt_anim == 2"}
					],
					"on_entry": ["v.hurt_anim = math.random_integer(1, 2);"],
					"transitions": [
						{"default": "query.health != 24 && query.health != 74"}
					]
				},
				"dmg25": {
					"animations": [
						{"hurt": "v.hurt_anim == 1"},
						{"hurt2": "v.hurt_anim == 2"}
					],
					"on_entry": ["v.hurt_anim = math.random_integer(1, 2);"],
					"transitions": [
						{"default": "query.health != 25 && query.health != 75"}
					]
				},
				"dmg26": {
					"animations": [
						{"hurt": "v.hurt_anim == 1"},
						{"hurt2": "v.hurt_anim == 2"}
					],
					"on_entry": ["v.hurt_anim = math.random_integer(1, 2);"],
					"transitions": [
						{"default": "query.health != 26 && query.health != 76"}
					]
				},
				"dmg27": {
					"animations": [
						{"hurt": "v.hurt_anim == 1"},
						{"hurt2": "v.hurt_anim == 2"}
					],
					"on_entry": ["v.hurt_anim = math.random_integer(1, 2);"],
					"transitions": [
						{"default": "query.health != 27 && query.health != 77"}
					]
				},
				"dmg28": {
					"animations": [
						{"hurt": "v.hurt_anim == 1"},
						{"hurt2": "v.hurt_anim == 2"}
					],
					"on_entry": ["v.hurt_anim = math.random_integer(1, 2);"],
					"transitions": [
						{"default": "query.health != 28 && query.health != 78"}
					]
				},
				"dmg29": {
					"animations": [
						{"hurt": "v.hurt_anim == 1"},
						{"hurt2": "v.hurt_anim == 2"}
					],
					"on_entry": ["v.hurt_anim = math.random_integer(1, 2);"],
					"transitions": [
						{"default": "query.health != 29 && query.health != 79"}
					]
				},
				"dmg30": {
					"animations": [
						{"hurt": "v.hurt_anim == 1"},
						{"hurt2": "v.hurt_anim == 2"}
					],
					"on_entry": ["v.hurt_anim = math.random_integer(1, 2);"],
					"transitions": [
						{"default": "query.health != 30 && query.health != 80"}
					]
				},
				"dmg31": {
					"animations": [
						{"hurt": "v.hurt_anim == 1"},
						{"hurt2": "v.hurt_anim == 2"}
					],
					"on_entry": ["v.hurt_anim = math.random_integer(1, 2);"],
					"transitions": [
						{"default": "query.health != 31 && query.health != 81"}
					]
				},
				"dmg32": {
					"animations": [
						{"hurt": "v.hurt_anim == 1"},
						{"hurt2": "v.hurt_anim == 2"}
					],
					"on_entry": ["v.hurt_anim = math.random_integer(1, 2);"],
					"transitions": [
						{"default": "query.health != 32 && query.health != 82"}
					]
				},
				"dmg33": {
					"animations": [
						{"hurt": "v.hurt_anim == 1"},
						{"hurt2": "v.hurt_anim == 2"}
					],
					"on_entry": ["v.hurt_anim = math.random_integer(1, 2);"],
					"transitions": [
						{"default": "query.health != 33 && query.health != 83"}
					]
				},
				"dmg34": {
					"animations": [
						{"hurt": "v.hurt_anim == 1"},
						{"hurt2": "v.hurt_anim == 2"}
					],
					"on_entry": ["v.hurt_anim = math.random_integer(1, 2);"],
					"transitions": [
						{"default": "query.health != 34 && query.health != 84"}
					]
				},
				"dmg35": {
					"animations": [
						{"hurt": "v.hurt_anim == 1"},
						{"hurt2": "v.hurt_anim == 2"}
					],
					"on_entry": ["v.hurt_anim = math.random_integer(1, 2);"],
					"transitions": [
						{"default": "query.health != 35 && query.health != 85"}
					]
				},
				"dmg36": {
					"animations": [
						{"hurt": "v.hurt_anim == 1"},
						{"hurt2": "v.hurt_anim == 2"}
					],
					"on_entry": ["v.hurt_anim = math.random_integer(1, 2);"],
					"transitions": [
						{"default": "query.health != 36 && query.health != 86"}
					]
				},
				"dmg37": {
					"animations": [
						{"hurt": "v.hurt_anim == 1"},
						{"hurt2": "v.hurt_anim == 2"}
					],
					"on_entry": ["v.hurt_anim = math.random_integer(1, 2);"],
					"transitions": [
						{"default": "query.health != 37 && query.health != 87"}
					]
				},
				"dmg38": {
					"animations": [
						{"hurt": "v.hurt_anim == 1"},
						{"hurt2": "v.hurt_anim == 2"}
					],
					"on_entry": ["v.hurt_anim = math.random_integer(1, 2);"],
					"transitions": [
						{"default": "query.health != 38 && query.health != 88"}
					]
				},
				"dmg39": {
					"animations": [
						{"hurt": "v.hurt_anim == 1"},
						{"hurt2": "v.hurt_anim == 2"}
					],
					"on_entry": ["v.hurt_anim = math.random_integer(1, 2);"],
					"transitions": [
						{"default": "query.health != 39 && query.health != 89"}
					]
				},
				"dmg40": {
					"animations": [
						{"hurt": "v.hurt_anim == 1"},
						{"hurt2": "v.hurt_anim == 2"}
					],
					"on_entry": ["v.hurt_anim = math.random_integer(1, 2);"],
					"transitions": [
						{"default": "query.health != 40 && query.health != 90"}
					]
				},
				"dmg41": {
					"animations": [
						{"hurt": "v.hurt_anim == 1"},
						{"hurt2": "v.hurt_anim == 2"}
					],
					"on_entry": ["v.hurt_anim = math.random_integer(1, 2);"],
					"transitions": [
						{"default": "query.health != 41 && query.health != 91"}
					]
				},
				"dmg42": {
					"animations": [
						{"hurt": "v.hurt_anim == 1"},
						{"hurt2": "v.hurt_anim == 2"}
					],
					"on_entry": ["v.hurt_anim = math.random_integer(1, 2);"],
					"transitions": [
						{"default": "query.health != 42 && query.health != 92"}
					]
				},
				"dmg43": {
					"animations": [
						{"hurt": "v.hurt_anim == 1"},
						{"hurt2": "v.hurt_anim == 2"}
					],
					"on_entry": ["v.hurt_anim = math.random_integer(1, 2);"],
					"transitions": [
						{"default": "query.health != 43 && query.health != 93"}
					]
				},
				"dmg44": {
					"animations": [
						{"hurt": "v.hurt_anim == 1"},
						{"hurt2": "v.hurt_anim == 2"}
					],
					"on_entry": ["v.hurt_anim = math.random_integer(1, 2);"],
					"transitions": [
						{"default": "query.health != 44 && query.health != 94"}
					]
				},
				"dmg45": {
					"animations": [
						{"hurt": "v.hurt_anim == 1"},
						{"hurt2": "v.hurt_anim == 2"}
					],
					"on_entry": ["v.hurt_anim = math.random_integer(1, 2);"],
					"transitions": [
						{"default": "query.health != 45 && query.health != 95"}
					]
				},
				"dmg46": {
					"animations": [
						{"hurt": "v.hurt_anim == 1"},
						{"hurt2": "v.hurt_anim == 2"}
					],
					"on_entry": ["v.hurt_anim = math.random_integer(1, 2);"],
					"transitions": [
						{"default": "query.health != 46 && query.health != 96"}
					]
				},
				"dmg47": {
					"animations": [
						{"hurt": "v.hurt_anim == 1"},
						{"hurt2": "v.hurt_anim == 2"}
					],
					"on_entry": ["v.hurt_anim = math.random_integer(1, 2);"],
					"transitions": [
						{"default": "query.health != 47 && query.health != 97"}
					]
				},
				"dmg48": {
					"animations": [
						{"hurt": "v.hurt_anim == 1"},
						{"hurt2": "v.hurt_anim == 2"}
					],
					"on_entry": ["v.hurt_anim = math.random_integer(1, 2);"],
					"transitions": [
						{"default": "query.health != 48 && query.health != 98"}
					]
				},
				"dmg49": {
					"animations": [
						{"hurt": "v.hurt_anim == 1"},
						{"hurt2": "v.hurt_anim == 2"}
					],
					"on_entry": ["v.hurt_anim = math.random_integer(1, 2);"],
					"transitions": [
						{"default": "query.health != 49 && query.health != 99"}
					]
				},
				"dmg50": {
					"animations": [
						{"hurt": "v.hurt_anim == 1"},
						{"hurt2": "v.hurt_anim == 2"}
					],
					"on_entry": ["v.hurt_anim = math.random_integer(1, 2);"],
					"transitions": [
						{"default": "query.health != 50"}
					]
				}
			}
		},
		"controller.animation.iron_golem.look_target": {
			"states": {
				"default": {
					"transitions": [
						{"look": "query.is_alive"}
					]
				},
				"look": {
					"animations": ["looking"],
					"transitions": [
						{"default": "!query.is_alive"}
					]
				}
			}
		}
	}
}