{
	"format_version": "1.19.0",
	"animation_controllers": {
		"controller.animation.pig.v1.8.general": {
			"states": {
				"default": {
					"animations": ["base"],
					"transitions": [
						{"base": "query.ground_speed < 0.3"},
						{"walk": "query.ground_speed > 0.3"},
						{"swim": "query.is_in_water"},
						{"ride": "query.is_riding"}
					],
					"blend_transition": 0.2
				},
				"base": {
					"animations": ["base"],
					"transitions": [
						{"walk": "query.ground_speed > 0.3"},
						{"swim": "query.is_in_water"},
						{"ride": "query.is_riding"}
					],
					"blend_transition": 0.2
				},
				"walk": {
					"animations": ["walking"],
					"transitions": [
						{"base": "query.ground_speed < 0.3"},
						{"swim": "query.is_in_water"},
						{"ride": "query.is_riding"}
					],
					"blend_transition": 0.2
				},
				"swim": {
					"animations": ["swimming"],
					"transitions": [
						{"default": "!query.is_in_water && query.is_on_ground"},
						{"ride": "query.is_riding"}
					],
					"blend_transition": 0.2
				},
				"ride": {
					"animations": ["base"],
					"transitions": [
						{"default": "!query.is_riding"},
						{"swim": "query.is_in_water && !query.is_riding"}
					],
					"blend_transition": 0.2
				}
			}
		},
		"controller.animation.pig.v1.8.facial": {
			"states": {
				"default": {
					"animations": ["base_face"],
					"transitions": [
						{"death_face": "!query.is_alive"}
					],
					"blend_transition": 0.25
				},
				"death_face": {
					"animations": ["death_face"]
				}
			}
		},
		"controller.animation.pig.v1.8.baby_pig": {
			"states": {
				"default": {
					"animations": [
						{"baby": "query.is_baby"}
					]
				}
			}
		},
		"controller.animation.pig.v1.8.damage": {
			"states": {
				"default": {
					"transitions": [
						{"dmg1": "query.health == 9"},
						{"dmg2": "query.health == 8"},
						{"dmg3": "query.health == 7"},
						{"dmg4": "query.health == 6"},
						{"dmg5": "query.health == 5"},
						{"dmg6": "query.health == 4"},
						{"dmg7": "query.health == 3"},
						{"dmg8": "query.health == 2"},
						{"dmg9": "query.health == 1"}
					]
				},
				"dmg1": {
					"animations": ["hurt"],
					"transitions": [
						{"default": "query.health != 9"}
					]
				},
				"dmg2": {
					"animations": ["hurt"],
					"transitions": [
						{"default": "query.health != 8"}
					]
				},
				"dmg3": {
					"animations": ["hurt"],
					"transitions": [
						{"default": "query.health != 7"}
					]
				},
				"dmg4": {
					"animations": ["hurt"],
					"transitions": [
						{"default": "query.health != 6"}
					]
				},
				"dmg5": {
					"animations": ["hurt"],
					"transitions": [
						{"default": "query.health != 5"}
					]
				},
				"dmg6": {
					"animations": ["hurt"],
					"transitions": [
						{"default": "query.health != 4"}
					]
				},
				"dmg7": {
					"animations": ["hurt"],
					"transitions": [
						{"default": "query.health != 3"}
					]
				},
				"dmg8": {
					"animations": ["hurt"],
					"transitions": [
						{"default": "query.health != 2"}
					]
				},
				"dmg9": {
					"animations": ["hurt"],
					"transitions": [
						{"default": "query.health != 1"}
					]
				}
			}
		},
		"controller.animation.pig.v1.8.look_target": {
			"states": {
				"default": {
					"transitions": [
						{"look": "query.is_alive && !query.is_sleeping"}
					]
				},
				"look": {
					"animations": ["looking"],
					"transitions": [
						{"default": "!query.is_alive || query.is_sleeping"}
					]
				}
			}
		}
	}
}