{
	"format_version": "1.19.0",
	"animation_controllers": {
		"controller.animation.spider.v1.8.general": {
			"states": {
				"default": {
					"animations": ["base"],
					"transitions": [
						{"base": "query.ground_speed < 0.3"},
						{"walk": "query.ground_speed > 0.3\n"},
						{"ride": "query.is_riding"}
					],
					"blend_transition": 0.2
				},
				"base": {
					"animations": ["base"],
					"transitions": [
						{"walk": "query.ground_speed > 0.3"},
						{"pre_attack": "variable.attack_time"},
						{"swim": "query.is_in_water"},
						{"ride": "query.is_riding"}
					],
					"blend_transition": 0.2
				},
				"walk": {
					"animations": ["walking", "fangs_walk", "walking_legs"],
					"transitions": [
						{"base": "query.ground_speed < 0.3"},
						{"pre_attack": "variable.attack_time"},
						{"swim": "query.is_in_water"},
						{"ride": "query.is_riding"}
					],
					"blend_transition": 0.2
				},
				"pre_attack": {
					"transitions": [
						{"attack": "query.is_alive"}
					],
					"blend_via_shortest_path": true
				},
				"attack": {
					"animations": ["attack_time", "attack_walk"],
					"transitions": [
						{"default": "variable.attack_time == 0"}
					],
					"blend_transition": 0.2
				},
				"swim": {
					"animations": ["swimming", "fangs_walk"],
					"transitions": [
						{"default": "!query.is_in_water && query.is_on_ground"},
						{"ride": "query.is_riding"}
					],
					"blend_transition": 0.2
				},
				"ride": {
					"animations": ["base"],
					"transitions": [
						{"default": "!query.is_riding"}
					],
					"blend_transition": 0.2
				}
			}
		},
		"controller.animation.spider.v1.8.look_target": {
			"states": {
				"default": {
					"transitions": [
						{"look": "query.is_alive"}
					]
				},
				"look": {
					"animations": ["looking"],
					"transitions": [
						{"default": "!query.is_alive"}
					]
				}
			}
		},
		"controller.animation.spider.v1.8.damage": {
			"states": {
				"default": {
					"transitions": [
						{"dmg1": "query.health == 15"},
						{"dmg2": "query.health == 14"},
						{"dmg3": "query.health == 13"},
						{"dmg4": "query.health == 12"},
						{"dmg5": "query.health == 11"},
						{"dmg6": "query.health == 10"},
						{"dmg7": "query.health == 9"},
						{"dmg8": "query.health == 8"},
						{"dmg9": "query.health == 7"},
						{"dmg10": "query.health == 6"},
						{"dmg11": "query.health == 5"},
						{"dmg12": "query.health == 4"},
						{"dmg13": "query.health == 3"},
						{"dmg14": "query.health == 2"},
						{"dmg15": "query.health == 1"}
					]
				},
				"dmg1": {
					"animations": ["hurt"],
					"transitions": [
						{"default": "query.health != 15"}
					]
				},
				"dmg2": {
					"animations": ["hurt"],
					"transitions": [
						{"default": "query.health != 14"}
					]
				},
				"dmg3": {
					"animations": ["hurt"],
					"transitions": [
						{"default": "query.health != 13"}
					]
				},
				"dmg4": {
					"animations": ["hurt"],
					"transitions": [
						{"default": "query.health != 12"}
					]
				},
				"dmg5": {
					"animations": ["hurt"],
					"transitions": [
						{"default": "query.health != 11"}
					]
				},
				"dmg6": {
					"animations": ["hurt"],
					"transitions": [
						{"default": "query.health != 10"}
					]
				},
				"dmg7": {
					"animations": ["hurt"],
					"transitions": [
						{"default": "query.health != 9"}
					]
				},
				"dmg8": {
					"animations": ["hurt"],
					"transitions": [
						{"default": "query.health != 8"}
					]
				},
				"dmg9": {
					"animations": ["hurt"],
					"transitions": [
						{"default": "query.health != 7"}
					]
				},
				"dmg10": {
					"animations": ["hurt"],
					"transitions": [
						{"default": "query.health != 6"}
					]
				},
				"dmg11": {
					"animations": ["hurt"],
					"transitions": [
						{"default": "query.health != 5"}
					]
				},
				"dmg12": {
					"animations": ["hurt"],
					"transitions": [
						{"default": "query.health != 4"}
					]
				},
				"dmg13": {
					"animations": ["hurt"],
					"transitions": [
						{"default": "query.health != 3"}
					]
				},
				"dmg14": {
					"animations": ["hurt"],
					"transitions": [
						{"default": "query.health != 2"}
					]
				},
				"dmg15": {
					"animations": ["hurt"],
					"transitions": [
						{"default": "query.health != 1"}
					]
				}
			}
		}
	}
}